[debug] [2026-08-30T04:08:16.579Z] ----------------------------------------------------------------------
[debug] [2026-08-30T04:08:16.580Z] Command:       /opt/homebrew/Cellar/node/25.3.0/bin/node /Users/samahiththellakal/.npm/_npx/e05a72ff2428b88b/node_modules/.bin/firebase emulators:start --only auth,firestore,storage --project demo-cadence
[debug] [2026-08-30T04:08:16.580Z] CLI Version:   14.27.0
[debug] [2026-08-30T04:08:16.580Z] Platform:      darwin
[debug] [2026-08-30T04:08:16.580Z] Node Version:  v25.3.0
[debug] [2026-08-30T04:08:16.580Z] Time:          Sat Aug 29 2026 21:08:16 GMT-0700 (Pacific Daylight Time)
[debug] [2026-08-30T04:08:16.580Z] ----------------------------------------------------------------------
[debug] 
[debug] [2026-08-30T04:08:16.783Z] java version "21" 2023-09-19 LTS
Java(TM) SE Runtime Environment (build 21+35-LTS-2513)

[debug] [2026-08-30T04:08:16.784Z] Java HotSpot(TM) 64-Bit Server VM (build 21+35-LTS-2513, mixed mode, sharing)

[debug] [2026-08-30T04:08:16.786Z] Parsed Java major version: 21
[info] i  emulators: Starting emulators: auth, firestore, storage {"metadata":{"emulator":{"name":"hub"},"message":"Starting emulators: auth, firestore, storage"}}
[info] i  emulators: Detected demo project ID "demo-cadence", emulated services will use a demo configuration and attempts to access non-emulated services for this project will fail. {"metadata":{"emulator":{"name":"hub"},"message":"Detected demo project ID \"demo-cadence\", emulated services will use a demo configuration and attempts to access non-emulated services for this project will fail."}}
[debug] [2026-08-30T04:08:17.023Z] [logging] Logging Emulator only supports listening on one address (127.0.0.1). Not listening on ::1
[debug] [2026-08-30T04:08:17.023Z] [auth] Authentication Emulator only supports listening on one address (127.0.0.1). Not listening on ::1
[debug] [2026-08-30T04:08:17.023Z] [firestore] Firestore Emulator only supports listening on one address (127.0.0.1). Not listening on ::1
[debug] [2026-08-30T04:08:17.023Z] [firestore.websocket] websocket server for firestore only supports listening on one address (127.0.0.1). Not listening on ::1
[debug] [2026-08-30T04:08:17.023Z] [storage] Storage Emulator only supports listening on one address (127.0.0.1). Not listening on ::1
[debug] [2026-08-30T04:08:17.023Z] assigned listening specs for emulators {"user":{"hub":[{"address":"127.0.0.1","family":"IPv4","port":4400},{"address":"::1","family":"IPv6","port":4400}],"logging":[{"address":"127.0.0.1","family":"IPv4","port":4500}],"auth":[{"address":"127.0.0.1","family":"IPv4","port":9099}],"firestore":[{"address":"127.0.0.1","family":"IPv4","port":8080}],"firestore.websocket":[{"address":"127.0.0.1","family":"IPv4","port":9150}],"storage":[{"address":"127.0.0.1","family":"IPv4","port":9199}]},"metadata":{"message":"assigned listening specs for emulators"}}
[debug] [2026-08-30T04:08:17.025Z] Emulator locator file path: /var/folders/cl/x4yp94rj4bj3h4tbhmcbjm1w0000gn/T/hub-demo-cadence.json
[debug] [2026-08-30T04:08:17.025Z] [hub] writing locator at /var/folders/cl/x4yp94rj4bj3h4tbhmcbjm1w0000gn/T/hub-demo-cadence.json
[debug] [2026-08-30T04:08:17.028Z] Ignoring unsupported arg: auto_download {"metadata":{"emulator":{"name":"firestore"},"message":"Ignoring unsupported arg: auto_download"}}
[debug] [2026-08-30T04:08:17.028Z] Ignoring unsupported arg: single_project_mode_error {"metadata":{"emulator":{"name":"firestore"},"message":"Ignoring unsupported arg: single_project_mode_error"}}
[debug] [2026-08-30T04:08:17.028Z] Starting Firestore Emulator with command {"binary":"java","args":["-Dgoogle.cloud_firestore.debug_log_level=FINE","-Duser.language=en","-jar","/Users/samahiththellakal/.cache/firebase/emulators/cloud-firestore-emulator-v1.19.8.jar","--host","127.0.0.1","--port",8080,"--websocket_port",9150,"--project_id","demo-cadence","--rules","/Users/samahiththellakal/cadence/cadence/cloud/firestore.rules","--single_project_mode",true],"optionalArgs":["port","webchannel_port","host","rules","websocket_port","functions_emulator","seed_from_export","project_id","single_project_mode"],"joinArgs":false,"shell":false,"port":8080} {"metadata":{"emulator":{"name":"firestore"},"message":"Starting Firestore Emulator with command {\"binary\":\"java\",\"args\":[\"-Dgoogle.cloud_firestore.debug_log_level=FINE\",\"-Duser.language=en\",\"-jar\",\"/Users/samahiththellakal/.cache/firebase/emulators/cloud-firestore-emulator-v1.19.8.jar\",\"--host\",\"127.0.0.1\",\"--port\",8080,\"--websocket_port\",9150,\"--project_id\",\"demo-cadence\",\"--rules\",\"/Users/samahiththellakal/cadence/cadence/cloud/firestore.rules\",\"--single_project_mode\",true],\"optionalArgs\":[\"port\",\"webchannel_port\",\"host\",\"rules\",\"websocket_port\",\"functions_emulator\",\"seed_from_export\",\"project_id\",\"single_project_mode\"],\"joinArgs\":false,\"shell\":false,\"port\":8080}"}}
[info] i  firestore: Firestore Emulator logging to firestore-debug.log {"metadata":{"emulator":{"name":"firestore"},"message":"Firestore Emulator logging to firestore-debug.log"}}
[debug] [2026-08-30T04:08:17.695Z] Aug 29, 2026 9:08:17 PM com.google.cloud.datastore.emulator.firestore.websocket.WebSocketServer start
INFO: Started WebSocket server on ws://127.0.0.1:9150
 {"metadata":{"emulator":{"name":"firestore"},"message":"Aug 29, 2026 9:08:17 PM com.google.cloud.datastore.emulator.firestore.websocket.WebSocketServer start\nINFO: Started WebSocket server on ws://127.0.0.1:9150\n"}}
[debug] [2026-08-30T04:08:17.708Z] API endpoint: http:// {"metadata":{"emulator":{"name":"firestore"},"message":"API endpoint: http://"}}
[debug] [2026-08-30T04:08:17.708Z] 127.0.0.1:8080
If you are using a library that supports the FIRESTORE_EMULATOR_HOST environment variable, run:

   export FIRESTORE_EMULATOR_HOST=127.0.0.1:8080

If you are running a Firestore in Datastore Mode project, run:

   export DATASTORE_EMULATOR_HOST=127.0.0.1:8080

Note: Support for Datastore Mode is in preview. If you encounter any bugs please file at https://github.com/firebase/firebase-tools/issues.
Dev App Server is now running.

 {"metadata":{"emulator":{"name":"firestore"},"message":"127.0.0.1:8080\nIf you are using a library that supports the FIRESTORE_EMULATOR_HOST environment variable, run:\n\n   export FIRESTORE_EMULATOR_HOST=127.0.0.1:8080\n\nIf you are running a Firestore in Datastore Mode project, run:\n\n   export DATASTORE_EMULATOR_HOST=127.0.0.1:8080\n\nNote: Support for Datastore Mode is in preview. If you encounter any bugs please file at https://github.com/firebase/firebase-tools/issues.\nDev App Server is now running.\n\n"}}
[info] ✔  firestore: Firestore Emulator UI websocket is running on 9150. {"metadata":{"emulator":{"name":"firestore"},"message":"Firestore Emulator UI websocket is running on 9150."}}
[debug] [2026-08-30T04:08:20.520Z] Ignoring unsupported arg: port {"metadata":{"emulator":{"name":"storage"},"message":"Ignoring unsupported arg: port"}}
[debug] [2026-08-30T04:08:20.976Z] Temp file directory for storage emulator: /var/folders/cl/x4yp94rj4bj3h4tbhmcbjm1w0000gn/T/firebase/storage/blobs {"metadata":{"emulator":{"name":"storage"},"message":"Temp file directory for storage emulator: /var/folders/cl/x4yp94rj4bj3h4tbhmcbjm1w0000gn/T/firebase/storage/blobs"}}
[warn] ⚠  emulators: The Emulator UI is not starting because none of the running emulators have a UI component. {"metadata":{"emulator":{"name":"hub"},"message":"The Emulator UI is not starting because none of the running emulators have a UI component."}}
[debug] [2026-08-30T04:08:20.982Z] Could not find VSCode notification endpoint: FetchError: request to http://localhost:40001/vscode/notify failed, reason: . If you are not running the Firebase Data Connect VSCode extension, this is expected and not an issue.
[info] 
┌─────────────────────────────────────────────────────────────┐
│ ✔  All emulators ready! It is now safe to connect your app. │
└─────────────────────────────────────────────────────────────┘

┌────────────────┬────────────────┐
│ Emulator       │ Host:Port      │
├────────────────┼────────────────┤
│ Authentication │ 127.0.0.1:9099 │
├────────────────┼────────────────┤
│ Firestore      │ 127.0.0.1:8080 │
├────────────────┼────────────────┤
│ Storage        │ 127.0.0.1:9199 │
└────────────────┴────────────────┘
  Emulator Hub host: 127.0.0.1 port: 4400
  Other reserved ports: 4500, 9150

Issues? Report them at https://github.com/firebase/firebase-tools/issues and attach the *-debug.log files.
 
[debug] [2026-08-30T04:08:22.022Z] Aug 29, 2026 9:08:22 PM io.gapi.emulators.netty.HttpVersionRoutingHandler channelRead
INFO: Detected non-HTTP/2 connection.
 {"metadata":{"emulator":{"name":"firestore"},"message":"Aug 29, 2026 9:08:22 PM io.gapi.emulators.netty.HttpVersionRoutingHandler channelRead\nINFO: Detected non-HTTP/2 connection.\n"}}
[debug] [2026-08-30T04:08:22.090Z] Aug 29, 2026 9:08:22 PM io.gapi.emulators.netty.HttpVersionRoutingHandler channelRead
INFO: Detected HTTP/2 connection.
 {"metadata":{"emulator":{"name":"firestore"},"message":"Aug 29, 2026 9:08:22 PM io.gapi.emulators.netty.HttpVersionRoutingHandler channelRead\nINFO: Detected HTTP/2 connection.\n"}}
[debug] [2026-08-30T04:08:22.720Z] Aug 29, 2026 9:08:22 PM com.google.cloud.datastore.emulator.impl.util.WrappedStreamObserver onError
WARNING: Operation failed: Document (projects/demo-cadence/databases/(default)/documents/users/wsKX0PqWFFo1tSxr8woypyxWRn7K) not found.
com.google.cloud.datastore.core.exception.DatastoreException: Document (projects/demo-cadence/databases/(default)/documents/users/wsKX0PqWFFo1tSxr8woypyxWRn7K) not found.
	at com.google.cloud.datastore.emulator.impl.firestore.CloudFirestoreV1.getDocument(CloudFirestoreV1.java:335)
	at com.google.cloud.datastore.emulator.impl.firestore.CloudFirestoreV1Router.getDocument(CloudFirestoreV1Router.java:129)
	at com.google.cloud.datastore.emulator.impl.firestore.CloudFirestoreV1Router.getOrListDocuments(CloudFirestoreV1Router.java:123)
	at com.google.cloud.datastore.emulator.firestore.v1.FirestoreV1GrpcAdapter$1.lambda$getOrListDocuments$0(FirestoreV1GrpcAdapter.java:108)
	at com.google.cloud.datastore.emulator.firestore.v1.FirestoreV1GrpcAdapter.unary(FirestoreV1GrpcAdapter.java:72)
	at com.google.cloud.datastore.emulator.firestore.v1.FirestoreV1GrpcAdapter$1.getOrListDocuments(FirestoreV1GrpcAdapter.java:108)
	at com.google.firestore.v1.FirestoreGrpc$MethodHandlers.invoke(FirestoreGrpc.java:1206)
	at io.grpc.stub.ServerCalls$UnaryServerCallHandler$UnaryServerCallListener.onHalfClose(ServerCalls.java:182)
	at io.grpc.PartialForwardingServerCallListener.onHalfClose(PartialForwardingServerCallListener.java:35)
	at io.grpc.ForwardingServerCallListener.onHalfClose(ForwardingServerCallListener.java:23)
	at io.grpc.ForwardingServerCallListener$SimpleForwardingServerCallListener.onHalfClose(ForwardingServerCallListener.java:40)
	at io.grpc.Contexts$ContextualizedServerCallListener.onHalfClose(Contexts.java:86)
	at io.grpc.PartialForwardingServerCallListener.onHalfClose(PartialForwardingServerCallListener.java:35)
	at io.grpc.ForwardingServerCallListener.onHalfClose(ForwardingServerCallListener.java:23)
	at io.grpc.ForwardingServerCallListener$SimpleForwardingServerCallListener.onHalfClose(ForwardingServerCallListener.java:40)
	at io.grpc.Contexts$ContextualizedServerCallListener.onHalfClose(Contexts.java:86)
	at io.grpc.internal.ServerCallImpl$ServerStreamListenerImpl.halfClosed(ServerCallImpl.java:356)
	at io.grpc.internal.ServerImpl$JumpToApplicationThreadServerStreamListener$1HalfClosed.runInContext(ServerImpl.java:861)
	at io.grpc.internal.ContextRunnable.run(ContextRunnable.java:37)
	at io.grpc.internal.SerializingExecutor.run(SerializingExecutor.java:133)
	at java.base/java.util.concurrent.ThreadPoolExecutor.runWorker(ThreadPoolExecutor.java:1144)
	at java.base/java.util.concurrent.ThreadPoolExecutor$Worker.run(ThreadPoolExecutor.java:642)
	at java.base/java.lang.Thread.run(Thread.java:1583)

 {"metadata":{"emulator":{"name":"firestore"},"message":"Aug 29, 2026 9:08:22 PM com.google.cloud.datastore.emulator.impl.util.WrappedStreamObserver onError\nWARNING: Operation failed: Document (projects/demo-cadence/databases/(default)/documents/users/wsKX0PqWFFo1tSxr8woypyxWRn7K) not found.\ncom.google.cloud.datastore.core.exception.DatastoreException: Document (projects/demo-cadence/databases/(default)/documents/users/wsKX0PqWFFo1tSxr8woypyxWRn7K) not found.\n\tat com.google.cloud.datastore.emulator.impl.firestore.CloudFirestoreV1.getDocument(CloudFirestoreV1.java:335)\n\tat com.google.cloud.datastore.emulator.impl.firestore.CloudFirestoreV1Router.getDocument(CloudFirestoreV1Router.java:129)\n\tat com.google.cloud.datastore.emulator.impl.firestore.CloudFirestoreV1Router.getOrListDocuments(CloudFirestoreV1Router.java:123)\n\tat com.google.cloud.datastore.emulator.firestore.v1.FirestoreV1GrpcAdapter$1.lambda$getOrListDocuments$0(FirestoreV1GrpcAdapter.java:108)\n\tat com.google.cloud.datastore.emulator.firestore.v1.FirestoreV1GrpcAdapter.unary(FirestoreV1GrpcAdapter.java:72)\n\tat com.google.cloud.datastore.emulator.firestore.v1.FirestoreV1GrpcAdapter$1.getOrListDocuments(FirestoreV1GrpcAdapter.java:108)\n\tat com.google.firestore.v1.FirestoreGrpc$MethodHandlers.invoke(FirestoreGrpc.java:1206)\n\tat io.grpc.stub.ServerCalls$UnaryServerCallHandler$UnaryServerCallListener.onHalfClose(ServerCalls.java:182)\n\tat io.grpc.PartialForwardingServerCallListener.onHalfClose(PartialForwardingServerCallListener.java:35)\n\tat io.grpc.ForwardingServerCallListener.onHalfClose(ForwardingServerCallListener.java:23)\n\tat io.grpc.ForwardingServerCallListener$SimpleForwardingServerCallListener.onHalfClose(ForwardingServerCallListener.java:40)\n\tat io.grpc.Contexts$ContextualizedServerCallListener.onHalfClose(Contexts.java:86)\n\tat io.grpc.PartialForwardingServerCallListener.onHalfClose(PartialForwardingServerCallListener.java:35)\n\tat io.grpc.ForwardingServerCallListener.onHalfClose(ForwardingServerCallListener.java:23)\n\tat io.grpc.ForwardingServerCallListener$SimpleForwardingServerCallListener.onHalfClose(ForwardingServerCallListener.java:40)\n\tat io.grpc.Contexts$ContextualizedServerCallListener.onHalfClose(Contexts.java:86)\n\tat io.grpc.internal.ServerCallImpl$ServerStreamListenerImpl.halfClosed(ServerCallImpl.java:356)\n\tat io.grpc.internal.ServerImpl$JumpToApplicationThreadServerStreamListener$1HalfClosed.runInContext(ServerImpl.java:861)\n\tat io.grpc.internal.ContextRunnable.run(ContextRunnable.java:37)\n\tat io.grpc.internal.SerializingExecutor.run(SerializingExecutor.java:133)\n\tat java.base/java.util.concurrent.ThreadPoolExecutor.runWorker(ThreadPoolExecutor.java:1144)\n\tat java.base/java.util.concurrent.ThreadPoolExecutor$Worker.run(ThreadPoolExecutor.java:642)\n\tat java.base/java.lang.Thread.run(Thread.java:1583)\n\n"}}
[debug] [2026-08-30T04:08:22.724Z] Aug 29, 2026 9:08:22 PM io.gapi.emulators.netty.HttpHandler$1 onError
INFO: Exception when handling request: NOT_FOUND: Document (projects/demo-cadence/databases/(default)/documents/users/wsKX0PqWFFo1tSxr8woypyxWRn7K) not found.
 {"metadata":{"emulator":{"name":"firestore"},"message":"Aug 29, 2026 9:08:22 PM io.gapi.emulators.netty.HttpHandler$1 onError\nINFO: Exception when handling request: NOT_FOUND: Document (projects/demo-cadence/databases/(default)/documents/users/wsKX0PqWFFo1tSxr8woypyxWRn7K) not found.\n"}}
[debug] [2026-08-30T04:08:22.729Z] Aug 29, 2026 9:08:22 PM io.gapi.emulators.netty.HttpVersionRoutingHandler channelRead
INFO: Detected non-HTTP/2 connection.
 {"metadata":{"emulator":{"name":"firestore"},"message":"Aug 29, 2026 9:08:22 PM io.gapi.emulators.netty.HttpVersionRoutingHandler channelRead\nINFO: Detected non-HTTP/2 connection.\n"}}
[debug] [2026-08-30T04:08:22.804Z] Aug 29, 2026 9:08:22 PM com.google.cloud.datastore.emulator.impl.util.WrappedStreamObserver onError
WARNING: Operation failed: Document (projects/demo-cadence/databases/(default)/documents/users/sNQqBc1O2fAjoF6TxlRWYBEhAw8w) not found.
com.google.cloud.datastore.core.exception.DatastoreException: Document (projects/demo-cadence/databases/(default)/documents/users/sNQqBc1O2fAjoF6TxlRWYBEhAw8w) not found.
	at com.google.cloud.datastore.emulator.impl.firestore.CloudFirestoreV1.getDocument(CloudFirestoreV1.java:335)
	at com.google.cloud.datastore.emulator.impl.firestore.CloudFirestoreV1Router.getDocument(CloudFirestoreV1Router.java:129)
	at com.google.cloud.datastore.emulator.impl.firestore.CloudFirestoreV1Router.getOrListDocuments(CloudFirestoreV1Router.java:123)
	at com.google.cloud.datastore.emulator.firestore.v1.FirestoreV1GrpcAdapter$1.lambda$getOrListDocuments$0(FirestoreV1GrpcAdapter.java:108)
	at com.google.cloud.datastore.emulator.firestore.v1.FirestoreV1GrpcAdapter.unary(FirestoreV1GrpcAdapter.java:72)
	at com.google.cloud.datastore.emulator.firestore.v1.FirestoreV1GrpcAdapter$1.getOrListDocuments(FirestoreV1GrpcAdapter.java:108)
	at com.google.firestore.v1.FirestoreGrpc$MethodHandlers.invoke(FirestoreGrpc.java:1206)
	at io.grpc.stub.ServerCalls$UnaryServerCallHandler$UnaryServerCallListener.onHalfClose(ServerCalls.java:182)
	at io.grpc.PartialForwardingServerCallListener.onHalfClose(PartialForwardingServerCallListener.java:35)
	at io.grpc.ForwardingServerCallListener.onHalfClose(ForwardingServerCallListener.java:23)
	at io.grpc.ForwardingServerCallListener$SimpleForwardingServerCallListener.onHalfClose(ForwardingServerCallListener.java:40)
	at io.grpc.Contexts$ContextualizedServerCallListener.onHalfClose(Contexts.java:86)
	at io.grpc.PartialForwardingServerCallListener.onHalfClose(PartialForwardingServerCallListener.java:35)
	at io.grpc.ForwardingServerCallListener.onHalfClose(ForwardingServerCallListener.java:23)
	at io.grpc.ForwardingServerCallListener$SimpleForwardingServerCallListener.onHalfClose(ForwardingServerCallListener.java:40)
	at io.grpc.Contexts$ContextualizedServerCallListener.onHalfClose(Contexts.java:86)
	at io.grpc.internal.ServerCallImpl$ServerStreamListenerImpl.halfClosed(ServerCallImpl.java:356)
	at io.grpc.internal.ServerImpl$JumpToApplicationThreadServerStreamListener$1HalfClosed.runInContext(ServerImpl.java:861)
	at io.grpc.internal.ContextRunnable.run(ContextRunnable.java:37)
	at io.grpc.internal.SerializingExecutor.run(SerializingExecutor.java:133)
	at java.base/java.util.concurrent.ThreadPoolExecutor.runWorker(ThreadPoolExecutor.java:1144)
	at java.base/java.util.concurrent.ThreadPoolExecutor$Worker.run(ThreadPoolExecutor.java:642)
	at java.base/java.lang.Thread.run(Thread.java:1583)

 {"metadata":{"emulator":{"name":"firestore"},"message":"Aug 29, 2026 9:08:22 PM com.google.cloud.datastore.emulator.impl.util.WrappedStreamObserver onError\nWARNING: Operation failed: Document (projects/demo-cadence/databases/(default)/documents/users/sNQqBc1O2fAjoF6TxlRWYBEhAw8w) not found.\ncom.google.cloud.datastore.core.exception.DatastoreException: Document (projects/demo-cadence/databases/(default)/documents/users/sNQqBc1O2fAjoF6TxlRWYBEhAw8w) not found.\n\tat com.google.cloud.datastore.emulator.impl.firestore.CloudFirestoreV1.getDocument(CloudFirestoreV1.java:335)\n\tat com.google.cloud.datastore.emulator.impl.firestore.CloudFirestoreV1Router.getDocument(CloudFirestoreV1Router.java:129)\n\tat com.google.cloud.datastore.emulator.impl.firestore.CloudFirestoreV1Router.getOrListDocuments(CloudFirestoreV1Router.java:123)\n\tat com.google.cloud.datastore.emulator.firestore.v1.FirestoreV1GrpcAdapter$1.lambda$getOrListDocuments$0(FirestoreV1GrpcAdapter.java:108)\n\tat com.google.cloud.datastore.emulator.firestore.v1.FirestoreV1GrpcAdapter.unary(FirestoreV1GrpcAdapter.java:72)\n\tat com.google.cloud.datastore.emulator.firestore.v1.FirestoreV1GrpcAdapter$1.getOrListDocuments(FirestoreV1GrpcAdapter.java:108)\n\tat com.google.firestore.v1.FirestoreGrpc$MethodHandlers.invoke(FirestoreGrpc.java:1206)\n\tat io.grpc.stub.ServerCalls$UnaryServerCallHandler$UnaryServerCallListener.onHalfClose(ServerCalls.java:182)\n\tat io.grpc.PartialForwardingServerCallListener.onHalfClose(PartialForwardingServerCallListener.java:35)\n\tat io.grpc.ForwardingServerCallListener.onHalfClose(ForwardingServerCallListener.java:23)\n\tat io.grpc.ForwardingServerCallListener$SimpleForwardingServerCallListener.onHalfClose(ForwardingServerCallListener.java:40)\n\tat io.grpc.Contexts$ContextualizedServerCallListener.onHalfClose(Contexts.java:86)\n\tat io.grpc.PartialForwardingServerCallListener.onHalfClose(PartialForwardingServerCallListener.java:35)\n\tat io.grpc.ForwardingServerCallListener.onHalfClose(ForwardingServerCallListener.java:23)\n\tat io.grpc.ForwardingServerCallListener$SimpleForwardingServerCallListener.onHalfClose(ForwardingServerCallListener.java:40)\n\tat io.grpc.Contexts$ContextualizedServerCallListener.onHalfClose(Contexts.java:86)\n\tat io.grpc.internal.ServerCallImpl$ServerStreamListenerImpl.halfClosed(ServerCallImpl.java:356)\n\tat io.grpc.internal.ServerImpl$JumpToApplicationThreadServerStreamListener$1HalfClosed.runInContext(ServerImpl.java:861)\n\tat io.grpc.internal.ContextRunnable.run(ContextRunnable.java:37)\n\tat io.grpc.internal.SerializingExecutor.run(SerializingExecutor.java:133)\n\tat java.base/java.util.concurrent.ThreadPoolExecutor.runWorker(ThreadPoolExecutor.java:1144)\n\tat java.base/java.util.concurrent.ThreadPoolExecutor$Worker.run(ThreadPoolExecutor.java:642)\n\tat java.base/java.lang.Thread.run(Thread.java:1583)\n\n"}}
[debug] [2026-08-30T04:08:22.805Z] Aug 29, 2026 9:08:22 PM io.gapi.emulators.netty.HttpHandler$1 onError
INFO: Exception when handling request: NOT_FOUND: Document (projects/demo-cadence/databases/(default)/documents/users/sNQqBc1O2fAjoF6TxlRWYBEhAw8w) not found.
 {"metadata":{"emulator":{"name":"firestore"},"message":"Aug 29, 2026 9:08:22 PM io.gapi.emulators.netty.HttpHandler$1 onError\nINFO: Exception when handling request: NOT_FOUND: Document (projects/demo-cadence/databases/(default)/documents/users/sNQqBc1O2fAjoF6TxlRWYBEhAw8w) not found.\n"}}
[debug] [2026-08-30T04:08:22.837Z] Aug 29, 2026 9:08:22 PM com.google.cloud.datastore.emulator.impl.util.WrappedStreamObserver onError
WARNING: Operation failed: Document (projects/demo-cadence/databases/(default)/documents/users/G5qlpJ6U3kfmXBlNIj1gr09kBduz) not found.
com.google.cloud.datastore.core.exception.DatastoreException: Document (projects/demo-cadence/databases/(default)/documents/users/G5qlpJ6U3kfmXBlNIj1gr09kBduz) not found.
	at com.google.cloud.datastore.emulator.impl.firestore.CloudFirestoreV1.getDocument(CloudFirestoreV1.java:335)
	at com.google.cloud.datastore.emulator.impl.firestore.CloudFirestoreV1Router.getDocument(CloudFirestoreV1Router.java:129)
	at com.google.cloud.datastore.emulator.impl.firestore.CloudFirestoreV1Router.getOrListDocuments(CloudFirestoreV1Router.java:123)
	at com.google.cloud.datastore.emulator.firestore.v1.FirestoreV1GrpcAdapter$1.lambda$getOrListDocuments$0(FirestoreV1GrpcAdapter.java:108)
	at com.google.cloud.datastore.emulator.firestore.v1.FirestoreV1GrpcAdapter.unary(FirestoreV1GrpcAdapter.java:72)
	at com.google.cloud.datastore.emulator.firestore.v1.FirestoreV1GrpcAdapter$1.getOrListDocuments(FirestoreV1GrpcAdapter.java:108)
	at com.google.firestore.v1.FirestoreGrpc$MethodHandlers.invoke(FirestoreGrpc.java:1206)
	at io.grpc.stub.ServerCalls$UnaryServerCallHandler$UnaryServerCallListener.onHalfClose(ServerCalls.java:182)
	at io.grpc.PartialForwardingServerCallListener.onHalfClose(PartialForwardingServerCallListener.java:35)
	at io.grpc.ForwardingServerCallListener.onHalfClose(ForwardingServerCallListener.java:23)
	at io.grpc.ForwardingServerCallListener$SimpleForwardingServerCallListener.onHalfClose(ForwardingServerCallListener.java:40)
	at io.grpc.Contexts$ContextualizedServerCallListener.onHalfClose(Contexts.java:86)
	at io.grpc.PartialForwardingServerCallListener.onHalfClose(PartialForwardingServerCallListener.java:35)
	at io.grpc.ForwardingServerCallListener.onHalfClose(ForwardingServerCallListener.java:23)
	at io.grpc.ForwardingServerCallListener$SimpleForwardingServerCallListener.onHalfClose(ForwardingServerCallListener.java:40)
	at io.grpc.Contexts$ContextualizedServerCallListener.onHalfClose(Contexts.java:86)
	at io.grpc.internal.ServerCallImpl$ServerStreamListenerImpl.halfClosed(ServerCallImpl.java:356)
	at io.grpc.internal.ServerImpl$JumpToApplicationThreadServerStreamListener$1HalfClosed.runInContext(ServerImpl.java:861)
	at io.grpc.internal.ContextRunnable.run(ContextRunnable.java:37)
	at io.grpc.internal.SerializingExecutor.run(SerializingExecutor.java:133)
	at java.base/java.util.concurrent.ThreadPoolExecutor.runWorker(ThreadPoolExecutor.java:1144)
	at java.base/java.util.concurrent.ThreadPoolExecutor$Worker.run(ThreadPoolExecutor.java:642)
	at java.base/java.lang.Thread.run(Thread.java:1583)

 {"metadata":{"emulator":{"name":"firestore"},"message":"Aug 29, 2026 9:08:22 PM com.google.cloud.datastore.emulator.impl.util.WrappedStreamObserver onError\nWARNING: Operation failed: Document (projects/demo-cadence/databases/(default)/documents/users/G5qlpJ6U3kfmXBlNIj1gr09kBduz) not found.\ncom.google.cloud.datastore.core.exception.DatastoreException: Document (projects/demo-cadence/databases/(default)/documents/users/G5qlpJ6U3kfmXBlNIj1gr09kBduz) not found.\n\tat com.google.cloud.datastore.emulator.impl.firestore.CloudFirestoreV1.getDocument(CloudFirestoreV1.java:335)\n\tat com.google.cloud.datastore.emulator.impl.firestore.CloudFirestoreV1Router.getDocument(CloudFirestoreV1Router.java:129)\n\tat com.google.cloud.datastore.emulator.impl.firestore.CloudFirestoreV1Router.getOrListDocuments(CloudFirestoreV1Router.java:123)\n\tat com.google.cloud.datastore.emulator.firestore.v1.FirestoreV1GrpcAdapter$1.lambda$getOrListDocuments$0(FirestoreV1GrpcAdapter.java:108)\n\tat com.google.cloud.datastore.emulator.firestore.v1.FirestoreV1GrpcAdapter.unary(FirestoreV1GrpcAdapter.java:72)\n\tat com.google.cloud.datastore.emulator.firestore.v1.FirestoreV1GrpcAdapter$1.getOrListDocuments(FirestoreV1GrpcAdapter.java:108)\n\tat com.google.firestore.v1.FirestoreGrpc$MethodHandlers.invoke(FirestoreGrpc.java:1206)\n\tat io.grpc.stub.ServerCalls$UnaryServerCallHandler$UnaryServerCallListener.onHalfClose(ServerCalls.java:182)\n\tat io.grpc.PartialForwardingServerCallListener.onHalfClose(PartialForwardingServerCallListener.java:35)\n\tat io.grpc.ForwardingServerCallListener.onHalfClose(ForwardingServerCallListener.java:23)\n\tat io.grpc.ForwardingServerCallListener$SimpleForwardingServerCallListener.onHalfClose(ForwardingServerCallListener.java:40)\n\tat io.grpc.Contexts$ContextualizedServerCallListener.onHalfClose(Contexts.java:86)\n\tat io.grpc.PartialForwardingServerCallListener.onHalfClose(PartialForwardingServerCallListener.java:35)\n\tat io.grpc.ForwardingServerCallListener.onHalfClose(ForwardingServerCallListener.java:23)\n\tat io.grpc.ForwardingServerCallListener$SimpleForwardingServerCallListener.onHalfClose(ForwardingServerCallListener.java:40)\n\tat io.grpc.Contexts$ContextualizedServerCallListener.onHalfClose(Contexts.java:86)\n\tat io.grpc.internal.ServerCallImpl$ServerStreamListenerImpl.halfClosed(ServerCallImpl.java:356)\n\tat io.grpc.internal.ServerImpl$JumpToApplicationThreadServerStreamListener$1HalfClosed.runInContext(ServerImpl.java:861)\n\tat io.grpc.internal.ContextRunnable.run(ContextRunnable.java:37)\n\tat io.grpc.internal.SerializingExecutor.run(SerializingExecutor.java:133)\n\tat java.base/java.util.concurrent.ThreadPoolExecutor.runWorker(ThreadPoolExecutor.java:1144)\n\tat java.base/java.util.concurrent.ThreadPoolExecutor$Worker.run(ThreadPoolExecutor.java:642)\n\tat java.base/java.lang.Thread.run(Thread.java:1583)\n\n"}}
[debug] [2026-08-30T04:08:22.838Z] Aug 29, 2026 9:08:22 PM io.gapi.emulators.netty.HttpHandler$1 onError
INFO: Exception when handling request: NOT_FOUND: Document (projects/demo-cadence/databases/(default)/documents/users/G5qlpJ6U3kfmXBlNIj1gr09kBduz) not found.
 {"metadata":{"emulator":{"name":"firestore"},"message":"Aug 29, 2026 9:08:22 PM io.gapi.emulators.netty.HttpHandler$1 onError\nINFO: Exception when handling request: NOT_FOUND: Document (projects/demo-cadence/databases/(default)/documents/users/G5qlpJ6U3kfmXBlNIj1gr09kBduz) not found.\n"}}
[debug] [2026-08-30T04:08:22.844Z] Aug 29, 2026 9:08:22 PM com.google.cloud.datastore.emulator.impl.util.WrappedStreamObserver onError
WARNING: Operation failed: entity already exists: EntityRef{partitionRef=dev~demo-cadence, path=/handles/rileychen}
com.google.cloud.datastore.core.exception.DatastoreException: entity already exists: EntityRef{partitionRef=dev~demo-cadence, path=/handles/rileychen}
	at com.google.cloud.datastore.core.exception.DatastoreException.withProblem(DatastoreException.java:207)
	at com.google.cloud.datastore.emulator.impl.util.FirestoreEmulatorConverters.alreadyExists(FirestoreEmulatorConverters.java:725)
	at com.google.cloud.datastore.emulator.impl.util.FirestoreEmulatorConverters.checkMutation(FirestoreEmulatorConverters.java:211)
	at com.google.cloud.datastore.emulator.impl.firestore.FirestoreEmulatorHelper.commitHelper(FirestoreEmulatorHelper.java:365)
	at com.google.cloud.datastore.emulator.impl.firestore.FirestoreEmulatorHelper.internalCommit(FirestoreEmulatorHelper.java:314)
	at com.google.cloud.datastore.emulator.impl.firestore.CloudFirestoreV1.internalCommit(CloudFirestoreV1.java:1077)
	at com.google.cloud.datastore.emulator.impl.firestore.CloudFirestoreV1.updateDocument(CloudFirestoreV1.java:458)
	at com.google.cloud.datastore.emulator.impl.firestore.CloudFirestoreV1Router.updateDocument(CloudFirestoreV1Router.java:149)
	at com.google.cloud.datastore.emulator.firestore.v1.FirestoreV1GrpcAdapter$1.lambda$updateDocument$4(FirestoreV1GrpcAdapter.java:132)
	at com.google.cloud.datastore.emulator.firestore.v1.FirestoreV1GrpcAdapter.unary(FirestoreV1GrpcAdapter.java:72)
	at com.google.cloud.datastore.emulator.firestore.v1.FirestoreV1GrpcAdapter$1.updateDocument(FirestoreV1GrpcAdapter.java:132)
	at com.google.firestore.v1.FirestoreGrpc$MethodHandlers.invoke(FirestoreGrpc.java:1218)
	at io.grpc.stub.ServerCalls$UnaryServerCallHandler$UnaryServerCallListener.onHalfClose(ServerCalls.java:182)
	at io.grpc.PartialForwardingServerCallListener.onHalfClose(PartialForwardingServerCallListener.java:35)
	at io.grpc.ForwardingServerCallListener.onHalfClose(ForwardingServerCallListener.java:23)
	at io.grpc.ForwardingServerCallListener$SimpleForwardingServerCallListener.onHalfClose(ForwardingServerCallListener.java:40)
	at io.grpc.Contexts$ContextualizedServerCallListener.onHalfClose(Contexts.java:86)
	at io.grpc.PartialForwardingServerCallListener.onHalfClose(PartialForwardingServerCallListener.java:35)
	at io.grpc.ForwardingServerCallListener.onHalfClose(ForwardingServerCallListener.java:23)
	at io.grpc.ForwardingServerCallListener$SimpleForwardingServerCallListener.onHalfClose(ForwardingServerCallListener.java:40)
	at io.grpc.Contexts$ContextualizedServerCallListener.onHalfClose(Contexts.java:86)
	at io.grpc.internal.ServerCallImpl$ServerStreamListenerImpl.halfClosed(ServerCallImpl.java:356)
	at io.grpc.internal.ServerImpl$JumpToApplicationThreadServerStreamListener$1HalfClosed.runInContext(ServerImpl.java:861)
	at io.grpc.internal.ContextRunnable.run(ContextRunnable.java:37)
	at io.grpc.internal.SerializingExecutor.run(SerializingExecutor.java:133)
	at java.base/java.util.concurrent.ThreadPoolExecutor.runWorker(ThreadPoolExecutor.java:1144)
	at java.base/java.util.concurrent.ThreadPoolExecutor$Worker.run(ThreadPoolExecutor.java:642)
	at java.base/java.lang.Thread.run(Thread.java:1583)

 {"metadata":{"emulator":{"name":"firestore"},"message":"Aug 29, 2026 9:08:22 PM com.google.cloud.datastore.emulator.impl.util.WrappedStreamObserver onError\nWARNING: Operation failed: entity already exists: EntityRef{partitionRef=dev~demo-cadence, path=/handles/rileychen}\ncom.google.cloud.datastore.core.exception.DatastoreException: entity already exists: EntityRef{partitionRef=dev~demo-cadence, path=/handles/rileychen}\n\tat com.google.cloud.datastore.core.exception.DatastoreException.withProblem(DatastoreException.java:207)\n\tat com.google.cloud.datastore.emulator.impl.util.FirestoreEmulatorConverters.alreadyExists(FirestoreEmulatorConverters.java:725)\n\tat com.google.cloud.datastore.emulator.impl.util.FirestoreEmulatorConverters.checkMutation(FirestoreEmulatorConverters.java:211)\n\tat com.google.cloud.datastore.emulator.impl.firestore.FirestoreEmulatorHelper.commitHelper(FirestoreEmulatorHelper.java:365)\n\tat com.google.cloud.datastore.emulator.impl.firestore.FirestoreEmulatorHelper.internalCommit(FirestoreEmulatorHelper.java:314)\n\tat com.google.cloud.datastore.emulator.impl.firestore.CloudFirestoreV1.internalCommit(CloudFirestoreV1.java:1077)\n\tat com.google.cloud.datastore.emulator.impl.firestore.CloudFirestoreV1.updateDocument(CloudFirestoreV1.java:458)\n\tat com.google.cloud.datastore.emulator.impl.firestore.CloudFirestoreV1Router.updateDocument(CloudFirestoreV1Router.java:149)\n\tat com.google.cloud.datastore.emulator.firestore.v1.FirestoreV1GrpcAdapter$1.lambda$updateDocument$4(FirestoreV1GrpcAdapter.java:132)\n\tat com.google.cloud.datastore.emulator.firestore.v1.FirestoreV1GrpcAdapter.unary(FirestoreV1GrpcAdapter.java:72)\n\tat com.google.cloud.datastore.emulator.firestore.v1.FirestoreV1GrpcAdapter$1.updateDocument(FirestoreV1GrpcAdapter.java:132)\n\tat com.google.firestore.v1.FirestoreGrpc$MethodHandlers.invoke(FirestoreGrpc.java:1218)\n\tat io.grpc.stub.ServerCalls$UnaryServerCallHandler$UnaryServerCallListener.onHalfClose(ServerCalls.java:182)\n\tat io.grpc.PartialForwardingServerCallListener.onHalfClose(PartialForwardingServerCallListener.java:35)\n\tat io.grpc.ForwardingServerCallListener.onHalfClose(ForwardingServerCallListener.java:23)\n\tat io.grpc.ForwardingServerCallListener$SimpleForwardingServerCallListener.onHalfClose(ForwardingServerCallListener.java:40)\n\tat io.grpc.Contexts$ContextualizedServerCallListener.onHalfClose(Contexts.java:86)\n\tat io.grpc.PartialForwardingServerCallListener.onHalfClose(PartialForwardingServerCallListener.java:35)\n\tat io.grpc.ForwardingServerCallListener.onHalfClose(ForwardingServerCallListener.java:23)\n\tat io.grpc.ForwardingServerCallListener$SimpleForwardingServerCallListener.onHalfClose(ForwardingServerCallListener.java:40)\n\tat io.grpc.Contexts$ContextualizedServerCallListener.onHalfClose(Contexts.java:86)\n\tat io.grpc.internal.ServerCallImpl$ServerStreamListenerImpl.halfClosed(ServerCallImpl.java:356)\n\tat io.grpc.internal.ServerImpl$JumpToApplicationThreadServerStreamListener$1HalfClosed.runInContext(ServerImpl.java:861)\n\tat io.grpc.internal.ContextRunnable.run(ContextRunnable.java:37)\n\tat io.grpc.internal.SerializingExecutor.run(SerializingExecutor.java:133)\n\tat java.base/java.util.concurrent.ThreadPoolExecutor.runWorker(ThreadPoolExecutor.java:1144)\n\tat java.base/java.util.concurrent.ThreadPoolExecutor$Worker.run(ThreadPoolExecutor.java:642)\n\tat java.base/java.lang.Thread.run(Thread.java:1583)\n\n"}}
[debug] [2026-08-30T04:08:22.845Z] Aug 29, 2026 9:08:22 PM io.gapi.emulators.netty.HttpHandler$1 onError
INFO: Exception when handling request: ALREADY_EXISTS: entity already exists: EntityRef{partitionRef=dev~demo-cadence, path=/handles/rileychen}
 {"metadata":{"emulator":{"name":"firestore"},"message":"Aug 29, 2026 9:08:22 PM io.gapi.emulators.netty.HttpHandler$1 onError\nINFO: Exception when handling request: ALREADY_EXISTS: entity already exists: EntityRef{partitionRef=dev~demo-cadence, path=/handles/rileychen}\n"}}
[debug] [2026-08-30T04:08:22.883Z] Aug 29, 2026 9:08:22 PM com.google.cloud.datastore.emulator.impl.util.WrappedStreamObserver onError
WARNING: Operation failed: Document (projects/demo-cadence/databases/(default)/documents/handles/nobodyhere) not found.
com.google.cloud.datastore.core.exception.DatastoreException: Document (projects/demo-cadence/databases/(default)/documents/handles/nobodyhere) not found.
	at com.google.cloud.datastore.emulator.impl.firestore.CloudFirestoreV1.getDocument(CloudFirestoreV1.java:335)
	at com.google.cloud.datastore.emulator.impl.firestore.CloudFirestoreV1Router.getDocument(CloudFirestoreV1Router.java:129)
	at com.google.cloud.datastore.emulator.impl.firestore.CloudFirestoreV1Router.getOrListDocuments(CloudFirestoreV1Router.java:123)
	at com.google.cloud.datastore.emulator.firestore.v1.FirestoreV1GrpcAdapter$1.lambda$getOrListDocuments$0(FirestoreV1GrpcAdapter.java:108)
	at com.google.cloud.datastore.emulator.firestore.v1.FirestoreV1GrpcAdapter.unary(FirestoreV1GrpcAdapter.java:72)
	at com.google.cloud.datastore.emulator.firestore.v1.FirestoreV1GrpcAdapter$1.getOrListDocuments(FirestoreV1GrpcAdapter.java:108)
	at com.google.firestore.v1.FirestoreGrpc$MethodHandlers.invoke(FirestoreGrpc.java:1206)
	at io.grpc.stub.ServerCalls$UnaryServerCallHandler$UnaryServerCallListener.onHalfClose(ServerCalls.java:182)
	at io.grpc.PartialForwardingServerCallListener.onHalfClose(PartialForwardingServerCallListener.java:35)
	at io.grpc.ForwardingServerCallListener.onHalfClose(ForwardingServerCallListener.java:23)
	at io.grpc.ForwardingServerCallListener$SimpleForwardingServerCallListener.onHalfClose(ForwardingServerCallListener.java:40)
	at io.grpc.Contexts$ContextualizedServerCallListener.onHalfClose(Contexts.java:86)
	at io.grpc.PartialForwardingServerCallListener.onHalfClose(PartialForwardingServerCallListener.java:35)
	at io.grpc.ForwardingServerCallListener.onHalfClose(ForwardingServerCallListener.java:23)
	at io.grpc.ForwardingServerCallListener$SimpleForwardingServerCallListener.onHalfClose(ForwardingServerCallListener.java:40)
	at io.grpc.Contexts$ContextualizedServerCallListener.onHalfClose(Contexts.java:86)
	at io.grpc.internal.ServerCallImpl$ServerStreamListenerImpl.halfClosed(ServerCallImpl.java:356)
	at io.grpc.internal.ServerImpl$JumpToApplicationThreadServerStreamListener$1HalfClosed.runInContext(ServerImpl.java:861)
	at io.grpc.internal.ContextRunnable.run(ContextRunnable.java:37)
	at io.grpc.internal.SerializingExecutor.run(SerializingExecutor.java:133)
	at java.base/java.util.concurrent.ThreadPoolExecutor.runWorker(ThreadPoolExecutor.java:1144)
	at java.base/java.util.concurrent.ThreadPoolExecutor$Worker.run(ThreadPoolExecutor.java:642)
	at java.base/java.lang.Thread.run(Thread.java:1583)

 {"metadata":{"emulator":{"name":"firestore"},"message":"Aug 29, 2026 9:08:22 PM com.google.cloud.datastore.emulator.impl.util.WrappedStreamObserver onError\nWARNING: Operation failed: Document (projects/demo-cadence/databases/(default)/documents/handles/nobodyhere) not found.\ncom.google.cloud.datastore.core.exception.DatastoreException: Document (projects/demo-cadence/databases/(default)/documents/handles/nobodyhere) not found.\n\tat com.google.cloud.datastore.emulator.impl.firestore.CloudFirestoreV1.getDocument(CloudFirestoreV1.java:335)\n\tat com.google.cloud.datastore.emulator.impl.firestore.CloudFirestoreV1Router.getDocument(CloudFirestoreV1Router.java:129)\n\tat com.google.cloud.datastore.emulator.impl.firestore.CloudFirestoreV1Router.getOrListDocuments(CloudFirestoreV1Router.java:123)\n\tat com.google.cloud.datastore.emulator.firestore.v1.FirestoreV1GrpcAdapter$1.lambda$getOrListDocuments$0(FirestoreV1GrpcAdapter.java:108)\n\tat com.google.cloud.datastore.emulator.firestore.v1.FirestoreV1GrpcAdapter.unary(FirestoreV1GrpcAdapter.java:72)\n\tat com.google.cloud.datastore.emulator.firestore.v1.FirestoreV1GrpcAdapter$1.getOrListDocuments(FirestoreV1GrpcAdapter.java:108)\n\tat com.google.firestore.v1.FirestoreGrpc$MethodHandlers.invoke(FirestoreGrpc.java:1206)\n\tat io.grpc.stub.ServerCalls$UnaryServerCallHandler$UnaryServerCallListener.onHalfClose(ServerCalls.java:182)\n\tat io.grpc.PartialForwardingServerCallListener.onHalfClose(PartialForwardingServerCallListener.java:35)\n\tat io.grpc.ForwardingServerCallListener.onHalfClose(ForwardingServerCallListener.java:23)\n\tat io.grpc.ForwardingServerCallListener$SimpleForwardingServerCallListener.onHalfClose(ForwardingServerCallListener.java:40)\n\tat io.grpc.Contexts$ContextualizedServerCallListener.onHalfClose(Contexts.java:86)\n\tat io.grpc.PartialForwardingServerCallListener.onHalfClose(PartialForwardingServerCallListener.java:35)\n\tat io.grpc.ForwardingServerCallListener.onHalfClose(ForwardingServerCallListener.java:23)\n\tat io.grpc.ForwardingServerCallListener$SimpleForwardingServerCallListener.onHalfClose(ForwardingServerCallListener.java:40)\n\tat io.grpc.Contexts$ContextualizedServerCallListener.onHalfClose(Contexts.java:86)\n\tat io.grpc.internal.ServerCallImpl$ServerStreamListenerImpl.halfClosed(ServerCallImpl.java:356)\n\tat io.grpc.internal.ServerImpl$JumpToApplicationThreadServerStreamListener$1HalfClosed.runInContext(ServerImpl.java:861)\n\tat io.grpc.internal.ContextRunnable.run(ContextRunnable.java:37)\n\tat io.grpc.internal.SerializingExecutor.run(SerializingExecutor.java:133)\n\tat java.base/java.util.concurrent.ThreadPoolExecutor.runWorker(ThreadPoolExecutor.java:1144)\n\tat java.base/java.util.concurrent.ThreadPoolExecutor$Worker.run(ThreadPoolExecutor.java:642)\n\tat java.base/java.lang.Thread.run(Thread.java:1583)\n\n"}}
[debug] [2026-08-30T04:08:22.883Z] Aug 29, 2026 9:08:22 PM io.gapi.emulators.netty.HttpHandler$1 onError
INFO: Exception when handling request: NOT_FOUND: Document (projects/demo-cadence/databases/(default)/documents/handles/nobodyhere) not found.
 {"metadata":{"emulator":{"name":"firestore"},"message":"Aug 29, 2026 9:08:22 PM io.gapi.emulators.netty.HttpHandler$1 onError\nINFO: Exception when handling request: NOT_FOUND: Document (projects/demo-cadence/databases/(default)/documents/handles/nobodyhere) not found.\n"}}
[debug] [2026-08-30T04:08:22.906Z] Aug 29, 2026 9:08:22 PM com.google.cloud.datastore.emulator.impl.util.WrappedStreamObserver onError
WARNING: Operation failed: Document (projects/demo-cadence/databases/(default)/documents/friends/sNQqBc1O2fAjoF6TxlRWYBEhAw8w/list/wsKX0PqWFFo1tSxr8woypyxWRn7K) not found.
com.google.cloud.datastore.core.exception.DatastoreException: Document (projects/demo-cadence/databases/(default)/documents/friends/sNQqBc1O2fAjoF6TxlRWYBEhAw8w/list/wsKX0PqWFFo1tSxr8woypyxWRn7K) not found.
	at com.google.cloud.datastore.emulator.impl.firestore.CloudFirestoreV1.getDocument(CloudFirestoreV1.java:335)
	at com.google.cloud.datastore.emulator.impl.firestore.CloudFirestoreV1Router.getDocument(CloudFirestoreV1Router.java:129)
	at com.google.cloud.datastore.emulator.impl.firestore.CloudFirestoreV1Router.getOrListDocuments(CloudFirestoreV1Router.java:123)
	at com.google.cloud.datastore.emulator.firestore.v1.FirestoreV1GrpcAdapter$1.lambda$getOrListDocuments$0(FirestoreV1GrpcAdapter.java:108)
	at com.google.cloud.datastore.emulator.firestore.v1.FirestoreV1GrpcAdapter.unary(FirestoreV1GrpcAdapter.java:72)
	at com.google.cloud.datastore.emulator.firestore.v1.FirestoreV1GrpcAdapter$1.getOrListDocuments(FirestoreV1GrpcAdapter.java:108)
	at com.google.firestore.v1.FirestoreGrpc$MethodHandlers.invoke(FirestoreGrpc.java:1206)
	at io.grpc.stub.ServerCalls$UnaryServerCallHandler$UnaryServerCallListener.onHalfClose(ServerCalls.java:182)
	at io.grpc.PartialForwardingServerCallListener.onHalfClose(PartialForwardingServerCallListener.java:35)
	at io.grpc.ForwardingServerCallListener.onHalfClose(ForwardingServerCallListener.java:23)
	at io.grpc.ForwardingServerCallListener$SimpleForwardingServerCallListener.onHalfClose(ForwardingServerCallListener.java:40)
	at io.grpc.Contexts$ContextualizedServerCallListener.onHalfClose(Contexts.java:86)
	at io.grpc.PartialForwardingServerCallListener.onHalfClose(PartialForwardingServerCallListener.java:35)
	at io.grpc.ForwardingServerCallListener.onHalfClose(ForwardingServerCallListener.java:23)
	at io.grpc.ForwardingServerCallListener$SimpleForwardingServerCallListener.onHalfClose(ForwardingServerCallListener.java:40)
	at io.grpc.Contexts$ContextualizedServerCallListener.onHalfClose(Contexts.java:86)
	at io.grpc.internal.ServerCallImpl$ServerStreamListenerImpl.halfClosed(ServerCallImpl.java:356)
	at io.grpc.internal.ServerImpl$JumpToApplicationThreadServerStreamListener$1HalfClosed.runInContext(ServerImpl.java:861)
	at io.grpc.internal.ContextRunnable.run(ContextRunnable.java:37)
	at io.grpc.internal.SerializingExecutor.run(SerializingExecutor.java:133)
	at java.base/java.util.concurrent.ThreadPoolExecutor.runWorker(ThreadPoolExecutor.java:1144)
	at java.base/java.util.concurrent.ThreadPoolExecutor$Worker.run(ThreadPoolExecutor.java:642)
	at java.base/java.lang.Thread.run(Thread.java:1583)

 {"metadata":{"emulator":{"name":"firestore"},"message":"Aug 29, 2026 9:08:22 PM com.google.cloud.datastore.emulator.impl.util.WrappedStreamObserver onError\nWARNING: Operation failed: Document (projects/demo-cadence/databases/(default)/documents/friends/sNQqBc1O2fAjoF6TxlRWYBEhAw8w/list/wsKX0PqWFFo1tSxr8woypyxWRn7K) not found.\ncom.google.cloud.datastore.core.exception.DatastoreException: Document (projects/demo-cadence/databases/(default)/documents/friends/sNQqBc1O2fAjoF6TxlRWYBEhAw8w/list/wsKX0PqWFFo1tSxr8woypyxWRn7K) not found.\n\tat com.google.cloud.datastore.emulator.impl.firestore.CloudFirestoreV1.getDocument(CloudFirestoreV1.java:335)\n\tat com.google.cloud.datastore.emulator.impl.firestore.CloudFirestoreV1Router.getDocument(CloudFirestoreV1Router.java:129)\n\tat com.google.cloud.datastore.emulator.impl.firestore.CloudFirestoreV1Router.getOrListDocuments(CloudFirestoreV1Router.java:123)\n\tat com.google.cloud.datastore.emulator.firestore.v1.FirestoreV1GrpcAdapter$1.lambda$getOrListDocuments$0(FirestoreV1GrpcAdapter.java:108)\n\tat com.google.cloud.datastore.emulator.firestore.v1.FirestoreV1GrpcAdapter.unary(FirestoreV1GrpcAdapter.java:72)\n\tat com.google.cloud.datastore.emulator.firestore.v1.FirestoreV1GrpcAdapter$1.getOrListDocuments(FirestoreV1GrpcAdapter.java:108)\n\tat com.google.firestore.v1.FirestoreGrpc$MethodHandlers.invoke(FirestoreGrpc.java:1206)\n\tat io.grpc.stub.ServerCalls$UnaryServerCallHandler$UnaryServerCallListener.onHalfClose(ServerCalls.java:182)\n\tat io.grpc.PartialForwardingServerCallListener.onHalfClose(PartialForwardingServerCallListener.java:35)\n\tat io.grpc.ForwardingServerCallListener.onHalfClose(ForwardingServerCallListener.java:23)\n\tat io.grpc.ForwardingServerCallListener$SimpleForwardingServerCallListener.onHalfClose(ForwardingServerCallListener.java:40)\n\tat io.grpc.Contexts$ContextualizedServerCallListener.onHalfClose(Contexts.java:86)\n\tat io.grpc.PartialForwardingServerCallListener.onHalfClose(PartialForwardingServerCallListener.java:35)\n\tat io.grpc.ForwardingServerCallListener.onHalfClose(ForwardingServerCallListener.java:23)\n\tat io.grpc.ForwardingServerCallListener$SimpleForwardingServerCallListener.onHalfClose(ForwardingServerCallListener.java:40)\n\tat io.grpc.Contexts$ContextualizedServerCallListener.onHalfClose(Contexts.java:86)\n\tat io.grpc.internal.ServerCallImpl$ServerStreamListenerImpl.halfClosed(ServerCallImpl.java:356)\n\tat io.grpc.internal.ServerImpl$JumpToApplicationThreadServerStreamListener$1HalfClosed.runInContext(ServerImpl.java:861)\n\tat io.grpc.internal.ContextRunnable.run(ContextRunnable.java:37)\n\tat io.grpc.internal.SerializingExecutor.run(SerializingExecutor.java:133)\n\tat java.base/java.util.concurrent.ThreadPoolExecutor.runWorker(ThreadPoolExecutor.java:1144)\n\tat java.base/java.util.concurrent.ThreadPoolExecutor$Worker.run(ThreadPoolExecutor.java:642)\n\tat java.base/java.lang.Thread.run(Thread.java:1583)\n\n"}}
[debug] [2026-08-30T04:08:22.907Z] Aug 29, 2026 9:08:22 PM io.gapi.emulators.netty.HttpHandler$1 onError
INFO: Exception when handling request: NOT_FOUND: Document (projects/demo-cadence/databases/(default)/documents/friends/sNQqBc1O2fAjoF6TxlRWYBEhAw8w/list/wsKX0PqWFFo1tSxr8woypyxWRn7K) not found.
 {"metadata":{"emulator":{"name":"firestore"},"message":"Aug 29, 2026 9:08:22 PM io.gapi.emulators.netty.HttpHandler$1 onError\nINFO: Exception when handling request: NOT_FOUND: Document (projects/demo-cadence/databases/(default)/documents/friends/sNQqBc1O2fAjoF6TxlRWYBEhAw8w/list/wsKX0PqWFFo1tSxr8woypyxWRn7K) not found.\n"}}
[debug] [2026-08-30T04:08:22.912Z] Aug 29, 2026 9:08:22 PM com.google.cloud.datastore.emulator.impl.util.WrappedStreamObserver onError
WARNING: Operation failed: Document (projects/demo-cadence/databases/(default)/documents/users/sNQqBc1O2fAjoF6TxlRWYBEhAw8w/requests/wsKX0PqWFFo1tSxr8woypyxWRn7K) not found.
com.google.cloud.datastore.core.exception.DatastoreException: Document (projects/demo-cadence/databases/(default)/documents/users/sNQqBc1O2fAjoF6TxlRWYBEhAw8w/requests/wsKX0PqWFFo1tSxr8woypyxWRn7K) not found.
	at com.google.cloud.datastore.emulator.impl.firestore.CloudFirestoreV1.getDocument(CloudFirestoreV1.java:335)
	at com.google.cloud.datastore.emulator.impl.firestore.CloudFirestoreV1Router.getDocument(CloudFirestoreV1Router.java:129)
	at com.google.cloud.datastore.emulator.impl.firestore.CloudFirestoreV1Router.getOrListDocuments(CloudFirestoreV1Router.java:123)
	at com.google.cloud.datastore.emulator.firestore.v1.FirestoreV1GrpcAdapter$1.lambda$getOrListDocuments$0(FirestoreV1GrpcAdapter.java:108)
	at com.google.cloud.datastore.emulator.firestore.v1.FirestoreV1GrpcAdapter.unary(FirestoreV1GrpcAdapter.java:72)
	at com.google.cloud.datastore.emulator.firestore.v1.FirestoreV1GrpcAdapter$1.getOrListDocuments(FirestoreV1GrpcAdapter.java:108)
	at com.google.firestore.v1.FirestoreGrpc$MethodHandlers.invoke(FirestoreGrpc.java:1206)
	at io.grpc.stub.ServerCalls$UnaryServerCallHandler$UnaryServerCallListener.onHalfClose(ServerCalls.java:182)
	at io.grpc.PartialForwardingServerCallListener.onHalfClose(PartialForwardingServerCallListener.java:35)
	at io.grpc.ForwardingServerCallListener.onHalfClose(ForwardingServerCallListener.java:23)
	at io.grpc.ForwardingServerCallListener$SimpleForwardingServerCallListener.onHalfClose(ForwardingServerCallListener.java:40)
	at io.grpc.Contexts$ContextualizedServerCallListener.onHalfClose(Contexts.java:86)
	at io.grpc.PartialForwardingServerCallListener.onHalfClose(PartialForwardingServerCallListener.java:35)
	at io.grpc.ForwardingServerCallListener.onHalfClose(ForwardingServerCallListener.java:23)
	at io.grpc.ForwardingServerCallListener$SimpleForwardingServerCallListener.onHalfClose(ForwardingServerCallListener.java:40)
	at io.grpc.Contexts$ContextualizedServerCallListener.onHalfClose(Contexts.java:86)
	at io.grpc.internal.ServerCallImpl$ServerStreamListenerImpl.halfClosed(ServerCallImpl.java:356)
	at io.grpc.internal.ServerImpl$JumpToApplicationThreadServerStreamListener$1HalfClosed.runInContext(ServerImpl.java:861)
	at io.grpc.internal.ContextRunnable.run(ContextRunnable.java:37)
	at io.grpc.internal.SerializingExecutor.run(SerializingExecutor.java:133)
	at java.base/java.util.concurrent.ThreadPoolExecutor.runWorker(ThreadPoolExecutor.java:1144)
	at java.base/java.util.concurrent.ThreadPoolExecutor$Worker.run(ThreadPoolExecutor.java:642)
	at java.base/java.lang.Thread.run(Thread.java:1583)

 {"metadata":{"emulator":{"name":"firestore"},"message":"Aug 29, 2026 9:08:22 PM com.google.cloud.datastore.emulator.impl.util.WrappedStreamObserver onError\nWARNING: Operation failed: Document (projects/demo-cadence/databases/(default)/documents/users/sNQqBc1O2fAjoF6TxlRWYBEhAw8w/requests/wsKX0PqWFFo1tSxr8woypyxWRn7K) not found.\ncom.google.cloud.datastore.core.exception.DatastoreException: Document (projects/demo-cadence/databases/(default)/documents/users/sNQqBc1O2fAjoF6TxlRWYBEhAw8w/requests/wsKX0PqWFFo1tSxr8woypyxWRn7K) not found.\n\tat com.google.cloud.datastore.emulator.impl.firestore.CloudFirestoreV1.getDocument(CloudFirestoreV1.java:335)\n\tat com.google.cloud.datastore.emulator.impl.firestore.CloudFirestoreV1Router.getDocument(CloudFirestoreV1Router.java:129)\n\tat com.google.cloud.datastore.emulator.impl.firestore.CloudFirestoreV1Router.getOrListDocuments(CloudFirestoreV1Router.java:123)\n\tat com.google.cloud.datastore.emulator.firestore.v1.FirestoreV1GrpcAdapter$1.lambda$getOrListDocuments$0(FirestoreV1GrpcAdapter.java:108)\n\tat com.google.cloud.datastore.emulator.firestore.v1.FirestoreV1GrpcAdapter.unary(FirestoreV1GrpcAdapter.java:72)\n\tat com.google.cloud.datastore.emulator.firestore.v1.FirestoreV1GrpcAdapter$1.getOrListDocuments(FirestoreV1GrpcAdapter.java:108)\n\tat com.google.firestore.v1.FirestoreGrpc$MethodHandlers.invoke(FirestoreGrpc.java:1206)\n\tat io.grpc.stub.ServerCalls$UnaryServerCallHandler$UnaryServerCallListener.onHalfClose(ServerCalls.java:182)\n\tat io.grpc.PartialForwardingServerCallListener.onHalfClose(PartialForwardingServerCallListener.java:35)\n\tat io.grpc.ForwardingServerCallListener.onHalfClose(ForwardingServerCallListener.java:23)\n\tat io.grpc.ForwardingServerCallListener$SimpleForwardingServerCallListener.onHalfClose(ForwardingServerCallListener.java:40)\n\tat io.grpc.Contexts$ContextualizedServerCallListener.onHalfClose(Contexts.java:86)\n\tat io.grpc.PartialForwardingServerCallListener.onHalfClose(PartialForwardingServerCallListener.java:35)\n\tat io.grpc.ForwardingServerCallListener.onHalfClose(ForwardingServerCallListener.java:23)\n\tat io.grpc.ForwardingServerCallListener$SimpleForwardingServerCallListener.onHalfClose(ForwardingServerCallListener.java:40)\n\tat io.grpc.Contexts$ContextualizedServerCallListener.onHalfClose(Contexts.java:86)\n\tat io.grpc.internal.ServerCallImpl$ServerStreamListenerImpl.halfClosed(ServerCallImpl.java:356)\n\tat io.grpc.internal.ServerImpl$JumpToApplicationThreadServerStreamListener$1HalfClosed.runInContext(ServerImpl.java:861)\n\tat io.grpc.internal.ContextRunnable.run(ContextRunnable.java:37)\n\tat io.grpc.internal.SerializingExecutor.run(SerializingExecutor.java:133)\n\tat java.base/java.util.concurrent.ThreadPoolExecutor.runWorker(ThreadPoolExecutor.java:1144)\n\tat java.base/java.util.concurrent.ThreadPoolExecutor$Worker.run(ThreadPoolExecutor.java:642)\n\tat java.base/java.lang.Thread.run(Thread.java:1583)\n\n"}}
[debug] [2026-08-30T04:08:22.912Z] Aug 29, 2026 9:08:22 PM io.gapi.emulators.netty.HttpHandler$1 onError
INFO: Exception when handling request: NOT_FOUND: Document (projects/demo-cadence/databases/(default)/documents/users/sNQqBc1O2fAjoF6TxlRWYBEhAw8w/requests/wsKX0PqWFFo1tSxr8woypyxWRn7K) not found.
 {"metadata":{"emulator":{"name":"firestore"},"message":"Aug 29, 2026 9:08:22 PM io.gapi.emulators.netty.HttpHandler$1 onError\nINFO: Exception when handling request: NOT_FOUND: Document (projects/demo-cadence/databases/(default)/documents/users/sNQqBc1O2fAjoF6TxlRWYBEhAw8w/requests/wsKX0PqWFFo1tSxr8woypyxWRn7K) not found.\n"}}
[debug] [2026-08-30T04:08:22.973Z] Aug 29, 2026 9:08:22 PM com.google.cloud.datastore.emulator.impl.util.WrappedStreamObserver onError
WARNING: Operation failed: Document (projects/demo-cadence/databases/(default)/documents/friends/sNQqBc1O2fAjoF6TxlRWYBEhAw8w/list/wsKX0PqWFFo1tSxr8woypyxWRn7K) not found.
com.google.cloud.datastore.core.exception.DatastoreException: Document (projects/demo-cadence/databases/(default)/documents/friends/sNQqBc1O2fAjoF6TxlRWYBEhAw8w/list/wsKX0PqWFFo1tSxr8woypyxWRn7K) not found.
	at com.google.cloud.datastore.emulator.impl.firestore.CloudFirestoreV1.getDocument(CloudFirestoreV1.java:335)
	at com.google.cloud.datastore.emulator.impl.firestore.CloudFirestoreV1Router.getDocument(CloudFirestoreV1Router.java:129)
	at com.google.cloud.datastore.emulator.impl.firestore.CloudFirestoreV1Router.getOrListDocuments(CloudFirestoreV1Router.java:123)
	at com.google.cloud.datastore.emulator.firestore.v1.FirestoreV1GrpcAdapter$1.lambda$getOrListDocuments$0(FirestoreV1GrpcAdapter.java:108)
	at com.google.cloud.datastore.emulator.firestore.v1.FirestoreV1GrpcAdapter.unary(FirestoreV1GrpcAdapter.java:72)
	at com.google.cloud.datastore.emulator.firestore.v1.FirestoreV1GrpcAdapter$1.getOrListDocuments(FirestoreV1GrpcAdapter.java:108)
	at com.google.firestore.v1.FirestoreGrpc$MethodHandlers.invoke(FirestoreGrpc.java:1206)
	at io.grpc.stub.ServerCalls$UnaryServerCallHandler$UnaryServerCallListener.onHalfClose(ServerCalls.java:182)
	at io.grpc.PartialForwardingServerCallListener.onHalfClose(PartialForwardingServerCallListener.java:35)
	at io.grpc.ForwardingServerCallListener.onHalfClose(ForwardingServerCallListener.java:23)
	at io.grpc.ForwardingServerCallListener$SimpleForwardingServerCallListener.onHalfClose(ForwardingServerCallListener.java:40)
	at io.grpc.Contexts$ContextualizedServerCallListener.onHalfClose(Contexts.java:86)
	at io.grpc.PartialForwardingServerCallListener.onHalfClose(PartialForwardingServerCallListener.java:35)
	at io.grpc.ForwardingServerCallListener.onHalfClose(ForwardingServerCallListener.java:23)
	at io.grpc.ForwardingServerCallListener$SimpleForwardingServerCallListener.onHalfClose(ForwardingServerCallListener.java:40)
	at io.grpc.Contexts$ContextualizedServerCallListener.onHalfClose(Contexts.java:86)
	at io.grpc.internal.ServerCallImpl$ServerStreamListenerImpl.halfClosed(ServerCallImpl.java:356)
	at io.grpc.internal.ServerImpl$JumpToApplicationThreadServerStreamListener$1HalfClosed.runInContext(ServerImpl.java:861)
	at io.grpc.internal.ContextRunnable.run(ContextRunnable.java:37)
	at io.grpc.internal.SerializingExecutor.run(SerializingExecutor.java:133)
	at java.base/java.util.concurrent.ThreadPoolExecutor.runWorker(ThreadPoolExecutor.java:1144)
	at java.base/java.util.concurrent.ThreadPoolExecutor$Worker.run(ThreadPoolExecutor.java:642)
	at java.base/java.lang.Thread.run(Thread.java:1583)

 {"metadata":{"emulator":{"name":"firestore"},"message":"Aug 29, 2026 9:08:22 PM com.google.cloud.datastore.emulator.impl.util.WrappedStreamObserver onError\nWARNING: Operation failed: Document (projects/demo-cadence/databases/(default)/documents/friends/sNQqBc1O2fAjoF6TxlRWYBEhAw8w/list/wsKX0PqWFFo1tSxr8woypyxWRn7K) not found.\ncom.google.cloud.datastore.core.exception.DatastoreException: Document (projects/demo-cadence/databases/(default)/documents/friends/sNQqBc1O2fAjoF6TxlRWYBEhAw8w/list/wsKX0PqWFFo1tSxr8woypyxWRn7K) not found.\n\tat com.google.cloud.datastore.emulator.impl.firestore.CloudFirestoreV1.getDocument(CloudFirestoreV1.java:335)\n\tat com.google.cloud.datastore.emulator.impl.firestore.CloudFirestoreV1Router.getDocument(CloudFirestoreV1Router.java:129)\n\tat com.google.cloud.datastore.emulator.impl.firestore.CloudFirestoreV1Router.getOrListDocuments(CloudFirestoreV1Router.java:123)\n\tat com.google.cloud.datastore.emulator.firestore.v1.FirestoreV1GrpcAdapter$1.lambda$getOrListDocuments$0(FirestoreV1GrpcAdapter.java:108)\n\tat com.google.cloud.datastore.emulator.firestore.v1.FirestoreV1GrpcAdapter.unary(FirestoreV1GrpcAdapter.java:72)\n\tat com.google.cloud.datastore.emulator.firestore.v1.FirestoreV1GrpcAdapter$1.getOrListDocuments(FirestoreV1GrpcAdapter.java:108)\n\tat com.google.firestore.v1.FirestoreGrpc$MethodHandlers.invoke(FirestoreGrpc.java:1206)\n\tat io.grpc.stub.ServerCalls$UnaryServerCallHandler$UnaryServerCallListener.onHalfClose(ServerCalls.java:182)\n\tat io.grpc.PartialForwardingServerCallListener.onHalfClose(PartialForwardingServerCallListener.java:35)\n\tat io.grpc.ForwardingServerCallListener.onHalfClose(ForwardingServerCallListener.java:23)\n\tat io.grpc.ForwardingServerCallListener$SimpleForwardingServerCallListener.onHalfClose(ForwardingServerCallListener.java:40)\n\tat io.grpc.Contexts$ContextualizedServerCallListener.onHalfClose(Contexts.java:86)\n\tat io.grpc.PartialForwardingServerCallListener.onHalfClose(PartialForwardingServerCallListener.java:35)\n\tat io.grpc.ForwardingServerCallListener.onHalfClose(ForwardingServerCallListener.java:23)\n\tat io.grpc.ForwardingServerCallListener$SimpleForwardingServerCallListener.onHalfClose(ForwardingServerCallListener.java:40)\n\tat io.grpc.Contexts$ContextualizedServerCallListener.onHalfClose(Contexts.java:86)\n\tat io.grpc.internal.ServerCallImpl$ServerStreamListenerImpl.halfClosed(ServerCallImpl.java:356)\n\tat io.grpc.internal.ServerImpl$JumpToApplicationThreadServerStreamListener$1HalfClosed.runInContext(ServerImpl.java:861)\n\tat io.grpc.internal.ContextRunnable.run(ContextRunnable.java:37)\n\tat io.grpc.internal.SerializingExecutor.run(SerializingExecutor.java:133)\n\tat java.base/java.util.concurrent.ThreadPoolExecutor.runWorker(ThreadPoolExecutor.java:1144)\n\tat java.base/java.util.concurrent.ThreadPoolExecutor$Worker.run(ThreadPoolExecutor.java:642)\n\tat java.base/java.lang.Thread.run(Thread.java:1583)\n\n"}}
[debug] [2026-08-30T04:08:22.973Z] Aug 29, 2026 9:08:22 PM io.gapi.emulators.netty.HttpHandler$1 onError
INFO: Exception when handling request: NOT_FOUND: Document (projects/demo-cadence/databases/(default)/documents/friends/sNQqBc1O2fAjoF6TxlRWYBEhAw8w/list/wsKX0PqWFFo1tSxr8woypyxWRn7K) not found.
 {"metadata":{"emulator":{"name":"firestore"},"message":"Aug 29, 2026 9:08:22 PM io.gapi.emulators.netty.HttpHandler$1 onError\nINFO: Exception when handling request: NOT_FOUND: Document (projects/demo-cadence/databases/(default)/documents/friends/sNQqBc1O2fAjoF6TxlRWYBEhAw8w/list/wsKX0PqWFFo1tSxr8woypyxWRn7K) not found.\n"}}
[debug] [2026-08-30T04:08:22.978Z] Aug 29, 2026 9:08:22 PM com.google.cloud.datastore.emulator.impl.util.WrappedStreamObserver onError
WARNING: Operation failed: Document (projects/demo-cadence/databases/(default)/documents/users/sNQqBc1O2fAjoF6TxlRWYBEhAw8w/requests/wsKX0PqWFFo1tSxr8woypyxWRn7K) not found.
com.google.cloud.datastore.core.exception.DatastoreException: Document (projects/demo-cadence/databases/(default)/documents/users/sNQqBc1O2fAjoF6TxlRWYBEhAw8w/requests/wsKX0PqWFFo1tSxr8woypyxWRn7K) not found.
	at com.google.cloud.datastore.emulator.impl.firestore.CloudFirestoreV1.getDocument(CloudFirestoreV1.java:335)
	at com.google.cloud.datastore.emulator.impl.firestore.CloudFirestoreV1Router.getDocument(CloudFirestoreV1Router.java:129)
	at com.google.cloud.datastore.emulator.impl.firestore.CloudFirestoreV1Router.getOrListDocuments(CloudFirestoreV1Router.java:123)
	at com.google.cloud.datastore.emulator.firestore.v1.FirestoreV1GrpcAdapter$1.lambda$getOrListDocuments$0(FirestoreV1GrpcAdapter.java:108)
	at com.google.cloud.datastore.emulator.firestore.v1.FirestoreV1GrpcAdapter.unary(FirestoreV1GrpcAdapter.java:72)
	at com.google.cloud.datastore.emulator.firestore.v1.FirestoreV1GrpcAdapter$1.getOrListDocuments(FirestoreV1GrpcAdapter.java:108)
	at com.google.firestore.v1.FirestoreGrpc$MethodHandlers.invoke(FirestoreGrpc.java:1206)
	at io.grpc.stub.ServerCalls$UnaryServerCallHandler$UnaryServerCallListener.onHalfClose(ServerCalls.java:182)
	at io.grpc.PartialForwardingServerCallListener.onHalfClose(PartialForwardingServerCallListener.java:35)
	at io.grpc.ForwardingServerCallListener.onHalfClose(ForwardingServerCallListener.java:23)
	at io.grpc.ForwardingServerCallListener$SimpleForwardingServerCallListener.onHalfClose(ForwardingServerCallListener.java:40)
	at io.grpc.Contexts$ContextualizedServerCallListener.onHalfClose(Contexts.java:86)
	at io.grpc.PartialForwardingServerCallListener.onHalfClose(PartialForwardingServerCallListener.java:35)
	at io.grpc.ForwardingServerCallListener.onHalfClose(ForwardingServerCallListener.java:23)
	at io.grpc.ForwardingServerCallListener$SimpleForwardingServerCallListener.onHalfClose(ForwardingServerCallListener.java:40)
	at io.grpc.Contexts$ContextualizedServerCallListener.onHalfClose(Contexts.java:86)
	at io.grpc.internal.ServerCallImpl$ServerStreamListenerImpl.halfClosed(ServerCallImpl.java:356)
	at io.grpc.internal.ServerImpl$JumpToApplicationThreadServerStreamListener$1HalfClosed.runInContext(ServerImpl.java:861)
	at io.grpc.internal.ContextRunnable.run(ContextRunnable.java:37)
	at io.grpc.internal.SerializingExecutor.run(SerializingExecutor.java:133)
	at java.base/java.util.concurrent.ThreadPoolExecutor.runWorker(ThreadPoolExecutor.java:1144)
	at java.base/java.util.concurrent.ThreadPoolExecutor$Worker.run(ThreadPoolExecutor.java:642)
	at java.base/java.lang.Thread.run(Thread.java:1583)

 {"metadata":{"emulator":{"name":"firestore"},"message":"Aug 29, 2026 9:08:22 PM com.google.cloud.datastore.emulator.impl.util.WrappedStreamObserver onError\nWARNING: Operation failed: Document (projects/demo-cadence/databases/(default)/documents/users/sNQqBc1O2fAjoF6TxlRWYBEhAw8w/requests/wsKX0PqWFFo1tSxr8woypyxWRn7K) not found.\ncom.google.cloud.datastore.core.exception.DatastoreException: Document (projects/demo-cadence/databases/(default)/documents/users/sNQqBc1O2fAjoF6TxlRWYBEhAw8w/requests/wsKX0PqWFFo1tSxr8woypyxWRn7K) not found.\n\tat com.google.cloud.datastore.emulator.impl.firestore.CloudFirestoreV1.getDocument(CloudFirestoreV1.java:335)\n\tat com.google.cloud.datastore.emulator.impl.firestore.CloudFirestoreV1Router.getDocument(CloudFirestoreV1Router.java:129)\n\tat com.google.cloud.datastore.emulator.impl.firestore.CloudFirestoreV1Router.getOrListDocuments(CloudFirestoreV1Router.java:123)\n\tat com.google.cloud.datastore.emulator.firestore.v1.FirestoreV1GrpcAdapter$1.lambda$getOrListDocuments$0(FirestoreV1GrpcAdapter.java:108)\n\tat com.google.cloud.datastore.emulator.firestore.v1.FirestoreV1GrpcAdapter.unary(FirestoreV1GrpcAdapter.java:72)\n\tat com.google.cloud.datastore.emulator.firestore.v1.FirestoreV1GrpcAdapter$1.getOrListDocuments(FirestoreV1GrpcAdapter.java:108)\n\tat com.google.firestore.v1.FirestoreGrpc$MethodHandlers.invoke(FirestoreGrpc.java:1206)\n\tat io.grpc.stub.ServerCalls$UnaryServerCallHandler$UnaryServerCallListener.onHalfClose(ServerCalls.java:182)\n\tat io.grpc.PartialForwardingServerCallListener.onHalfClose(PartialForwardingServerCallListener.java:35)\n\tat io.grpc.ForwardingServerCallListener.onHalfClose(ForwardingServerCallListener.java:23)\n\tat io.grpc.ForwardingServerCallListener$SimpleForwardingServerCallListener.onHalfClose(ForwardingServerCallListener.java:40)\n\tat io.grpc.Contexts$ContextualizedServerCallListener.onHalfClose(Contexts.java:86)\n\tat io.grpc.PartialForwardingServerCallListener.onHalfClose(PartialForwardingServerCallListener.java:35)\n\tat io.grpc.ForwardingServerCallListener.onHalfClose(ForwardingServerCallListener.java:23)\n\tat io.grpc.ForwardingServerCallListener$SimpleForwardingServerCallListener.onHalfClose(ForwardingServerCallListener.java:40)\n\tat io.grpc.Contexts$ContextualizedServerCallListener.onHalfClose(Contexts.java:86)\n\tat io.grpc.internal.ServerCallImpl$ServerStreamListenerImpl.halfClosed(ServerCallImpl.java:356)\n\tat io.grpc.internal.ServerImpl$JumpToApplicationThreadServerStreamListener$1HalfClosed.runInContext(ServerImpl.java:861)\n\tat io.grpc.internal.ContextRunnable.run(ContextRunnable.java:37)\n\tat io.grpc.internal.SerializingExecutor.run(SerializingExecutor.java:133)\n\tat java.base/java.util.concurrent.ThreadPoolExecutor.runWorker(ThreadPoolExecutor.java:1144)\n\tat java.base/java.util.concurrent.ThreadPoolExecutor$Worker.run(ThreadPoolExecutor.java:642)\n\tat java.base/java.lang.Thread.run(Thread.java:1583)\n\n"}}
[debug] [2026-08-30T04:08:22.978Z] Aug 29, 2026 9:08:22 PM io.gapi.emulators.netty.HttpHandler$1 onError
INFO: Exception when handling request: NOT_FOUND: Document (projects/demo-cadence/databases/(default)/documents/users/sNQqBc1O2fAjoF6TxlRWYBEhAw8w/requests/wsKX0PqWFFo1tSxr8woypyxWRn7K) not found.
 {"metadata":{"emulator":{"name":"firestore"},"message":"Aug 29, 2026 9:08:22 PM io.gapi.emulators.netty.HttpHandler$1 onError\nINFO: Exception when handling request: NOT_FOUND: Document (projects/demo-cadence/databases/(default)/documents/users/sNQqBc1O2fAjoF6TxlRWYBEhAw8w/requests/wsKX0PqWFFo1tSxr8woypyxWRn7K) not found.\n"}}
[debug] [2026-08-30T04:08:22.987Z] Aug 29, 2026 9:08:22 PM com.google.cloud.datastore.emulator.impl.util.WrappedStreamObserver onError
WARNING: Operation failed: 
false for 'create' @ L25
com.google.cloud.datastore.core.exception.DatastoreException: 
false for 'create' @ L25
	at com.google.cloud.datastore.core.exception.DatastoreException$Builder.build(DatastoreException.java:121)
	at com.google.cloud.datastore.emulator.impl.rules.DefaultEmulatorRulesAuthorizer.verboseError(DefaultEmulatorRulesAuthorizer.java:318)
	at com.google.cloud.datastore.emulator.impl.rules.DefaultEmulatorRulesAuthorizer.withVerboseErrors(DefaultEmulatorRulesAuthorizer.java:295)
	at com.google.cloud.datastore.emulator.impl.rules.DefaultEmulatorRulesAuthorizer.checkCommit(DefaultEmulatorRulesAuthorizer.java:114)
	at com.google.cloud.datastore.emulator.impl.firestore.FirestoreEmulatorHelper.commitHelper(FirestoreEmulatorHelper.java:360)
	at com.google.cloud.datastore.emulator.impl.firestore.FirestoreEmulatorHelper.internalCommit(FirestoreEmulatorHelper.java:314)
	at com.google.cloud.datastore.emulator.impl.firestore.CloudFirestoreV1.internalCommit(CloudFirestoreV1.java:1077)
	at com.google.cloud.datastore.emulator.impl.firestore.CloudFirestoreV1.updateDocument(CloudFirestoreV1.java:458)
	at com.google.cloud.datastore.emulator.impl.firestore.CloudFirestoreV1Router.updateDocument(CloudFirestoreV1Router.java:149)
	at com.google.cloud.datastore.emulator.firestore.v1.FirestoreV1GrpcAdapter$1.lambda$updateDocument$4(FirestoreV1GrpcAdapter.java:132)
	at com.google.cloud.datastore.emulator.firestore.v1.FirestoreV1GrpcAdapter.unary(FirestoreV1GrpcAdapter.java:72)
	at com.google.cloud.datastore.emulator.firestore.v1.FirestoreV1GrpcAdapter$1.updateDocument(FirestoreV1GrpcAdapter.java:132)
	at com.google.firestore.v1.FirestoreGrpc$MethodHandlers.invoke(FirestoreGrpc.java:1218)
	at io.grpc.stub.ServerCalls$UnaryServerCallHandler$UnaryServerCallListener.onHalfClose(ServerCalls.java:182)
	at io.grpc.PartialForwardingServerCallListener.onHalfClose(PartialForwardingServerCallListener.java:35)
	at io.grpc.ForwardingServerCallListener.onHalfClose(ForwardingServerCallListener.java:23)
	at io.grpc.ForwardingServerCallListener$SimpleForwardingServerCallListener.onHalfClose(ForwardingServerCallListener.java:40)
	at io.grpc.Contexts$ContextualizedServerCallListener.onHalfClose(Contexts.java:86)
	at io.grpc.PartialForwardingServerCallListener.onHalfClose(PartialForwardingServerCallListener.java:35)
	at io.grpc.ForwardingServerCallListener.onHalfClose(ForwardingServerCallListener.java:23)
	at io.grpc.ForwardingServerCallListener$SimpleForwardingServerCallListener.onHalfClose(ForwardingServerCallListener.java:40)
	at io.grpc.Contexts$ContextualizedServerCallListener.onHalfClose(Contexts.java:86)
	at io.grpc.internal.ServerCallImpl$ServerStreamListenerImpl.halfClosed(ServerCallImpl.java:356)
	at io.grpc.internal.ServerImpl$JumpToApplicationThreadServerStreamListener$1HalfClosed.runInContext(ServerImpl.java:861)
	at io.grpc.internal.ContextRunnable.run(ContextRunnable.java:37)
	at io.grpc.internal.SerializingExecutor.run(SerializingExecutor.java:133)
	at java.base/java.util.concurrent.ThreadPoolExecutor.runWorker(ThreadPoolExecutor.java:1144)
	at java.base/java.util.concurrent.ThreadPoolExecutor$Worker.run(ThreadPoolExecutor.java:642)
	at java.base/java.lang.Thread.run(Thread.java:1583)

 {"metadata":{"emulator":{"name":"firestore"},"message":"Aug 29, 2026 9:08:22 PM com.google.cloud.datastore.emulator.impl.util.WrappedStreamObserver onError\nWARNING: Operation failed: \nfalse for 'create' @ L25\ncom.google.cloud.datastore.core.exception.DatastoreException: \nfalse for 'create' @ L25\n\tat com.google.cloud.datastore.core.exception.DatastoreException$Builder.build(DatastoreException.java:121)\n\tat com.google.cloud.datastore.emulator.impl.rules.DefaultEmulatorRulesAuthorizer.verboseError(DefaultEmulatorRulesAuthorizer.java:318)\n\tat com.google.cloud.datastore.emulator.impl.rules.DefaultEmulatorRulesAuthorizer.withVerboseErrors(DefaultEmulatorRulesAuthorizer.java:295)\n\tat com.google.cloud.datastore.emulator.impl.rules.DefaultEmulatorRulesAuthorizer.checkCommit(DefaultEmulatorRulesAuthorizer.java:114)\n\tat com.google.cloud.datastore.emulator.impl.firestore.FirestoreEmulatorHelper.commitHelper(FirestoreEmulatorHelper.java:360)\n\tat com.google.cloud.datastore.emulator.impl.firestore.FirestoreEmulatorHelper.internalCommit(FirestoreEmulatorHelper.java:314)\n\tat com.google.cloud.datastore.emulator.impl.firestore.CloudFirestoreV1.internalCommit(CloudFirestoreV1.java:1077)\n\tat com.google.cloud.datastore.emulator.impl.firestore.CloudFirestoreV1.updateDocument(CloudFirestoreV1.java:458)\n\tat com.google.cloud.datastore.emulator.impl.firestore.CloudFirestoreV1Router.updateDocument(CloudFirestoreV1Router.java:149)\n\tat com.google.cloud.datastore.emulator.firestore.v1.FirestoreV1GrpcAdapter$1.lambda$updateDocument$4(FirestoreV1GrpcAdapter.java:132)\n\tat com.google.cloud.datastore.emulator.firestore.v1.FirestoreV1GrpcAdapter.unary(FirestoreV1GrpcAdapter.java:72)\n\tat com.google.cloud.datastore.emulator.firestore.v1.FirestoreV1GrpcAdapter$1.updateDocument(FirestoreV1GrpcAdapter.java:132)\n\tat com.google.firestore.v1.FirestoreGrpc$MethodHandlers.invoke(FirestoreGrpc.java:1218)\n\tat io.grpc.stub.ServerCalls$UnaryServerCallHandler$UnaryServerCallListener.onHalfClose(ServerCalls.java:182)\n\tat io.grpc.PartialForwardingServerCallListener.onHalfClose(PartialForwardingServerCallListener.java:35)\n\tat io.grpc.ForwardingServerCallListener.onHalfClose(ForwardingServerCallListener.java:23)\n\tat io.grpc.ForwardingServerCallListener$SimpleForwardingServerCallListener.onHalfClose(ForwardingServerCallListener.java:40)\n\tat io.grpc.Contexts$ContextualizedServerCallListener.onHalfClose(Contexts.java:86)\n\tat io.grpc.PartialForwardingServerCallListener.onHalfClose(PartialForwardingServerCallListener.java:35)\n\tat io.grpc.ForwardingServerCallListener.onHalfClose(ForwardingServerCallListener.java:23)\n\tat io.grpc.ForwardingServerCallListener$SimpleForwardingServerCallListener.onHalfClose(ForwardingServerCallListener.java:40)\n\tat io.grpc.Contexts$ContextualizedServerCallListener.onHalfClose(Contexts.java:86)\n\tat io.grpc.internal.ServerCallImpl$ServerStreamListenerImpl.halfClosed(ServerCallImpl.java:356)\n\tat io.grpc.internal.ServerImpl$JumpToApplicationThreadServerStreamListener$1HalfClosed.runInContext(ServerImpl.java:861)\n\tat io.grpc.internal.ContextRunnable.run(ContextRunnable.java:37)\n\tat io.grpc.internal.SerializingExecutor.run(SerializingExecutor.java:133)\n\tat java.base/java.util.concurrent.ThreadPoolExecutor.runWorker(ThreadPoolExecutor.java:1144)\n\tat java.base/java.util.concurrent.ThreadPoolExecutor$Worker.run(ThreadPoolExecutor.java:642)\n\tat java.base/java.lang.Thread.run(Thread.java:1583)\n\n"}}
[debug] [2026-08-30T04:08:22.987Z] Aug 29, 2026 9:08:22 PM io.gapi.emulators.netty.HttpHandler$1 onError
INFO: Exception when handling request: PERMISSION_DENIED: 
false for 'create' @ L25
 {"metadata":{"emulator":{"name":"firestore"},"message":"Aug 29, 2026 9:08:22 PM io.gapi.emulators.netty.HttpHandler$1 onError\nINFO: Exception when handling request: PERMISSION_DENIED: \nfalse for 'create' @ L25\n"}}
[debug] [2026-08-30T04:08:23.000Z] Aug 29, 2026 9:08:23 PM com.google.cloud.datastore.emulator.impl.util.WrappedStreamObserver onError
WARNING: Operation failed: Document (projects/demo-cadence/databases/(default)/documents/friends/wsKX0PqWFFo1tSxr8woypyxWRn7K/list/sNQqBc1O2fAjoF6TxlRWYBEhAw8w) not found.
com.google.cloud.datastore.core.exception.DatastoreException: Document (projects/demo-cadence/databases/(default)/documents/friends/wsKX0PqWFFo1tSxr8woypyxWRn7K/list/sNQqBc1O2fAjoF6TxlRWYBEhAw8w) not found.
	at com.google.cloud.datastore.emulator.impl.firestore.CloudFirestoreV1.getDocument(CloudFirestoreV1.java:335)
	at com.google.cloud.datastore.emulator.impl.firestore.CloudFirestoreV1Router.getDocument(CloudFirestoreV1Router.java:129)
	at com.google.cloud.datastore.emulator.impl.firestore.CloudFirestoreV1Router.getOrListDocuments(CloudFirestoreV1Router.java:123)
	at com.google.cloud.datastore.emulator.firestore.v1.FirestoreV1GrpcAdapter$1.lambda$getOrListDocuments$0(FirestoreV1GrpcAdapter.java:108)
	at com.google.cloud.datastore.emulator.firestore.v1.FirestoreV1GrpcAdapter.unary(FirestoreV1GrpcAdapter.java:72)
	at com.google.cloud.datastore.emulator.firestore.v1.FirestoreV1GrpcAdapter$1.getOrListDocuments(FirestoreV1GrpcAdapter.java:108)
	at com.google.firestore.v1.FirestoreGrpc$MethodHandlers.invoke(FirestoreGrpc.java:1206)
	at io.grpc.stub.ServerCalls$UnaryServerCallHandler$UnaryServerCallListener.onHalfClose(ServerCalls.java:182)
	at io.grpc.PartialForwardingServerCallListener.onHalfClose(PartialForwardingServerCallListener.java:35)
	at io.grpc.ForwardingServerCallListener.onHalfClose(ForwardingServerCallListener.java:23)
	at io.grpc.ForwardingServerCallListener$SimpleForwardingServerCallListener.onHalfClose(ForwardingServerCallListener.java:40)
	at io.grpc.Contexts$ContextualizedServerCallListener.onHalfClose(Contexts.java:86)
	at io.grpc.PartialForwardingServerCallListener.onHalfClose(PartialForwardingServerCallListener.java:35)
	at io.grpc.ForwardingServerCallListener.onHalfClose(ForwardingServerCallListener.java:23)
	at io.grpc.ForwardingServerCallListener$SimpleForwardingServerCallListener.onHalfClose(ForwardingServerCallListener.java:40)
	at io.grpc.Contexts$ContextualizedServerCallListener.onHalfClose(Contexts.java:86)
	at io.grpc.internal.ServerCallImpl$ServerStreamListenerImpl.halfClosed(ServerCallImpl.java:356)
	at io.grpc.internal.ServerImpl$JumpToApplicationThreadServerStreamListener$1HalfClosed.runInContext(ServerImpl.java:861)
	at io.grpc.internal.ContextRunnable.run(ContextRunnable.java:37)
	at io.grpc.internal.SerializingExecutor.run(SerializingExecutor.java:133)
	at java.base/java.util.concurrent.ThreadPoolExecutor.runWorker(ThreadPoolExecutor.java:1144)
	at java.base/java.util.concurrent.ThreadPoolExecutor$Worker.run(ThreadPoolExecutor.java:642)
	at java.base/java.lang.Thread.run(Thread.java:1583)

 {"metadata":{"emulator":{"name":"firestore"},"message":"Aug 29, 2026 9:08:23 PM com.google.cloud.datastore.emulator.impl.util.WrappedStreamObserver onError\nWARNING: Operation failed: Document (projects/demo-cadence/databases/(default)/documents/friends/wsKX0PqWFFo1tSxr8woypyxWRn7K/list/sNQqBc1O2fAjoF6TxlRWYBEhAw8w) not found.\ncom.google.cloud.datastore.core.exception.DatastoreException: Document (projects/demo-cadence/databases/(default)/documents/friends/wsKX0PqWFFo1tSxr8woypyxWRn7K/list/sNQqBc1O2fAjoF6TxlRWYBEhAw8w) not found.\n\tat com.google.cloud.datastore.emulator.impl.firestore.CloudFirestoreV1.getDocument(CloudFirestoreV1.java:335)\n\tat com.google.cloud.datastore.emulator.impl.firestore.CloudFirestoreV1Router.getDocument(CloudFirestoreV1Router.java:129)\n\tat com.google.cloud.datastore.emulator.impl.firestore.CloudFirestoreV1Router.getOrListDocuments(CloudFirestoreV1Router.java:123)\n\tat com.google.cloud.datastore.emulator.firestore.v1.FirestoreV1GrpcAdapter$1.lambda$getOrListDocuments$0(FirestoreV1GrpcAdapter.java:108)\n\tat com.google.cloud.datastore.emulator.firestore.v1.FirestoreV1GrpcAdapter.unary(FirestoreV1GrpcAdapter.java:72)\n\tat com.google.cloud.datastore.emulator.firestore.v1.FirestoreV1GrpcAdapter$1.getOrListDocuments(FirestoreV1GrpcAdapter.java:108)\n\tat com.google.firestore.v1.FirestoreGrpc$MethodHandlers.invoke(FirestoreGrpc.java:1206)\n\tat io.grpc.stub.ServerCalls$UnaryServerCallHandler$UnaryServerCallListener.onHalfClose(ServerCalls.java:182)\n\tat io.grpc.PartialForwardingServerCallListener.onHalfClose(PartialForwardingServerCallListener.java:35)\n\tat io.grpc.ForwardingServerCallListener.onHalfClose(ForwardingServerCallListener.java:23)\n\tat io.grpc.ForwardingServerCallListener$SimpleForwardingServerCallListener.onHalfClose(ForwardingServerCallListener.java:40)\n\tat io.grpc.Contexts$ContextualizedServerCallListener.onHalfClose(Contexts.java:86)\n\tat io.grpc.PartialForwardingServerCallListener.onHalfClose(PartialForwardingServerCallListener.java:35)\n\tat io.grpc.ForwardingServerCallListener.onHalfClose(ForwardingServerCallListener.java:23)\n\tat io.grpc.ForwardingServerCallListener$SimpleForwardingServerCallListener.onHalfClose(ForwardingServerCallListener.java:40)\n\tat io.grpc.Contexts$ContextualizedServerCallListener.onHalfClose(Contexts.java:86)\n\tat io.grpc.internal.ServerCallImpl$ServerStreamListenerImpl.halfClosed(ServerCallImpl.java:356)\n\tat io.grpc.internal.ServerImpl$JumpToApplicationThreadServerStreamListener$1HalfClosed.runInContext(ServerImpl.java:861)\n\tat io.grpc.internal.ContextRunnable.run(ContextRunnable.java:37)\n\tat io.grpc.internal.SerializingExecutor.run(SerializingExecutor.java:133)\n\tat java.base/java.util.concurrent.ThreadPoolExecutor.runWorker(ThreadPoolExecutor.java:1144)\n\tat java.base/java.util.concurrent.ThreadPoolExecutor$Worker.run(ThreadPoolExecutor.java:642)\n\tat java.base/java.lang.Thread.run(Thread.java:1583)\n\n"}}
[debug] [2026-08-30T04:08:23.001Z] Aug 29, 2026 9:08:23 PM io.gapi.emulators.netty.HttpHandler$1 onError
INFO: Exception when handling request: NOT_FOUND: Document (projects/demo-cadence/databases/(default)/documents/friends/wsKX0PqWFFo1tSxr8woypyxWRn7K/list/sNQqBc1O2fAjoF6TxlRWYBEhAw8w) not found.
 {"metadata":{"emulator":{"name":"firestore"},"message":"Aug 29, 2026 9:08:23 PM io.gapi.emulators.netty.HttpHandler$1 onError\nINFO: Exception when handling request: NOT_FOUND: Document (projects/demo-cadence/databases/(default)/documents/friends/wsKX0PqWFFo1tSxr8woypyxWRn7K/list/sNQqBc1O2fAjoF6TxlRWYBEhAw8w) not found.\n"}}
[debug] [2026-08-30T04:08:23.046Z] Aug 29, 2026 9:08:23 PM io.gapi.emulators.netty.HttpVersionRoutingHandler channelRead
INFO: Detected non-HTTP/2 connection.
 {"metadata":{"emulator":{"name":"firestore"},"message":"Aug 29, 2026 9:08:23 PM io.gapi.emulators.netty.HttpVersionRoutingHandler channelRead\nINFO: Detected non-HTTP/2 connection.\n"}}
[debug] [2026-08-30T04:08:23.066Z] Aug 29, 2026 9:08:23 PM io.gapi.emulators.netty.HttpVersionRoutingHandler channelRead
INFO: Detected non-HTTP/2 connection.
 {"metadata":{"emulator":{"name":"firestore"},"message":"Aug 29, 2026 9:08:23 PM io.gapi.emulators.netty.HttpVersionRoutingHandler channelRead\nINFO: Detected non-HTTP/2 connection.\n"}}
[debug] [2026-08-30T04:08:23.102Z] Aug 29, 2026 9:08:23 PM com.google.cloud.datastore.emulator.impl.util.WrappedStreamObserver onError
WARNING: Operation failed: 
evaluation error at L54:22 for 'get' @ L54, false for 'get' @ L54
com.google.cloud.datastore.core.exception.DatastoreException: 
evaluation error at L54:22 for 'get' @ L54, false for 'get' @ L54
	at com.google.cloud.datastore.core.exception.DatastoreException$Builder.build(DatastoreException.java:121)
	at com.google.cloud.datastore.emulator.impl.rules.DefaultEmulatorRulesAuthorizer.verboseError(DefaultEmulatorRulesAuthorizer.java:318)
	at com.google.cloud.datastore.emulator.impl.rules.DefaultEmulatorRulesAuthorizer.withVerboseErrors(DefaultEmulatorRulesAuthorizer.java:295)
	at com.google.cloud.datastore.emulator.impl.rules.DefaultEmulatorRulesAuthorizer.checkLookup(DefaultEmulatorRulesAuthorizer.java:153)
	at com.google.cloud.datastore.emulator.impl.firestore.FirestoreEmulatorHelper.snapshotRead(FirestoreEmulatorHelper.java:286)
	at com.google.cloud.datastore.emulator.impl.firestore.FirestoreEmulatorHelper.lambda$read$0(FirestoreEmulatorHelper.java:245)
	at com.google.cloud.datastore.emulator.impl.transactions.EmulatorTransactionManager$ReadOnlyTransaction.fold(EmulatorTransactionManager.java:461)
	at com.google.cloud.datastore.emulator.impl.firestore.FirestoreEmulatorHelper.read(FirestoreEmulatorHelper.java:244)
	at com.google.cloud.datastore.emulator.impl.firestore.CloudFirestoreV1.getDocument(CloudFirestoreV1.java:331)
	at com.google.cloud.datastore.emulator.impl.firestore.CloudFirestoreV1Router.getDocument(CloudFirestoreV1Router.java:129)
	at com.google.cloud.datastore.emulator.impl.firestore.CloudFirestoreV1Router.getOrListDocuments(CloudFirestoreV1Router.java:123)
	at com.google.cloud.datastore.emulator.firestore.v1.FirestoreV1GrpcAdapter$1.lambda$getOrListDocuments$0(FirestoreV1GrpcAdapter.java:108)
	at com.google.cloud.datastore.emulator.firestore.v1.FirestoreV1GrpcAdapter.unary(FirestoreV1GrpcAdapter.java:72)
	at com.google.cloud.datastore.emulator.firestore.v1.FirestoreV1GrpcAdapter$1.getOrListDocuments(FirestoreV1GrpcAdapter.java:108)
	at com.google.firestore.v1.FirestoreGrpc$MethodHandlers.invoke(FirestoreGrpc.java:1206)
	at io.grpc.stub.ServerCalls$UnaryServerCallHandler$UnaryServerCallListener.onHalfClose(ServerCalls.java:182)
	at io.grpc.PartialForwardingServerCallListener.onHalfClose(PartialForwardingServerCallListener.java:35)
	at io.grpc.ForwardingServerCallListener.onHalfClose(ForwardingServerCallListener.java:23)
	at io.grpc.ForwardingServerCallListener$SimpleForwardingServerCallListener.onHalfClose(ForwardingServerCallListener.java:40)
	at io.grpc.Contexts$ContextualizedServerCallListener.onHalfClose(Contexts.java:86)
	at io.grpc.PartialForwardingServerCallListener.onHalfClose(PartialForwardingServerCallListener.java:35)
	at io.grpc.ForwardingServerCallListener.onHalfClose(ForwardingServerCallListener.java:23)
	at io.grpc.ForwardingServerCallListener$SimpleForwardingServerCallListener.onHalfClose(ForwardingServerCallListener.java:40)
	at io.grpc.Contexts$ContextualizedServerCallListener.onHalfClose(Contexts.java:86)
	at io.grpc.internal.ServerCallImpl$ServerStreamListenerImpl.halfClosed(ServerCallImpl.java:356)
	at io.grpc.internal.ServerImpl$JumpToApplicationThreadServerStreamListener$1HalfClosed.runInContext(ServerImpl.java:861)
	at io.grpc.internal.ContextRunnable.run(ContextRunnable.java:37)
	at io.grpc.internal.SerializingExecutor.run(SerializingExecutor.java:133)
	at java.base/java.util.concurrent.ThreadPoolExecutor.runWorker(ThreadPoolExecutor.java:1144)
	at java.base/java.util.concurrent.ThreadPoolExecutor$Worker.run(ThreadPoolExecutor.java:642)
	at java.base/java.lang.Thread.run(Thread.java:1583)

 {"metadata":{"emulator":{"name":"firestore"},"message":"Aug 29, 2026 9:08:23 PM com.google.cloud.datastore.emulator.impl.util.WrappedStreamObserver onError\nWARNING: Operation failed: \nevaluation error at L54:22 for 'get' @ L54, false for 'get' @ L54\ncom.google.cloud.datastore.core.exception.DatastoreException: \nevaluation error at L54:22 for 'get' @ L54, false for 'get' @ L54\n\tat com.google.cloud.datastore.core.exception.DatastoreException$Builder.build(DatastoreException.java:121)\n\tat com.google.cloud.datastore.emulator.impl.rules.DefaultEmulatorRulesAuthorizer.verboseError(DefaultEmulatorRulesAuthorizer.java:318)\n\tat com.google.cloud.datastore.emulator.impl.rules.DefaultEmulatorRulesAuthorizer.withVerboseErrors(DefaultEmulatorRulesAuthorizer.java:295)\n\tat com.google.cloud.datastore.emulator.impl.rules.DefaultEmulatorRulesAuthorizer.checkLookup(DefaultEmulatorRulesAuthorizer.java:153)\n\tat com.google.cloud.datastore.emulator.impl.firestore.FirestoreEmulatorHelper.snapshotRead(FirestoreEmulatorHelper.java:286)\n\tat com.google.cloud.datastore.emulator.impl.firestore.FirestoreEmulatorHelper.lambda$read$0(FirestoreEmulatorHelper.java:245)\n\tat com.google.cloud.datastore.emulator.impl.transactions.EmulatorTransactionManager$ReadOnlyTransaction.fold(EmulatorTransactionManager.java:461)\n\tat com.google.cloud.datastore.emulator.impl.firestore.FirestoreEmulatorHelper.read(FirestoreEmulatorHelper.java:244)\n\tat com.google.cloud.datastore.emulator.impl.firestore.CloudFirestoreV1.getDocument(CloudFirestoreV1.java:331)\n\tat com.google.cloud.datastore.emulator.impl.firestore.CloudFirestoreV1Router.getDocument(CloudFirestoreV1Router.java:129)\n\tat com.google.cloud.datastore.emulator.impl.firestore.CloudFirestoreV1Router.getOrListDocuments(CloudFirestoreV1Router.java:123)\n\tat com.google.cloud.datastore.emulator.firestore.v1.FirestoreV1GrpcAdapter$1.lambda$getOrListDocuments$0(FirestoreV1GrpcAdapter.java:108)\n\tat com.google.cloud.datastore.emulator.firestore.v1.FirestoreV1GrpcAdapter.unary(FirestoreV1GrpcAdapter.java:72)\n\tat com.google.cloud.datastore.emulator.firestore.v1.FirestoreV1GrpcAdapter$1.getOrListDocuments(FirestoreV1GrpcAdapter.java:108)\n\tat com.google.firestore.v1.FirestoreGrpc$MethodHandlers.invoke(FirestoreGrpc.java:1206)\n\tat io.grpc.stub.ServerCalls$UnaryServerCallHandler$UnaryServerCallListener.onHalfClose(ServerCalls.java:182)\n\tat io.grpc.PartialForwardingServerCallListener.onHalfClose(PartialForwardingServerCallListener.java:35)\n\tat io.grpc.ForwardingServerCallListener.onHalfClose(ForwardingServerCallListener.java:23)\n\tat io.grpc.ForwardingServerCallListener$SimpleForwardingServerCallListener.onHalfClose(ForwardingServerCallListener.java:40)\n\tat io.grpc.Contexts$ContextualizedServerCallListener.onHalfClose(Contexts.java:86)\n\tat io.grpc.PartialForwardingServerCallListener.onHalfClose(PartialForwardingServerCallListener.java:35)\n\tat io.grpc.ForwardingServerCallListener.onHalfClose(ForwardingServerCallListener.java:23)\n\tat io.grpc.ForwardingServerCallListener$SimpleForwardingServerCallListener.onHalfClose(ForwardingServerCallListener.java:40)\n\tat io.grpc.Contexts$ContextualizedServerCallListener.onHalfClose(Contexts.java:86)\n\tat io.grpc.internal.ServerCallImpl$ServerStreamListenerImpl.halfClosed(ServerCallImpl.java:356)\n\tat io.grpc.internal.ServerImpl$JumpToApplicationThreadServerStreamListener$1HalfClosed.runInContext(ServerImpl.java:861)\n\tat io.grpc.internal.ContextRunnable.run(ContextRunnable.java:37)\n\tat io.grpc.internal.SerializingExecutor.run(SerializingExecutor.java:133)\n\tat java.base/java.util.concurrent.ThreadPoolExecutor.runWorker(ThreadPoolExecutor.java:1144)\n\tat java.base/java.util.concurrent.ThreadPoolExecutor$Worker.run(ThreadPoolExecutor.java:642)\n\tat java.base/java.lang.Thread.run(Thread.java:1583)\n\n"}}
[debug] [2026-08-30T04:08:23.102Z] Aug 29, 2026 9:08:23 PM io.gapi.emulators.netty.HttpHandler$1 onError
INFO: Exception when handling request: PERMISSION_DENIED: 
evaluation error at L54:22 for 'get' @ L54, false for 'get' @ L54
 {"metadata":{"emulator":{"name":"firestore"},"message":"Aug 29, 2026 9:08:23 PM io.gapi.emulators.netty.HttpHandler$1 onError\nINFO: Exception when handling request: PERMISSION_DENIED: \nevaluation error at L54:22 for 'get' @ L54, false for 'get' @ L54\n"}}
[debug] [2026-08-30T04:08:23.108Z] Aug 29, 2026 9:08:23 PM com.google.cloud.datastore.emulator.impl.util.WrappedStreamObserver onError
WARNING: Operation failed: 
false for 'create' @ L55, false for 'update' @ L55
com.google.cloud.datastore.core.exception.DatastoreException: 
false for 'create' @ L55, false for 'update' @ L55
	at com.google.cloud.datastore.core.exception.DatastoreException$Builder.build(DatastoreException.java:121)
	at com.google.cloud.datastore.emulator.impl.rules.DefaultEmulatorRulesAuthorizer.verboseError(DefaultEmulatorRulesAuthorizer.java:318)
	at com.google.cloud.datastore.emulator.impl.rules.DefaultEmulatorRulesAuthorizer.withVerboseErrors(DefaultEmulatorRulesAuthorizer.java:295)
	at com.google.cloud.datastore.emulator.impl.rules.DefaultEmulatorRulesAuthorizer.checkCommit(DefaultEmulatorRulesAuthorizer.java:114)
	at com.google.cloud.datastore.emulator.impl.firestore.FirestoreEmulatorHelper.commitHelper(FirestoreEmulatorHelper.java:360)
	at com.google.cloud.datastore.emulator.impl.firestore.FirestoreEmulatorHelper.internalCommit(FirestoreEmulatorHelper.java:314)
	at com.google.cloud.datastore.emulator.impl.firestore.CloudFirestoreV1.internalCommit(CloudFirestoreV1.java:1077)
	at com.google.cloud.datastore.emulator.impl.firestore.CloudFirestoreV1.updateDocument(CloudFirestoreV1.java:458)
	at com.google.cloud.datastore.emulator.impl.firestore.CloudFirestoreV1Router.updateDocument(CloudFirestoreV1Router.java:149)
	at com.google.cloud.datastore.emulator.firestore.v1.FirestoreV1GrpcAdapter$1.lambda$updateDocument$4(FirestoreV1GrpcAdapter.java:132)
	at com.google.cloud.datastore.emulator.firestore.v1.FirestoreV1GrpcAdapter.unary(FirestoreV1GrpcAdapter.java:72)
	at com.google.cloud.datastore.emulator.firestore.v1.FirestoreV1GrpcAdapter$1.updateDocument(FirestoreV1GrpcAdapter.java:132)
	at com.google.firestore.v1.FirestoreGrpc$MethodHandlers.invoke(FirestoreGrpc.java:1218)
	at io.grpc.stub.ServerCalls$UnaryServerCallHandler$UnaryServerCallListener.onHalfClose(ServerCalls.java:182)
	at io.grpc.PartialForwardingServerCallListener.onHalfClose(PartialForwardingServerCallListener.java:35)
	at io.grpc.ForwardingServerCallListener.onHalfClose(ForwardingServerCallListener.java:23)
	at io.grpc.ForwardingServerCallListener$SimpleForwardingServerCallListener.onHalfClose(ForwardingServerCallListener.java:40)
	at io.grpc.Contexts$ContextualizedServerCallListener.onHalfClose(Contexts.java:86)
	at io.grpc.PartialForwardingServerCallListener.onHalfClose(PartialForwardingServerCallListener.java:35)
	at io.grpc.ForwardingServerCallListener.onHalfClose(ForwardingServerCallListener.java:23)
	at io.grpc.ForwardingServerCallListener$SimpleForwardingServerCallListener.onHalfClose(ForwardingServerCallListener.java:40)
	at io.grpc.Contexts$ContextualizedServerCallListener.onHalfClose(Contexts.java:86)
	at io.grpc.internal.ServerCallImpl$ServerStreamListenerImpl.halfClosed(ServerCallImpl.java:356)
	at io.grpc.internal.ServerImpl$JumpToApplicationThreadServerStreamListener$1HalfClosed.runInContext(ServerImpl.java:861)
	at io.grpc.internal.ContextRunnable.run(ContextRunnable.java:37)
	at io.grpc.internal.SerializingExecutor.run(SerializingExecutor.java:133)
	at java.base/java.util.concurrent.ThreadPoolExecutor.runWorker(ThreadPoolExecutor.java:1144)
	at java.base/java.util.concurrent.ThreadPoolExecutor$Worker.run(ThreadPoolExecutor.java:642)
	at java.base/java.lang.Thread.run(Thread.java:1583)

 {"metadata":{"emulator":{"name":"firestore"},"message":"Aug 29, 2026 9:08:23 PM com.google.cloud.datastore.emulator.impl.util.WrappedStreamObserver onError\nWARNING: Operation failed: \nfalse for 'create' @ L55, false for 'update' @ L55\ncom.google.cloud.datastore.core.exception.DatastoreException: \nfalse for 'create' @ L55, false for 'update' @ L55\n\tat com.google.cloud.datastore.core.exception.DatastoreException$Builder.build(DatastoreException.java:121)\n\tat com.google.cloud.datastore.emulator.impl.rules.DefaultEmulatorRulesAuthorizer.verboseError(DefaultEmulatorRulesAuthorizer.java:318)\n\tat com.google.cloud.datastore.emulator.impl.rules.DefaultEmulatorRulesAuthorizer.withVerboseErrors(DefaultEmulatorRulesAuthorizer.java:295)\n\tat com.google.cloud.datastore.emulator.impl.rules.DefaultEmulatorRulesAuthorizer.checkCommit(DefaultEmulatorRulesAuthorizer.java:114)\n\tat com.google.cloud.datastore.emulator.impl.firestore.FirestoreEmulatorHelper.commitHelper(FirestoreEmulatorHelper.java:360)\n\tat com.google.cloud.datastore.emulator.impl.firestore.FirestoreEmulatorHelper.internalCommit(FirestoreEmulatorHelper.java:314)\n\tat com.google.cloud.datastore.emulator.impl.firestore.CloudFirestoreV1.internalCommit(CloudFirestoreV1.java:1077)\n\tat com.google.cloud.datastore.emulator.impl.firestore.CloudFirestoreV1.updateDocument(CloudFirestoreV1.java:458)\n\tat com.google.cloud.datastore.emulator.impl.firestore.CloudFirestoreV1Router.updateDocument(CloudFirestoreV1Router.java:149)\n\tat com.google.cloud.datastore.emulator.firestore.v1.FirestoreV1GrpcAdapter$1.lambda$updateDocument$4(FirestoreV1GrpcAdapter.java:132)\n\tat com.google.cloud.datastore.emulator.firestore.v1.FirestoreV1GrpcAdapter.unary(FirestoreV1GrpcAdapter.java:72)\n\tat com.google.cloud.datastore.emulator.firestore.v1.FirestoreV1GrpcAdapter$1.updateDocument(FirestoreV1GrpcAdapter.java:132)\n\tat com.google.firestore.v1.FirestoreGrpc$MethodHandlers.invoke(FirestoreGrpc.java:1218)\n\tat io.grpc.stub.ServerCalls$UnaryServerCallHandler$UnaryServerCallListener.onHalfClose(ServerCalls.java:182)\n\tat io.grpc.PartialForwardingServerCallListener.onHalfClose(PartialForwardingServerCallListener.java:35)\n\tat io.grpc.ForwardingServerCallListener.onHalfClose(ForwardingServerCallListener.java:23)\n\tat io.grpc.ForwardingServerCallListener$SimpleForwardingServerCallListener.onHalfClose(ForwardingServerCallListener.java:40)\n\tat io.grpc.Contexts$ContextualizedServerCallListener.onHalfClose(Contexts.java:86)\n\tat io.grpc.PartialForwardingServerCallListener.onHalfClose(PartialForwardingServerCallListener.java:35)\n\tat io.grpc.ForwardingServerCallListener.onHalfClose(ForwardingServerCallListener.java:23)\n\tat io.grpc.ForwardingServerCallListener$SimpleForwardingServerCallListener.onHalfClose(ForwardingServerCallListener.java:40)\n\tat io.grpc.Contexts$ContextualizedServerCallListener.onHalfClose(Contexts.java:86)\n\tat io.grpc.internal.ServerCallImpl$ServerStreamListenerImpl.halfClosed(ServerCallImpl.java:356)\n\tat io.grpc.internal.ServerImpl$JumpToApplicationThreadServerStreamListener$1HalfClosed.runInContext(ServerImpl.java:861)\n\tat io.grpc.internal.ContextRunnable.run(ContextRunnable.java:37)\n\tat io.grpc.internal.SerializingExecutor.run(SerializingExecutor.java:133)\n\tat java.base/java.util.concurrent.ThreadPoolExecutor.runWorker(ThreadPoolExecutor.java:1144)\n\tat java.base/java.util.concurrent.ThreadPoolExecutor$Worker.run(ThreadPoolExecutor.java:642)\n\tat java.base/java.lang.Thread.run(Thread.java:1583)\n\n"}}
[debug] [2026-08-30T04:08:23.109Z] Aug 29, 2026 9:08:23 PM io.gapi.emulators.netty.HttpHandler$1 onError
INFO: Exception when handling request: PERMISSION_DENIED: 
false for 'create' @ L55, false for 'update' @ L55
 {"metadata":{"emulator":{"name":"firestore"},"message":"Aug 29, 2026 9:08:23 PM io.gapi.emulators.netty.HttpHandler$1 onError\nINFO: Exception when handling request: PERMISSION_DENIED: \nfalse for 'create' @ L55, false for 'update' @ L55\n"}}
[debug] [2026-08-30T04:08:23.115Z] Aug 29, 2026 9:08:23 PM com.google.cloud.datastore.emulator.impl.util.WrappedStreamObserver onError
WARNING: Operation failed: 
evaluation error at L46:9 for 'create' @ L46, false for 'create' @ L46
com.google.cloud.datastore.core.exception.DatastoreException: 
evaluation error at L46:9 for 'create' @ L46, false for 'create' @ L46
	at com.google.cloud.datastore.core.exception.DatastoreException$Builder.build(DatastoreException.java:121)
	at com.google.cloud.datastore.emulator.impl.rules.DefaultEmulatorRulesAuthorizer.verboseError(DefaultEmulatorRulesAuthorizer.java:318)
	at com.google.cloud.datastore.emulator.impl.rules.DefaultEmulatorRulesAuthorizer.withVerboseErrors(DefaultEmulatorRulesAuthorizer.java:295)
	at com.google.cloud.datastore.emulator.impl.rules.DefaultEmulatorRulesAuthorizer.checkCommit(DefaultEmulatorRulesAuthorizer.java:114)
	at com.google.cloud.datastore.emulator.impl.firestore.FirestoreEmulatorHelper.commitHelper(FirestoreEmulatorHelper.java:360)
	at com.google.cloud.datastore.emulator.impl.firestore.FirestoreEmulatorHelper.internalCommit(FirestoreEmulatorHelper.java:314)
	at com.google.cloud.datastore.emulator.impl.firestore.CloudFirestoreV1.internalCommit(CloudFirestoreV1.java:1077)
	at com.google.cloud.datastore.emulator.impl.firestore.CloudFirestoreV1.updateDocument(CloudFirestoreV1.java:458)
	at com.google.cloud.datastore.emulator.impl.firestore.CloudFirestoreV1Router.updateDocument(CloudFirestoreV1Router.java:149)
	at com.google.cloud.datastore.emulator.firestore.v1.FirestoreV1GrpcAdapter$1.lambda$updateDocument$4(FirestoreV1GrpcAdapter.java:132)
	at com.google.cloud.datastore.emulator.firestore.v1.FirestoreV1GrpcAdapter.unary(FirestoreV1GrpcAdapter.java:72)
	at com.google.cloud.datastore.emulator.firestore.v1.FirestoreV1GrpcAdapter$1.updateDocument(FirestoreV1GrpcAdapter.java:132)
	at com.google.firestore.v1.FirestoreGrpc$MethodHandlers.invoke(FirestoreGrpc.java:1218)
	at io.grpc.stub.ServerCalls$UnaryServerCallHandler$UnaryServerCallListener.onHalfClose(ServerCalls.java:182)
	at io.grpc.PartialForwardingServerCallListener.onHalfClose(PartialForwardingServerCallListener.java:35)
	at io.grpc.ForwardingServerCallListener.onHalfClose(ForwardingServerCallListener.java:23)
	at io.grpc.ForwardingServerCallListener$SimpleForwardingServerCallListener.onHalfClose(ForwardingServerCallListener.java:40)
	at io.grpc.Contexts$ContextualizedServerCallListener.onHalfClose(Contexts.java:86)
	at io.grpc.PartialForwardingServerCallListener.onHalfClose(PartialForwardingServerCallListener.java:35)
	at io.grpc.ForwardingServerCallListener.onHalfClose(ForwardingServerCallListener.java:23)
	at io.grpc.ForwardingServerCallListener$SimpleForwardingServerCallListener.onHalfClose(ForwardingServerCallListener.java:40)
	at io.grpc.Contexts$ContextualizedServerCallListener.onHalfClose(Contexts.java:86)
	at io.grpc.internal.ServerCallImpl$ServerStreamListenerImpl.halfClosed(ServerCallImpl.java:356)
	at io.grpc.internal.ServerImpl$JumpToApplicationThreadServerStreamListener$1HalfClosed.runInContext(ServerImpl.java:861)
	at io.grpc.internal.ContextRunnable.run(ContextRunnable.java:37)
	at io.grpc.internal.SerializingExecutor.run(SerializingExecutor.java:133)
	at java.base/java.util.concurrent.ThreadPoolExecutor.runWorker(ThreadPoolExecutor.java:1144)
	at java.base/java.util.concurrent.ThreadPoolExecutor$Worker.run(ThreadPoolExecutor.java:642)
	at java.base/java.lang.Thread.run(Thread.java:1583)

 {"metadata":{"emulator":{"name":"firestore"},"message":"Aug 29, 2026 9:08:23 PM com.google.cloud.datastore.emulator.impl.util.WrappedStreamObserver onError\nWARNING: Operation failed: \nevaluation error at L46:9 for 'create' @ L46, false for 'create' @ L46\ncom.google.cloud.datastore.core.exception.DatastoreException: \nevaluation error at L46:9 for 'create' @ L46, false for 'create' @ L46\n\tat com.google.cloud.datastore.core.exception.DatastoreException$Builder.build(DatastoreException.java:121)\n\tat com.google.cloud.datastore.emulator.impl.rules.DefaultEmulatorRulesAuthorizer.verboseError(DefaultEmulatorRulesAuthorizer.java:318)\n\tat com.google.cloud.datastore.emulator.impl.rules.DefaultEmulatorRulesAuthorizer.withVerboseErrors(DefaultEmulatorRulesAuthorizer.java:295)\n\tat com.google.cloud.datastore.emulator.impl.rules.DefaultEmulatorRulesAuthorizer.checkCommit(DefaultEmulatorRulesAuthorizer.java:114)\n\tat com.google.cloud.datastore.emulator.impl.firestore.FirestoreEmulatorHelper.commitHelper(FirestoreEmulatorHelper.java:360)\n\tat com.google.cloud.datastore.emulator.impl.firestore.FirestoreEmulatorHelper.internalCommit(FirestoreEmulatorHelper.java:314)\n\tat com.google.cloud.datastore.emulator.impl.firestore.CloudFirestoreV1.internalCommit(CloudFirestoreV1.java:1077)\n\tat com.google.cloud.datastore.emulator.impl.firestore.CloudFirestoreV1.updateDocument(CloudFirestoreV1.java:458)\n\tat com.google.cloud.datastore.emulator.impl.firestore.CloudFirestoreV1Router.updateDocument(CloudFirestoreV1Router.java:149)\n\tat com.google.cloud.datastore.emulator.firestore.v1.FirestoreV1GrpcAdapter$1.lambda$updateDocument$4(FirestoreV1GrpcAdapter.java:132)\n\tat com.google.cloud.datastore.emulator.firestore.v1.FirestoreV1GrpcAdapter.unary(FirestoreV1GrpcAdapter.java:72)\n\tat com.google.cloud.datastore.emulator.firestore.v1.FirestoreV1GrpcAdapter$1.updateDocument(FirestoreV1GrpcAdapter.java:132)\n\tat com.google.firestore.v1.FirestoreGrpc$MethodHandlers.invoke(FirestoreGrpc.java:1218)\n\tat io.grpc.stub.ServerCalls$UnaryServerCallHandler$UnaryServerCallListener.onHalfClose(ServerCalls.java:182)\n\tat io.grpc.PartialForwardingServerCallListener.onHalfClose(PartialForwardingServerCallListener.java:35)\n\tat io.grpc.ForwardingServerCallListener.onHalfClose(ForwardingServerCallListener.java:23)\n\tat io.grpc.ForwardingServerCallListener$SimpleForwardingServerCallListener.onHalfClose(ForwardingServerCallListener.java:40)\n\tat io.grpc.Contexts$ContextualizedServerCallListener.onHalfClose(Contexts.java:86)\n\tat io.grpc.PartialForwardingServerCallListener.onHalfClose(PartialForwardingServerCallListener.java:35)\n\tat io.grpc.ForwardingServerCallListener.onHalfClose(ForwardingServerCallListener.java:23)\n\tat io.grpc.ForwardingServerCallListener$SimpleForwardingServerCallListener.onHalfClose(ForwardingServerCallListener.java:40)\n\tat io.grpc.Contexts$ContextualizedServerCallListener.onHalfClose(Contexts.java:86)\n\tat io.grpc.internal.ServerCallImpl$ServerStreamListenerImpl.halfClosed(ServerCallImpl.java:356)\n\tat io.grpc.internal.ServerImpl$JumpToApplicationThreadServerStreamListener$1HalfClosed.runInContext(ServerImpl.java:861)\n\tat io.grpc.internal.ContextRunnable.run(ContextRunnable.java:37)\n\tat io.grpc.internal.SerializingExecutor.run(SerializingExecutor.java:133)\n\tat java.base/java.util.concurrent.ThreadPoolExecutor.runWorker(ThreadPoolExecutor.java:1144)\n\tat java.base/java.util.concurrent.ThreadPoolExecutor$Worker.run(ThreadPoolExecutor.java:642)\n\tat java.base/java.lang.Thread.run(Thread.java:1583)\n\n"}}
[debug] [2026-08-30T04:08:23.116Z] Aug 29, 2026 9:08:23 PM io.gapi.emulators.netty.HttpHandler$1 onError
INFO: Exception when handling request: PERMISSION_DENIED: 
evaluation error at L46:9 for 'create' @ L46, false for 'create' @ L46
 {"metadata":{"emulator":{"name":"firestore"},"message":"Aug 29, 2026 9:08:23 PM io.gapi.emulators.netty.HttpHandler$1 onError\nINFO: Exception when handling request: PERMISSION_DENIED: \nevaluation error at L46:9 for 'create' @ L46, false for 'create' @ L46\n"}}
[debug] [2026-08-30T04:08:23.124Z] Aug 29, 2026 9:08:23 PM com.google.cloud.datastore.emulator.impl.util.WrappedStreamObserver onError
WARNING: Operation failed: 
false for 'create' @ L16, false for 'update' @ L16
com.google.cloud.datastore.core.exception.DatastoreException: 
false for 'create' @ L16, false for 'update' @ L16
	at com.google.cloud.datastore.core.exception.DatastoreException$Builder.build(DatastoreException.java:121)
	at com.google.cloud.datastore.emulator.impl.rules.DefaultEmulatorRulesAuthorizer.verboseError(DefaultEmulatorRulesAuthorizer.java:318)
	at com.google.cloud.datastore.emulator.impl.rules.DefaultEmulatorRulesAuthorizer.withVerboseErrors(DefaultEmulatorRulesAuthorizer.java:295)
	at com.google.cloud.datastore.emulator.impl.rules.DefaultEmulatorRulesAuthorizer.checkCommit(DefaultEmulatorRulesAuthorizer.java:114)
	at com.google.cloud.datastore.emulator.impl.firestore.FirestoreEmulatorHelper.commitHelper(FirestoreEmulatorHelper.java:360)
	at com.google.cloud.datastore.emulator.impl.firestore.FirestoreEmulatorHelper.internalCommit(FirestoreEmulatorHelper.java:314)
	at com.google.cloud.datastore.emulator.impl.firestore.CloudFirestoreV1.internalCommit(CloudFirestoreV1.java:1077)
	at com.google.cloud.datastore.emulator.impl.firestore.CloudFirestoreV1.updateDocument(CloudFirestoreV1.java:458)
	at com.google.cloud.datastore.emulator.impl.firestore.CloudFirestoreV1Router.updateDocument(CloudFirestoreV1Router.java:149)
	at com.google.cloud.datastore.emulator.firestore.v1.FirestoreV1GrpcAdapter$1.lambda$updateDocument$4(FirestoreV1GrpcAdapter.java:132)
	at com.google.cloud.datastore.emulator.firestore.v1.FirestoreV1GrpcAdapter.unary(FirestoreV1GrpcAdapter.java:72)
	at com.google.cloud.datastore.emulator.firestore.v1.FirestoreV1GrpcAdapter$1.updateDocument(FirestoreV1GrpcAdapter.java:132)
	at com.google.firestore.v1.FirestoreGrpc$MethodHandlers.invoke(FirestoreGrpc.java:1218)
	at io.grpc.stub.ServerCalls$UnaryServerCallHandler$UnaryServerCallListener.onHalfClose(ServerCalls.java:182)
	at io.grpc.PartialForwardingServerCallListener.onHalfClose(PartialForwardingServerCallListener.java:35)
	at io.grpc.ForwardingServerCallListener.onHalfClose(ForwardingServerCallListener.java:23)
	at io.grpc.ForwardingServerCallListener$SimpleForwardingServerCallListener.onHalfClose(ForwardingServerCallListener.java:40)
	at io.grpc.Contexts$ContextualizedServerCallListener.onHalfClose(Contexts.java:86)
	at io.grpc.PartialForwardingServerCallListener.onHalfClose(PartialForwardingServerCallListener.java:35)
	at io.grpc.ForwardingServerCallListener.onHalfClose(ForwardingServerCallListener.java:23)
	at io.grpc.ForwardingServerCallListener$SimpleForwardingServerCallListener.onHalfClose(ForwardingServerCallListener.java:40)
	at io.grpc.Contexts$ContextualizedServerCallListener.onHalfClose(Contexts.java:86)
	at io.grpc.internal.ServerCallImpl$ServerStreamListenerImpl.halfClosed(ServerCallImpl.java:356)
	at io.grpc.internal.ServerImpl$JumpToApplicationThreadServerStreamListener$1HalfClosed.runInContext(ServerImpl.java:861)
	at io.grpc.internal.ContextRunnable.run(ContextRunnable.java:37)
	at io.grpc.internal.SerializingExecutor.run(SerializingExecutor.java:133)
	at java.base/java.util.concurrent.ThreadPoolExecutor.runWorker(ThreadPoolExecutor.java:1144)
	at java.base/java.util.concurrent.ThreadPoolExecutor$Worker.run(ThreadPoolExecutor.java:642)
	at java.base/java.lang.Thread.run(Thread.java:1583)

 {"metadata":{"emulator":{"name":"firestore"},"message":"Aug 29, 2026 9:08:23 PM com.google.cloud.datastore.emulator.impl.util.WrappedStreamObserver onError\nWARNING: Operation failed: \nfalse for 'create' @ L16, false for 'update' @ L16\ncom.google.cloud.datastore.core.exception.DatastoreException: \nfalse for 'create' @ L16, false for 'update' @ L16\n\tat com.google.cloud.datastore.core.exception.DatastoreException$Builder.build(DatastoreException.java:121)\n\tat com.google.cloud.datastore.emulator.impl.rules.DefaultEmulatorRulesAuthorizer.verboseError(DefaultEmulatorRulesAuthorizer.java:318)\n\tat com.google.cloud.datastore.emulator.impl.rules.DefaultEmulatorRulesAuthorizer.withVerboseErrors(DefaultEmulatorRulesAuthorizer.java:295)\n\tat com.google.cloud.datastore.emulator.impl.rules.DefaultEmulatorRulesAuthorizer.checkCommit(DefaultEmulatorRulesAuthorizer.java:114)\n\tat com.google.cloud.datastore.emulator.impl.firestore.FirestoreEmulatorHelper.commitHelper(FirestoreEmulatorHelper.java:360)\n\tat com.google.cloud.datastore.emulator.impl.firestore.FirestoreEmulatorHelper.internalCommit(FirestoreEmulatorHelper.java:314)\n\tat com.google.cloud.datastore.emulator.impl.firestore.CloudFirestoreV1.internalCommit(CloudFirestoreV1.java:1077)\n\tat com.google.cloud.datastore.emulator.impl.firestore.CloudFirestoreV1.updateDocument(CloudFirestoreV1.java:458)\n\tat com.google.cloud.datastore.emulator.impl.firestore.CloudFirestoreV1Router.updateDocument(CloudFirestoreV1Router.java:149)\n\tat com.google.cloud.datastore.emulator.firestore.v1.FirestoreV1GrpcAdapter$1.lambda$updateDocument$4(FirestoreV1GrpcAdapter.java:132)\n\tat com.google.cloud.datastore.emulator.firestore.v1.FirestoreV1GrpcAdapter.unary(FirestoreV1GrpcAdapter.java:72)\n\tat com.google.cloud.datastore.emulator.firestore.v1.FirestoreV1GrpcAdapter$1.updateDocument(FirestoreV1GrpcAdapter.java:132)\n\tat com.google.firestore.v1.FirestoreGrpc$MethodHandlers.invoke(FirestoreGrpc.java:1218)\n\tat io.grpc.stub.ServerCalls$UnaryServerCallHandler$UnaryServerCallListener.onHalfClose(ServerCalls.java:182)\n\tat io.grpc.PartialForwardingServerCallListener.onHalfClose(PartialForwardingServerCallListener.java:35)\n\tat io.grpc.ForwardingServerCallListener.onHalfClose(ForwardingServerCallListener.java:23)\n\tat io.grpc.ForwardingServerCallListener$SimpleForwardingServerCallListener.onHalfClose(ForwardingServerCallListener.java:40)\n\tat io.grpc.Contexts$ContextualizedServerCallListener.onHalfClose(Contexts.java:86)\n\tat io.grpc.PartialForwardingServerCallListener.onHalfClose(PartialForwardingServerCallListener.java:35)\n\tat io.grpc.ForwardingServerCallListener.onHalfClose(ForwardingServerCallListener.java:23)\n\tat io.grpc.ForwardingServerCallListener$SimpleForwardingServerCallListener.onHalfClose(ForwardingServerCallListener.java:40)\n\tat io.grpc.Contexts$ContextualizedServerCallListener.onHalfClose(Contexts.java:86)\n\tat io.grpc.internal.ServerCallImpl$ServerStreamListenerImpl.halfClosed(ServerCallImpl.java:356)\n\tat io.grpc.internal.ServerImpl$JumpToApplicationThreadServerStreamListener$1HalfClosed.runInContext(ServerImpl.java:861)\n\tat io.grpc.internal.ContextRunnable.run(ContextRunnable.java:37)\n\tat io.grpc.internal.SerializingExecutor.run(SerializingExecutor.java:133)\n\tat java.base/java.util.concurrent.ThreadPoolExecutor.runWorker(ThreadPoolExecutor.java:1144)\n\tat java.base/java.util.concurrent.ThreadPoolExecutor$Worker.run(ThreadPoolExecutor.java:642)\n\tat java.base/java.lang.Thread.run(Thread.java:1583)\n\n"}}
[debug] [2026-08-30T04:08:23.124Z] Aug 29, 2026 9:08:23 PM io.gapi.emulators.netty.HttpHandler$1 onError
INFO: Exception when handling request: PERMISSION_DENIED: 
false for 'create' @ L16, false for 'update' @ L16
 {"metadata":{"emulator":{"name":"firestore"},"message":"Aug 29, 2026 9:08:23 PM io.gapi.emulators.netty.HttpHandler$1 onError\nINFO: Exception when handling request: PERMISSION_DENIED: \nfalse for 'create' @ L16, false for 'update' @ L16\n"}}
[debug] [2026-08-30T04:08:23.129Z] Aug 29, 2026 9:08:23 PM com.google.cloud.datastore.emulator.impl.util.WrappedStreamObserver onError
WARNING: Operation failed: entity already exists: EntityRef{partitionRef=dev~demo-cadence, path=/handles/jopark}
com.google.cloud.datastore.core.exception.DatastoreException: entity already exists: EntityRef{partitionRef=dev~demo-cadence, path=/handles/jopark}
	at com.google.cloud.datastore.core.exception.DatastoreException.withProblem(DatastoreException.java:207)
	at com.google.cloud.datastore.emulator.impl.util.FirestoreEmulatorConverters.alreadyExists(FirestoreEmulatorConverters.java:725)
	at com.google.cloud.datastore.emulator.impl.util.FirestoreEmulatorConverters.checkMutation(FirestoreEmulatorConverters.java:211)
	at com.google.cloud.datastore.emulator.impl.firestore.FirestoreEmulatorHelper.commitHelper(FirestoreEmulatorHelper.java:365)
	at com.google.cloud.datastore.emulator.impl.firestore.FirestoreEmulatorHelper.internalCommit(FirestoreEmulatorHelper.java:314)
	at com.google.cloud.datastore.emulator.impl.firestore.CloudFirestoreV1.internalCommit(CloudFirestoreV1.java:1077)
	at com.google.cloud.datastore.emulator.impl.firestore.CloudFirestoreV1.updateDocument(CloudFirestoreV1.java:458)
	at com.google.cloud.datastore.emulator.impl.firestore.CloudFirestoreV1Router.updateDocument(CloudFirestoreV1Router.java:149)
	at com.google.cloud.datastore.emulator.firestore.v1.FirestoreV1GrpcAdapter$1.lambda$updateDocument$4(FirestoreV1GrpcAdapter.java:132)
	at com.google.cloud.datastore.emulator.firestore.v1.FirestoreV1GrpcAdapter.unary(FirestoreV1GrpcAdapter.java:72)
	at com.google.cloud.datastore.emulator.firestore.v1.FirestoreV1GrpcAdapter$1.updateDocument(FirestoreV1GrpcAdapter.java:132)
	at com.google.firestore.v1.FirestoreGrpc$MethodHandlers.invoke(FirestoreGrpc.java:1218)
	at io.grpc.stub.ServerCalls$UnaryServerCallHandler$UnaryServerCallListener.onHalfClose(ServerCalls.java:182)
	at io.grpc.PartialForwardingServerCallListener.onHalfClose(PartialForwardingServerCallListener.java:35)
	at io.grpc.ForwardingServerCallListener.onHalfClose(ForwardingServerCallListener.java:23)
	at io.grpc.ForwardingServerCallListener$SimpleForwardingServerCallListener.onHalfClose(ForwardingServerCallListener.java:40)
	at io.grpc.Contexts$ContextualizedServerCallListener.onHalfClose(Contexts.java:86)
	at io.grpc.PartialForwardingServerCallListener.onHalfClose(PartialForwardingServerCallListener.java:35)
	at io.grpc.ForwardingServerCallListener.onHalfClose(ForwardingServerCallListener.java:23)
	at io.grpc.ForwardingServerCallListener$SimpleForwardingServerCallListener.onHalfClose(ForwardingServerCallListener.java:40)
	at io.grpc.Contexts$ContextualizedServerCallListener.onHalfClose(Contexts.java:86)
	at io.grpc.internal.ServerCallImpl$ServerStreamListenerImpl.halfClosed(ServerCallImpl.java:356)
	at io.grpc.internal.ServerImpl$JumpToApplicationThreadServerStreamListener$1HalfClosed.runInContext(ServerImpl.java:861)
	at io.grpc.internal.ContextRunnable.run(ContextRunnable.java:37)
	at io.grpc.internal.SerializingExecutor.run(SerializingExecutor.java:133)
	at java.base/java.util.concurrent.ThreadPoolExecutor.runWorker(ThreadPoolExecutor.java:1144)
	at java.base/java.util.concurrent.ThreadPoolExecutor$Worker.run(ThreadPoolExecutor.java:642)
	at java.base/java.lang.Thread.run(Thread.java:1583)

 {"metadata":{"emulator":{"name":"firestore"},"message":"Aug 29, 2026 9:08:23 PM com.google.cloud.datastore.emulator.impl.util.WrappedStreamObserver onError\nWARNING: Operation failed: entity already exists: EntityRef{partitionRef=dev~demo-cadence, path=/handles/jopark}\ncom.google.cloud.datastore.core.exception.DatastoreException: entity already exists: EntityRef{partitionRef=dev~demo-cadence, path=/handles/jopark}\n\tat com.google.cloud.datastore.core.exception.DatastoreException.withProblem(DatastoreException.java:207)\n\tat com.google.cloud.datastore.emulator.impl.util.FirestoreEmulatorConverters.alreadyExists(FirestoreEmulatorConverters.java:725)\n\tat com.google.cloud.datastore.emulator.impl.util.FirestoreEmulatorConverters.checkMutation(FirestoreEmulatorConverters.java:211)\n\tat com.google.cloud.datastore.emulator.impl.firestore.FirestoreEmulatorHelper.commitHelper(FirestoreEmulatorHelper.java:365)\n\tat com.google.cloud.datastore.emulator.impl.firestore.FirestoreEmulatorHelper.internalCommit(FirestoreEmulatorHelper.java:314)\n\tat com.google.cloud.datastore.emulator.impl.firestore.CloudFirestoreV1.internalCommit(CloudFirestoreV1.java:1077)\n\tat com.google.cloud.datastore.emulator.impl.firestore.CloudFirestoreV1.updateDocument(CloudFirestoreV1.java:458)\n\tat com.google.cloud.datastore.emulator.impl.firestore.CloudFirestoreV1Router.updateDocument(CloudFirestoreV1Router.java:149)\n\tat com.google.cloud.datastore.emulator.firestore.v1.FirestoreV1GrpcAdapter$1.lambda$updateDocument$4(FirestoreV1GrpcAdapter.java:132)\n\tat com.google.cloud.datastore.emulator.firestore.v1.FirestoreV1GrpcAdapter.unary(FirestoreV1GrpcAdapter.java:72)\n\tat com.google.cloud.datastore.emulator.firestore.v1.FirestoreV1GrpcAdapter$1.updateDocument(FirestoreV1GrpcAdapter.java:132)\n\tat com.google.firestore.v1.FirestoreGrpc$MethodHandlers.invoke(FirestoreGrpc.java:1218)\n\tat io.grpc.stub.ServerCalls$UnaryServerCallHandler$UnaryServerCallListener.onHalfClose(ServerCalls.java:182)\n\tat io.grpc.PartialForwardingServerCallListener.onHalfClose(PartialForwardingServerCallListener.java:35)\n\tat io.grpc.ForwardingServerCallListener.onHalfClose(ForwardingServerCallListener.java:23)\n\tat io.grpc.ForwardingServerCallListener$SimpleForwardingServerCallListener.onHalfClose(ForwardingServerCallListener.java:40)\n\tat io.grpc.Contexts$ContextualizedServerCallListener.onHalfClose(Contexts.java:86)\n\tat io.grpc.PartialForwardingServerCallListener.onHalfClose(PartialForwardingServerCallListener.java:35)\n\tat io.grpc.ForwardingServerCallListener.onHalfClose(ForwardingServerCallListener.java:23)\n\tat io.grpc.ForwardingServerCallListener$SimpleForwardingServerCallListener.onHalfClose(ForwardingServerCallListener.java:40)\n\tat io.grpc.Contexts$ContextualizedServerCallListener.onHalfClose(Contexts.java:86)\n\tat io.grpc.internal.ServerCallImpl$ServerStreamListenerImpl.halfClosed(ServerCallImpl.java:356)\n\tat io.grpc.internal.ServerImpl$JumpToApplicationThreadServerStreamListener$1HalfClosed.runInContext(ServerImpl.java:861)\n\tat io.grpc.internal.ContextRunnable.run(ContextRunnable.java:37)\n\tat io.grpc.internal.SerializingExecutor.run(SerializingExecutor.java:133)\n\tat java.base/java.util.concurrent.ThreadPoolExecutor.runWorker(ThreadPoolExecutor.java:1144)\n\tat java.base/java.util.concurrent.ThreadPoolExecutor$Worker.run(ThreadPoolExecutor.java:642)\n\tat java.base/java.lang.Thread.run(Thread.java:1583)\n\n"}}
[debug] [2026-08-30T04:08:23.129Z] Aug 29, 2026 9:08:23 PM io.gapi.emulators.netty.HttpHandler$1 onError
INFO: Exception when handling request: ALREADY_EXISTS: entity already exists: EntityRef{partitionRef=dev~demo-cadence, path=/handles/jopark}
 {"metadata":{"emulator":{"name":"firestore"},"message":"Aug 29, 2026 9:08:23 PM io.gapi.emulators.netty.HttpHandler$1 onError\nINFO: Exception when handling request: ALREADY_EXISTS: entity already exists: EntityRef{partitionRef=dev~demo-cadence, path=/handles/jopark}\n"}}
[debug] [2026-08-30T04:08:23.153Z] Aug 29, 2026 9:08:23 PM com.google.cloud.datastore.emulator.impl.util.WrappedStreamObserver onError
WARNING: Operation failed: Document (projects/demo-cadence/databases/(default)/documents/handles/rileychen) not found.
com.google.cloud.datastore.core.exception.DatastoreException: Document (projects/demo-cadence/databases/(default)/documents/handles/rileychen) not found.
	at com.google.cloud.datastore.emulator.impl.firestore.CloudFirestoreV1.getDocument(CloudFirestoreV1.java:335)
	at com.google.cloud.datastore.emulator.impl.firestore.CloudFirestoreV1Router.getDocument(CloudFirestoreV1Router.java:129)
	at com.google.cloud.datastore.emulator.impl.firestore.CloudFirestoreV1Router.getOrListDocuments(CloudFirestoreV1Router.java:123)
	at com.google.cloud.datastore.emulator.firestore.v1.FirestoreV1GrpcAdapter$1.lambda$getOrListDocuments$0(FirestoreV1GrpcAdapter.java:108)
	at com.google.cloud.datastore.emulator.firestore.v1.FirestoreV1GrpcAdapter.unary(FirestoreV1GrpcAdapter.java:72)
	at com.google.cloud.datastore.emulator.firestore.v1.FirestoreV1GrpcAdapter$1.getOrListDocuments(FirestoreV1GrpcAdapter.java:108)
	at com.google.firestore.v1.FirestoreGrpc$MethodHandlers.invoke(FirestoreGrpc.java:1206)
	at io.grpc.stub.ServerCalls$UnaryServerCallHandler$UnaryServerCallListener.onHalfClose(ServerCalls.java:182)
	at io.grpc.PartialForwardingServerCallListener.onHalfClose(PartialForwardingServerCallListener.java:35)
	at io.grpc.ForwardingServerCallListener.onHalfClose(ForwardingServerCallListener.java:23)
	at io.grpc.ForwardingServerCallListener$SimpleForwardingServerCallListener.onHalfClose(ForwardingServerCallListener.java:40)
	at io.grpc.Contexts$ContextualizedServerCallListener.onHalfClose(Contexts.java:86)
	at io.grpc.PartialForwardingServerCallListener.onHalfClose(PartialForwardingServerCallListener.java:35)
	at io.grpc.ForwardingServerCallListener.onHalfClose(ForwardingServerCallListener.java:23)
	at io.grpc.ForwardingServerCallListener$SimpleForwardingServerCallListener.onHalfClose(ForwardingServerCallListener.java:40)
	at io.grpc.Contexts$ContextualizedServerCallListener.onHalfClose(Contexts.java:86)
	at io.grpc.internal.ServerCallImpl$ServerStreamListenerImpl.halfClosed(ServerCallImpl.java:356)
	at io.grpc.internal.ServerImpl$JumpToApplicationThreadServerStreamListener$1HalfClosed.runInContext(ServerImpl.java:861)
	at io.grpc.internal.ContextRunnable.run(ContextRunnable.java:37)
	at io.grpc.internal.SerializingExecutor.run(SerializingExecutor.java:133)
	at java.base/java.util.concurrent.ThreadPoolExecutor.runWorker(ThreadPoolExecutor.java:1144)
	at java.base/java.util.concurrent.ThreadPoolExecutor$Worker.run(ThreadPoolExecutor.java:642)
	at java.base/java.lang.Thread.run(Thread.java:1583)

 {"metadata":{"emulator":{"name":"firestore"},"message":"Aug 29, 2026 9:08:23 PM com.google.cloud.datastore.emulator.impl.util.WrappedStreamObserver onError\nWARNING: Operation failed: Document (projects/demo-cadence/databases/(default)/documents/handles/rileychen) not found.\ncom.google.cloud.datastore.core.exception.DatastoreException: Document (projects/demo-cadence/databases/(default)/documents/handles/rileychen) not found.\n\tat com.google.cloud.datastore.emulator.impl.firestore.CloudFirestoreV1.getDocument(CloudFirestoreV1.java:335)\n\tat com.google.cloud.datastore.emulator.impl.firestore.CloudFirestoreV1Router.getDocument(CloudFirestoreV1Router.java:129)\n\tat com.google.cloud.datastore.emulator.impl.firestore.CloudFirestoreV1Router.getOrListDocuments(CloudFirestoreV1Router.java:123)\n\tat com.google.cloud.datastore.emulator.firestore.v1.FirestoreV1GrpcAdapter$1.lambda$getOrListDocuments$0(FirestoreV1GrpcAdapter.java:108)\n\tat com.google.cloud.datastore.emulator.firestore.v1.FirestoreV1GrpcAdapter.unary(FirestoreV1GrpcAdapter.java:72)\n\tat com.google.cloud.datastore.emulator.firestore.v1.FirestoreV1GrpcAdapter$1.getOrListDocuments(FirestoreV1GrpcAdapter.java:108)\n\tat com.google.firestore.v1.FirestoreGrpc$MethodHandlers.invoke(FirestoreGrpc.java:1206)\n\tat io.grpc.stub.ServerCalls$UnaryServerCallHandler$UnaryServerCallListener.onHalfClose(ServerCalls.java:182)\n\tat io.grpc.PartialForwardingServerCallListener.onHalfClose(PartialForwardingServerCallListener.java:35)\n\tat io.grpc.ForwardingServerCallListener.onHalfClose(ForwardingServerCallListener.java:23)\n\tat io.grpc.ForwardingServerCallListener$SimpleForwardingServerCallListener.onHalfClose(ForwardingServerCallListener.java:40)\n\tat io.grpc.Contexts$ContextualizedServerCallListener.onHalfClose(Contexts.java:86)\n\tat io.grpc.PartialForwardingServerCallListener.onHalfClose(PartialForwardingServerCallListener.java:35)\n\tat io.grpc.ForwardingServerCallListener.onHalfClose(ForwardingServerCallListener.java:23)\n\tat io.grpc.ForwardingServerCallListener$SimpleForwardingServerCallListener.onHalfClose(ForwardingServerCallListener.java:40)\n\tat io.grpc.Contexts$ContextualizedServerCallListener.onHalfClose(Contexts.java:86)\n\tat io.grpc.internal.ServerCallImpl$ServerStreamListenerImpl.halfClosed(ServerCallImpl.java:356)\n\tat io.grpc.internal.ServerImpl$JumpToApplicationThreadServerStreamListener$1HalfClosed.runInContext(ServerImpl.java:861)\n\tat io.grpc.internal.ContextRunnable.run(ContextRunnable.java:37)\n\tat io.grpc.internal.SerializingExecutor.run(SerializingExecutor.java:133)\n\tat java.base/java.util.concurrent.ThreadPoolExecutor.runWorker(ThreadPoolExecutor.java:1144)\n\tat java.base/java.util.concurrent.ThreadPoolExecutor$Worker.run(ThreadPoolExecutor.java:642)\n\tat java.base/java.lang.Thread.run(Thread.java:1583)\n\n"}}
[debug] [2026-08-30T04:08:23.153Z] Aug 29, 2026 9:08:23 PM io.gapi.emulators.netty.HttpHandler$1 onError
INFO: Exception when handling request: NOT_FOUND: Document (projects/demo-cadence/databases/(default)/documents/handles/rileychen) not found.
 {"metadata":{"emulator":{"name":"firestore"},"message":"Aug 29, 2026 9:08:23 PM io.gapi.emulators.netty.HttpHandler$1 onError\nINFO: Exception when handling request: NOT_FOUND: Document (projects/demo-cadence/databases/(default)/documents/handles/rileychen) not found.\n"}}
[debug] [2026-08-30T04:08:23.300Z] Aug 29, 2026 9:08:23 PM com.google.cloud.datastore.emulator.impl.util.WrappedStreamObserver onError
WARNING: Operation failed: Document (projects/demo-cadence/databases/(default)/documents/friends/G5qlpJ6U3kfmXBlNIj1gr09kBduz/list/wsKX0PqWFFo1tSxr8woypyxWRn7K) not found.
com.google.cloud.datastore.core.exception.DatastoreException: Document (projects/demo-cadence/databases/(default)/documents/friends/G5qlpJ6U3kfmXBlNIj1gr09kBduz/list/wsKX0PqWFFo1tSxr8woypyxWRn7K) not found.
	at com.google.cloud.datastore.emulator.impl.firestore.CloudFirestoreV1.getDocument(CloudFirestoreV1.java:335)
	at com.google.cloud.datastore.emulator.impl.firestore.CloudFirestoreV1Router.getDocument(CloudFirestoreV1Router.java:129)
	at com.google.cloud.datastore.emulator.impl.firestore.CloudFirestoreV1Router.getOrListDocuments(CloudFirestoreV1Router.java:123)
	at com.google.cloud.datastore.emulator.firestore.v1.FirestoreV1GrpcAdapter$1.lambda$getOrListDocuments$0(FirestoreV1GrpcAdapter.java:108)
	at com.google.cloud.datastore.emulator.firestore.v1.FirestoreV1GrpcAdapter.unary(FirestoreV1GrpcAdapter.java:72)
	at com.google.cloud.datastore.emulator.firestore.v1.FirestoreV1GrpcAdapter$1.getOrListDocuments(FirestoreV1GrpcAdapter.java:108)
	at com.google.firestore.v1.FirestoreGrpc$MethodHandlers.invoke(FirestoreGrpc.java:1206)
	at io.grpc.stub.ServerCalls$UnaryServerCallHandler$UnaryServerCallListener.onHalfClose(ServerCalls.java:182)
	at io.grpc.PartialForwardingServerCallListener.onHalfClose(PartialForwardingServerCallListener.java:35)
	at io.grpc.ForwardingServerCallListener.onHalfClose(ForwardingServerCallListener.java:23)
	at io.grpc.ForwardingServerCallListener$SimpleForwardingServerCallListener.onHalfClose(ForwardingServerCallListener.java:40)
	at io.grpc.Contexts$ContextualizedServerCallListener.onHalfClose(Contexts.java:86)
	at io.grpc.PartialForwardingServerCallListener.onHalfClose(PartialForwardingServerCallListener.java:35)
	at io.grpc.ForwardingServerCallListener.onHalfClose(ForwardingServerCallListener.java:23)
	at io.grpc.ForwardingServerCallListener$SimpleForwardingServerCallListener.onHalfClose(ForwardingServerCallListener.java:40)
	at io.grpc.Contexts$ContextualizedServerCallListener.onHalfClose(Contexts.java:86)
	at io.grpc.internal.ServerCallImpl$ServerStreamListenerImpl.halfClosed(ServerCallImpl.java:356)
	at io.grpc.internal.ServerImpl$JumpToApplicationThreadServerStreamListener$1HalfClosed.runInContext(ServerImpl.java:861)
	at io.grpc.internal.ContextRunnable.run(ContextRunnable.java:37)
	at io.grpc.internal.SerializingExecutor.run(SerializingExecutor.java:133)
	at java.base/java.util.concurrent.ThreadPoolExecutor.runWorker(ThreadPoolExecutor.java:1144)
	at java.base/java.util.concurrent.ThreadPoolExecutor$Worker.run(ThreadPoolExecutor.java:642)
	at java.base/java.lang.Thread.run(Thread.java:1583)

 {"metadata":{"emulator":{"name":"firestore"},"message":"Aug 29, 2026 9:08:23 PM com.google.cloud.datastore.emulator.impl.util.WrappedStreamObserver onError\nWARNING: Operation failed: Document (projects/demo-cadence/databases/(default)/documents/friends/G5qlpJ6U3kfmXBlNIj1gr09kBduz/list/wsKX0PqWFFo1tSxr8woypyxWRn7K) not found.\ncom.google.cloud.datastore.core.exception.DatastoreException: Document (projects/demo-cadence/databases/(default)/documents/friends/G5qlpJ6U3kfmXBlNIj1gr09kBduz/list/wsKX0PqWFFo1tSxr8woypyxWRn7K) not found.\n\tat com.google.cloud.datastore.emulator.impl.firestore.CloudFirestoreV1.getDocument(CloudFirestoreV1.java:335)\n\tat com.google.cloud.datastore.emulator.impl.firestore.CloudFirestoreV1Router.getDocument(CloudFirestoreV1Router.java:129)\n\tat com.google.cloud.datastore.emulator.impl.firestore.CloudFirestoreV1Router.getOrListDocuments(CloudFirestoreV1Router.java:123)\n\tat com.google.cloud.datastore.emulator.firestore.v1.FirestoreV1GrpcAdapter$1.lambda$getOrListDocuments$0(FirestoreV1GrpcAdapter.java:108)\n\tat com.google.cloud.datastore.emulator.firestore.v1.FirestoreV1GrpcAdapter.unary(FirestoreV1GrpcAdapter.java:72)\n\tat com.google.cloud.datastore.emulator.firestore.v1.FirestoreV1GrpcAdapter$1.getOrListDocuments(FirestoreV1GrpcAdapter.java:108)\n\tat com.google.firestore.v1.FirestoreGrpc$MethodHandlers.invoke(FirestoreGrpc.java:1206)\n\tat io.grpc.stub.ServerCalls$UnaryServerCallHandler$UnaryServerCallListener.onHalfClose(ServerCalls.java:182)\n\tat io.grpc.PartialForwardingServerCallListener.onHalfClose(PartialForwardingServerCallListener.java:35)\n\tat io.grpc.ForwardingServerCallListener.onHalfClose(ForwardingServerCallListener.java:23)\n\tat io.grpc.ForwardingServerCallListener$SimpleForwardingServerCallListener.onHalfClose(ForwardingServerCallListener.java:40)\n\tat io.grpc.Contexts$ContextualizedServerCallListener.onHalfClose(Contexts.java:86)\n\tat io.grpc.PartialForwardingServerCallListener.onHalfClose(PartialForwardingServerCallListener.java:35)\n\tat io.grpc.ForwardingServerCallListener.onHalfClose(ForwardingServerCallListener.java:23)\n\tat io.grpc.ForwardingServerCallListener$SimpleForwardingServerCallListener.onHalfClose(ForwardingServerCallListener.java:40)\n\tat io.grpc.Contexts$ContextualizedServerCallListener.onHalfClose(Contexts.java:86)\n\tat io.grpc.internal.ServerCallImpl$ServerStreamListenerImpl.halfClosed(ServerCallImpl.java:356)\n\tat io.grpc.internal.ServerImpl$JumpToApplicationThreadServerStreamListener$1HalfClosed.runInContext(ServerImpl.java:861)\n\tat io.grpc.internal.ContextRunnable.run(ContextRunnable.java:37)\n\tat io.grpc.internal.SerializingExecutor.run(SerializingExecutor.java:133)\n\tat java.base/java.util.concurrent.ThreadPoolExecutor.runWorker(ThreadPoolExecutor.java:1144)\n\tat java.base/java.util.concurrent.ThreadPoolExecutor$Worker.run(ThreadPoolExecutor.java:642)\n\tat java.base/java.lang.Thread.run(Thread.java:1583)\n\n"}}
[debug] [2026-08-30T04:08:23.301Z] Aug 29, 2026 9:08:23 PM io.gapi.emulators.netty.HttpHandler$1 onError
INFO: Exception when handling request: NOT_FOUND: Document (projects/demo-cadence/databases/(default)/documents/friends/G5qlpJ6U3kfmXBlNIj1gr09kBduz/list/wsKX0PqWFFo1tSxr8woypyxWRn7K) not found.
 {"metadata":{"emulator":{"name":"firestore"},"message":"Aug 29, 2026 9:08:23 PM io.gapi.emulators.netty.HttpHandler$1 onError\nINFO: Exception when handling request: NOT_FOUND: Document (projects/demo-cadence/databases/(default)/documents/friends/G5qlpJ6U3kfmXBlNIj1gr09kBduz/list/wsKX0PqWFFo1tSxr8woypyxWRn7K) not found.\n"}}
[debug] [2026-08-30T04:08:23.305Z] Aug 29, 2026 9:08:23 PM com.google.cloud.datastore.emulator.impl.util.WrappedStreamObserver onError
WARNING: Operation failed: Document (projects/demo-cadence/databases/(default)/documents/users/G5qlpJ6U3kfmXBlNIj1gr09kBduz/requests/wsKX0PqWFFo1tSxr8woypyxWRn7K) not found.
com.google.cloud.datastore.core.exception.DatastoreException: Document (projects/demo-cadence/databases/(default)/documents/users/G5qlpJ6U3kfmXBlNIj1gr09kBduz/requests/wsKX0PqWFFo1tSxr8woypyxWRn7K) not found.
	at com.google.cloud.datastore.emulator.impl.firestore.CloudFirestoreV1.getDocument(CloudFirestoreV1.java:335)
	at com.google.cloud.datastore.emulator.impl.firestore.CloudFirestoreV1Router.getDocument(CloudFirestoreV1Router.java:129)
	at com.google.cloud.datastore.emulator.impl.firestore.CloudFirestoreV1Router.getOrListDocuments(CloudFirestoreV1Router.java:123)
	at com.google.cloud.datastore.emulator.firestore.v1.FirestoreV1GrpcAdapter$1.lambda$getOrListDocuments$0(FirestoreV1GrpcAdapter.java:108)
	at com.google.cloud.datastore.emulator.firestore.v1.FirestoreV1GrpcAdapter.unary(FirestoreV1GrpcAdapter.java:72)
	at com.google.cloud.datastore.emulator.firestore.v1.FirestoreV1GrpcAdapter$1.getOrListDocuments(FirestoreV1GrpcAdapter.java:108)
	at com.google.firestore.v1.FirestoreGrpc$MethodHandlers.invoke(FirestoreGrpc.java:1206)
	at io.grpc.stub.ServerCalls$UnaryServerCallHandler$UnaryServerCallListener.onHalfClose(ServerCalls.java:182)
	at io.grpc.PartialForwardingServerCallListener.onHalfClose(PartialForwardingServerCallListener.java:35)
	at io.grpc.ForwardingServerCallListener.onHalfClose(ForwardingServerCallListener.java:23)
	at io.grpc.ForwardingServerCallListener$SimpleForwardingServerCallListener.onHalfClose(ForwardingServerCallListener.java:40)
	at io.grpc.Contexts$ContextualizedServerCallListener.onHalfClose(Contexts.java:86)
	at io.grpc.PartialForwardingServerCallListener.onHalfClose(PartialForwardingServerCallListener.java:35)
	at io.grpc.ForwardingServerCallListener.onHalfClose(ForwardingServerCallListener.java:23)
	at io.grpc.ForwardingServerCallListener$SimpleForwardingServerCallListener.onHalfClose(ForwardingServerCallListener.java:40)
	at io.grpc.Contexts$ContextualizedServerCallListener.onHalfClose(Contexts.java:86)
	at io.grpc.internal.ServerCallImpl$ServerStreamListenerImpl.halfClosed(ServerCallImpl.java:356)
	at io.grpc.internal.ServerImpl$JumpToApplicationThreadServerStreamListener$1HalfClosed.runInContext(ServerImpl.java:861)
	at io.grpc.internal.ContextRunnable.run(ContextRunnable.java:37)
	at io.grpc.internal.SerializingExecutor.run(SerializingExecutor.java:133)
	at java.base/java.util.concurrent.ThreadPoolExecutor.runWorker(ThreadPoolExecutor.java:1144)
	at java.base/java.util.concurrent.ThreadPoolExecutor$Worker.run(ThreadPoolExecutor.java:642)
	at java.base/java.lang.Thread.run(Thread.java:1583)

 {"metadata":{"emulator":{"name":"firestore"},"message":"Aug 29, 2026 9:08:23 PM com.google.cloud.datastore.emulator.impl.util.WrappedStreamObserver onError\nWARNING: Operation failed: Document (projects/demo-cadence/databases/(default)/documents/users/G5qlpJ6U3kfmXBlNIj1gr09kBduz/requests/wsKX0PqWFFo1tSxr8woypyxWRn7K) not found.\ncom.google.cloud.datastore.core.exception.DatastoreException: Document (projects/demo-cadence/databases/(default)/documents/users/G5qlpJ6U3kfmXBlNIj1gr09kBduz/requests/wsKX0PqWFFo1tSxr8woypyxWRn7K) not found.\n\tat com.google.cloud.datastore.emulator.impl.firestore.CloudFirestoreV1.getDocument(CloudFirestoreV1.java:335)\n\tat com.google.cloud.datastore.emulator.impl.firestore.CloudFirestoreV1Router.getDocument(CloudFirestoreV1Router.java:129)\n\tat com.google.cloud.datastore.emulator.impl.firestore.CloudFirestoreV1Router.getOrListDocuments(CloudFirestoreV1Router.java:123)\n\tat com.google.cloud.datastore.emulator.firestore.v1.FirestoreV1GrpcAdapter$1.lambda$getOrListDocuments$0(FirestoreV1GrpcAdapter.java:108)\n\tat com.google.cloud.datastore.emulator.firestore.v1.FirestoreV1GrpcAdapter.unary(FirestoreV1GrpcAdapter.java:72)\n\tat com.google.cloud.datastore.emulator.firestore.v1.FirestoreV1GrpcAdapter$1.getOrListDocuments(FirestoreV1GrpcAdapter.java:108)\n\tat com.google.firestore.v1.FirestoreGrpc$MethodHandlers.invoke(FirestoreGrpc.java:1206)\n\tat io.grpc.stub.ServerCalls$UnaryServerCallHandler$UnaryServerCallListener.onHalfClose(ServerCalls.java:182)\n\tat io.grpc.PartialForwardingServerCallListener.onHalfClose(PartialForwardingServerCallListener.java:35)\n\tat io.grpc.ForwardingServerCallListener.onHalfClose(ForwardingServerCallListener.java:23)\n\tat io.grpc.ForwardingServerCallListener$SimpleForwardingServerCallListener.onHalfClose(ForwardingServerCallListener.java:40)\n\tat io.grpc.Contexts$ContextualizedServerCallListener.onHalfClose(Contexts.java:86)\n\tat io.grpc.PartialForwardingServerCallListener.onHalfClose(PartialForwardingServerCallListener.java:35)\n\tat io.grpc.ForwardingServerCallListener.onHalfClose(ForwardingServerCallListener.java:23)\n\tat io.grpc.ForwardingServerCallListener$SimpleForwardingServerCallListener.onHalfClose(ForwardingServerCallListener.java:40)\n\tat io.grpc.Contexts$ContextualizedServerCallListener.onHalfClose(Contexts.java:86)\n\tat io.grpc.internal.ServerCallImpl$ServerStreamListenerImpl.halfClosed(ServerCallImpl.java:356)\n\tat io.grpc.internal.ServerImpl$JumpToApplicationThreadServerStreamListener$1HalfClosed.runInContext(ServerImpl.java:861)\n\tat io.grpc.internal.ContextRunnable.run(ContextRunnable.java:37)\n\tat io.grpc.internal.SerializingExecutor.run(SerializingExecutor.java:133)\n\tat java.base/java.util.concurrent.ThreadPoolExecutor.runWorker(ThreadPoolExecutor.java:1144)\n\tat java.base/java.util.concurrent.ThreadPoolExecutor$Worker.run(ThreadPoolExecutor.java:642)\n\tat java.base/java.lang.Thread.run(Thread.java:1583)\n\n"}}
[debug] [2026-08-30T04:08:23.305Z] Aug 29, 2026 9:08:23 PM io.gapi.emulators.netty.HttpHandler$1 onError
INFO: Exception when handling request: NOT_FOUND: Document (projects/demo-cadence/databases/(default)/documents/users/G5qlpJ6U3kfmXBlNIj1gr09kBduz/requests/wsKX0PqWFFo1tSxr8woypyxWRn7K) not found.
 {"metadata":{"emulator":{"name":"firestore"},"message":"Aug 29, 2026 9:08:23 PM io.gapi.emulators.netty.HttpHandler$1 onError\nINFO: Exception when handling request: NOT_FOUND: Document (projects/demo-cadence/databases/(default)/documents/users/G5qlpJ6U3kfmXBlNIj1gr09kBduz/requests/wsKX0PqWFFo1tSxr8woypyxWRn7K) not found.\n"}}
[debug] [2026-08-30T04:09:04.045Z] Aug 29, 2026 9:09:04 PM io.gapi.emulators.netty.HttpVersionRoutingHandler channelRead
INFO: Detected non-HTTP/2 connection.
 {"metadata":{"emulator":{"name":"firestore"},"message":"Aug 29, 2026 9:09:04 PM io.gapi.emulators.netty.HttpVersionRoutingHandler channelRead\nINFO: Detected non-HTTP/2 connection.\n"}}
[debug] [2026-08-30T04:09:04.058Z] Aug 29, 2026 9:09:04 PM com.google.cloud.datastore.emulator.impl.util.WrappedStreamObserver onError
WARNING: Operation failed: Document (projects/demo-cadence/databases/(default)/documents/users/n6M5dImx4BTTa6uzRCpkZw3Z7WtX) not found.
com.google.cloud.datastore.core.exception.DatastoreException: Document (projects/demo-cadence/databases/(default)/documents/users/n6M5dImx4BTTa6uzRCpkZw3Z7WtX) not found.
	at com.google.cloud.datastore.emulator.impl.firestore.CloudFirestoreV1.getDocument(CloudFirestoreV1.java:335)
	at com.google.cloud.datastore.emulator.impl.firestore.CloudFirestoreV1Router.getDocument(CloudFirestoreV1Router.java:129)
	at com.google.cloud.datastore.emulator.impl.firestore.CloudFirestoreV1Router.getOrListDocuments(CloudFirestoreV1Router.java:123)
	at com.google.cloud.datastore.emulator.firestore.v1.FirestoreV1GrpcAdapter$1.lambda$getOrListDocuments$0(FirestoreV1GrpcAdapter.java:108)
	at com.google.cloud.datastore.emulator.firestore.v1.FirestoreV1GrpcAdapter.unary(FirestoreV1GrpcAdapter.java:72)
	at com.google.cloud.datastore.emulator.firestore.v1.FirestoreV1GrpcAdapter$1.getOrListDocuments(FirestoreV1GrpcAdapter.java:108)
	at com.google.firestore.v1.FirestoreGrpc$MethodHandlers.invoke(FirestoreGrpc.java:1206)
	at io.grpc.stub.ServerCalls$UnaryServerCallHandler$UnaryServerCallListener.onHalfClose(ServerCalls.java:182)
	at io.grpc.PartialForwardingServerCallListener.onHalfClose(PartialForwardingServerCallListener.java:35)
	at io.grpc.ForwardingServerCallListener.onHalfClose(ForwardingServerCallListener.java:23)
	at io.grpc.ForwardingServerCallListener$SimpleForwardingServerCallListener.onHalfClose(ForwardingServerCallListener.java:40)
	at io.grpc.Contexts$ContextualizedServerCallListener.onHalfClose(Contexts.java:86)
	at io.grpc.PartialForwardingServerCallListener.onHalfClose(PartialForwardingServerCallListener.java:35)
	at io.grpc.ForwardingServerCallListener.onHalfClose(ForwardingServerCallListener.java:23)
	at io.grpc.ForwardingServerCallListener$SimpleForwardingServerCallListener.onHalfClose(ForwardingServerCallListener.java:40)
	at io.grpc.Contexts$ContextualizedServerCallListener.onHalfClose(Contexts.java:86)
	at io.grpc.internal.ServerCallImpl$ServerStreamListenerImpl.halfClosed(ServerCallImpl.java:356)
	at io.grpc.internal.ServerImpl$JumpToApplicationThreadServerStreamListener$1HalfClosed.runInContext(ServerImpl.java:861)
	at io.grpc.internal.ContextRunnable.run(ContextRunnable.java:37)
	at io.grpc.internal.SerializingExecutor.run(SerializingExecutor.java:133)
	at java.base/java.util.concurrent.ThreadPoolExecutor.runWorker(ThreadPoolExecutor.java:1144)
	at java.base/java.util.concurrent.ThreadPoolExecutor$Worker.run(ThreadPoolExecutor.java:642)
	at java.base/java.lang.Thread.run(Thread.java:1583)

 {"metadata":{"emulator":{"name":"firestore"},"message":"Aug 29, 2026 9:09:04 PM com.google.cloud.datastore.emulator.impl.util.WrappedStreamObserver onError\nWARNING: Operation failed: Document (projects/demo-cadence/databases/(default)/documents/users/n6M5dImx4BTTa6uzRCpkZw3Z7WtX) not found.\ncom.google.cloud.datastore.core.exception.DatastoreException: Document (projects/demo-cadence/databases/(default)/documents/users/n6M5dImx4BTTa6uzRCpkZw3Z7WtX) not found.\n\tat com.google.cloud.datastore.emulator.impl.firestore.CloudFirestoreV1.getDocument(CloudFirestoreV1.java:335)\n\tat com.google.cloud.datastore.emulator.impl.firestore.CloudFirestoreV1Router.getDocument(CloudFirestoreV1Router.java:129)\n\tat com.google.cloud.datastore.emulator.impl.firestore.CloudFirestoreV1Router.getOrListDocuments(CloudFirestoreV1Router.java:123)\n\tat com.google.cloud.datastore.emulator.firestore.v1.FirestoreV1GrpcAdapter$1.lambda$getOrListDocuments$0(FirestoreV1GrpcAdapter.java:108)\n\tat com.google.cloud.datastore.emulator.firestore.v1.FirestoreV1GrpcAdapter.unary(FirestoreV1GrpcAdapter.java:72)\n\tat com.google.cloud.datastore.emulator.firestore.v1.FirestoreV1GrpcAdapter$1.getOrListDocuments(FirestoreV1GrpcAdapter.java:108)\n\tat com.google.firestore.v1.FirestoreGrpc$MethodHandlers.invoke(FirestoreGrpc.java:1206)\n\tat io.grpc.stub.ServerCalls$UnaryServerCallHandler$UnaryServerCallListener.onHalfClose(ServerCalls.java:182)\n\tat io.grpc.PartialForwardingServerCallListener.onHalfClose(PartialForwardingServerCallListener.java:35)\n\tat io.grpc.ForwardingServerCallListener.onHalfClose(ForwardingServerCallListener.java:23)\n\tat io.grpc.ForwardingServerCallListener$SimpleForwardingServerCallListener.onHalfClose(ForwardingServerCallListener.java:40)\n\tat io.grpc.Contexts$ContextualizedServerCallListener.onHalfClose(Contexts.java:86)\n\tat io.grpc.PartialForwardingServerCallListener.onHalfClose(PartialForwardingServerCallListener.java:35)\n\tat io.grpc.ForwardingServerCallListener.onHalfClose(ForwardingServerCallListener.java:23)\n\tat io.grpc.ForwardingServerCallListener$SimpleForwardingServerCallListener.onHalfClose(ForwardingServerCallListener.java:40)\n\tat io.grpc.Contexts$ContextualizedServerCallListener.onHalfClose(Contexts.java:86)\n\tat io.grpc.internal.ServerCallImpl$ServerStreamListenerImpl.halfClosed(ServerCallImpl.java:356)\n\tat io.grpc.internal.ServerImpl$JumpToApplicationThreadServerStreamListener$1HalfClosed.runInContext(ServerImpl.java:861)\n\tat io.grpc.internal.ContextRunnable.run(ContextRunnable.java:37)\n\tat io.grpc.internal.SerializingExecutor.run(SerializingExecutor.java:133)\n\tat java.base/java.util.concurrent.ThreadPoolExecutor.runWorker(ThreadPoolExecutor.java:1144)\n\tat java.base/java.util.concurrent.ThreadPoolExecutor$Worker.run(ThreadPoolExecutor.java:642)\n\tat java.base/java.lang.Thread.run(Thread.java:1583)\n\n"}}
[debug] [2026-08-30T04:09:04.059Z] Aug 29, 2026 9:09:04 PM io.gapi.emulators.netty.HttpHandler$1 onError
INFO: Exception when handling request: NOT_FOUND: Document (projects/demo-cadence/databases/(default)/documents/users/n6M5dImx4BTTa6uzRCpkZw3Z7WtX) not found.
 {"metadata":{"emulator":{"name":"firestore"},"message":"Aug 29, 2026 9:09:04 PM io.gapi.emulators.netty.HttpHandler$1 onError\nINFO: Exception when handling request: NOT_FOUND: Document (projects/demo-cadence/databases/(default)/documents/users/n6M5dImx4BTTa6uzRCpkZw3Z7WtX) not found.\n"}}
[debug] [2026-08-30T04:09:04.062Z] Aug 29, 2026 9:09:04 PM io.gapi.emulators.netty.HttpVersionRoutingHandler channelRead
INFO: Detected non-HTTP/2 connection.
 {"metadata":{"emulator":{"name":"firestore"},"message":"Aug 29, 2026 9:09:04 PM io.gapi.emulators.netty.HttpVersionRoutingHandler channelRead\nINFO: Detected non-HTTP/2 connection.\n"}}
[info] i  storage: Change detected, updating rules for Cloud Storage... {"metadata":{"emulator":{"name":"storage"},"message":"Change detected, updating rules for Cloud Storage..."}}
[info] i  storage: Change detected, updating rules for Cloud Storage... {"metadata":{"emulator":{"name":"storage"},"message":"Change detected, updating rules for Cloud Storage..."}}
[info] i  storage: Change detected, updating rules for Cloud Storage... {"metadata":{"emulator":{"name":"storage"},"message":"Change detected, updating rules for Cloud Storage..."}}
[info] i  storage: Change detected, updating rules for Cloud Storage... {"metadata":{"emulator":{"name":"storage"},"message":"Change detected, updating rules for Cloud Storage..."}}
[info] i  storage: Change detected, updating rules for Cloud Storage... {"metadata":{"emulator":{"name":"storage"},"message":"Change detected, updating rules for Cloud Storage..."}}
[debug] [2026-08-30T04:09:37.224Z] Aug 29, 2026 9:09:37 PM io.gapi.emulators.netty.HttpVersionRoutingHandler channelRead
INFO: Detected non-HTTP/2 connection.
 {"metadata":{"emulator":{"name":"firestore"},"message":"Aug 29, 2026 9:09:37 PM io.gapi.emulators.netty.HttpVersionRoutingHandler channelRead\nINFO: Detected non-HTTP/2 connection.\n"}}
[debug] [2026-08-30T04:09:37.249Z] Aug 29, 2026 9:09:37 PM io.gapi.emulators.netty.HttpVersionRoutingHandler channelRead
INFO: Detected non-HTTP/2 connection.
 {"metadata":{"emulator":{"name":"firestore"},"message":"Aug 29, 2026 9:09:37 PM io.gapi.emulators.netty.HttpVersionRoutingHandler channelRead\nINFO: Detected non-HTTP/2 connection.\n"}}
[debug] [2026-08-30T04:09:37.252Z] Aug 29, 2026 9:09:37 PM com.google.cloud.datastore.emulator.impl.util.WrappedStreamObserver onError
WARNING: Operation failed: Document (projects/demo-cadence/databases/(default)/documents/handles/rileychen) not found.
com.google.cloud.datastore.core.exception.DatastoreException: Document (projects/demo-cadence/databases/(default)/documents/handles/rileychen) not found.
	at com.google.cloud.datastore.emulator.impl.firestore.CloudFirestoreV1.getDocument(CloudFirestoreV1.java:335)
	at com.google.cloud.datastore.emulator.impl.firestore.CloudFirestoreV1Router.getDocument(CloudFirestoreV1Router.java:129)
	at com.google.cloud.datastore.emulator.impl.firestore.CloudFirestoreV1Router.getOrListDocuments(CloudFirestoreV1Router.java:123)
	at com.google.cloud.datastore.emulator.firestore.v1.FirestoreV1GrpcAdapter$1.lambda$getOrListDocuments$0(FirestoreV1GrpcAdapter.java:108)
	at com.google.cloud.datastore.emulator.firestore.v1.FirestoreV1GrpcAdapter.unary(FirestoreV1GrpcAdapter.java:72)
	at com.google.cloud.datastore.emulator.firestore.v1.FirestoreV1GrpcAdapter$1.getOrListDocuments(FirestoreV1GrpcAdapter.java:108)
	at com.google.firestore.v1.FirestoreGrpc$MethodHandlers.invoke(FirestoreGrpc.java:1206)
	at io.grpc.stub.ServerCalls$UnaryServerCallHandler$UnaryServerCallListener.onHalfClose(ServerCalls.java:182)
	at io.grpc.PartialForwardingServerCallListener.onHalfClose(PartialForwardingServerCallListener.java:35)
	at io.grpc.ForwardingServerCallListener.onHalfClose(ForwardingServerCallListener.java:23)
	at io.grpc.ForwardingServerCallListener$SimpleForwardingServerCallListener.onHalfClose(ForwardingServerCallListener.java:40)
	at io.grpc.Contexts$ContextualizedServerCallListener.onHalfClose(Contexts.java:86)
	at io.grpc.PartialForwardingServerCallListener.onHalfClose(PartialForwardingServerCallListener.java:35)
	at io.grpc.ForwardingServerCallListener.onHalfClose(ForwardingServerCallListener.java:23)
	at io.grpc.ForwardingServerCallListener$SimpleForwardingServerCallListener.onHalfClose(ForwardingServerCallListener.java:40)
	at io.grpc.Contexts$ContextualizedServerCallListener.onHalfClose(Contexts.java:86)
	at io.grpc.internal.ServerCallImpl$ServerStreamListenerImpl.halfClosed(ServerCallImpl.java:356)
	at io.grpc.internal.ServerImpl$JumpToApplicationThreadServerStreamListener$1HalfClosed.runInContext(ServerImpl.java:861)
	at io.grpc.internal.ContextRunnable.run(ContextRunnable.java:37)
	at io.grpc.internal.SerializingExecutor.run(SerializingExecutor.java:133)
	at java.base/java.util.concurrent.ThreadPoolExecutor.runWorker(ThreadPoolExecutor.java:1144)
	at java.base/java.util.concurrent.ThreadPoolExecutor$Worker.run(ThreadPoolExecutor.java:642)
	at java.base/java.lang.Thread.run(Thread.java:1583)

 {"metadata":{"emulator":{"name":"firestore"},"message":"Aug 29, 2026 9:09:37 PM com.google.cloud.datastore.emulator.impl.util.WrappedStreamObserver onError\nWARNING: Operation failed: Document (projects/demo-cadence/databases/(default)/documents/handles/rileychen) not found.\ncom.google.cloud.datastore.core.exception.DatastoreException: Document (projects/demo-cadence/databases/(default)/documents/handles/rileychen) not found.\n\tat com.google.cloud.datastore.emulator.impl.firestore.CloudFirestoreV1.getDocument(CloudFirestoreV1.java:335)\n\tat com.google.cloud.datastore.emulator.impl.firestore.CloudFirestoreV1Router.getDocument(CloudFirestoreV1Router.java:129)\n\tat com.google.cloud.datastore.emulator.impl.firestore.CloudFirestoreV1Router.getOrListDocuments(CloudFirestoreV1Router.java:123)\n\tat com.google.cloud.datastore.emulator.firestore.v1.FirestoreV1GrpcAdapter$1.lambda$getOrListDocuments$0(FirestoreV1GrpcAdapter.java:108)\n\tat com.google.cloud.datastore.emulator.firestore.v1.FirestoreV1GrpcAdapter.unary(FirestoreV1GrpcAdapter.java:72)\n\tat com.google.cloud.datastore.emulator.firestore.v1.FirestoreV1GrpcAdapter$1.getOrListDocuments(FirestoreV1GrpcAdapter.java:108)\n\tat com.google.firestore.v1.FirestoreGrpc$MethodHandlers.invoke(FirestoreGrpc.java:1206)\n\tat io.grpc.stub.ServerCalls$UnaryServerCallHandler$UnaryServerCallListener.onHalfClose(ServerCalls.java:182)\n\tat io.grpc.PartialForwardingServerCallListener.onHalfClose(PartialForwardingServerCallListener.java:35)\n\tat io.grpc.ForwardingServerCallListener.onHalfClose(ForwardingServerCallListener.java:23)\n\tat io.grpc.ForwardingServerCallListener$SimpleForwardingServerCallListener.onHalfClose(ForwardingServerCallListener.java:40)\n\tat io.grpc.Contexts$ContextualizedServerCallListener.onHalfClose(Contexts.java:86)\n\tat io.grpc.PartialForwardingServerCallListener.onHalfClose(PartialForwardingServerCallListener.java:35)\n\tat io.grpc.ForwardingServerCallListener.onHalfClose(ForwardingServerCallListener.java:23)\n\tat io.grpc.ForwardingServerCallListener$SimpleForwardingServerCallListener.onHalfClose(ForwardingServerCallListener.java:40)\n\tat io.grpc.Contexts$ContextualizedServerCallListener.onHalfClose(Contexts.java:86)\n\tat io.grpc.internal.ServerCallImpl$ServerStreamListenerImpl.halfClosed(ServerCallImpl.java:356)\n\tat io.grpc.internal.ServerImpl$JumpToApplicationThreadServerStreamListener$1HalfClosed.runInContext(ServerImpl.java:861)\n\tat io.grpc.internal.ContextRunnable.run(ContextRunnable.java:37)\n\tat io.grpc.internal.SerializingExecutor.run(SerializingExecutor.java:133)\n\tat java.base/java.util.concurrent.ThreadPoolExecutor.runWorker(ThreadPoolExecutor.java:1144)\n\tat java.base/java.util.concurrent.ThreadPoolExecutor$Worker.run(ThreadPoolExecutor.java:642)\n\tat java.base/java.lang.Thread.run(Thread.java:1583)\n\n"}}
[debug] [2026-08-30T04:09:37.253Z] Aug 29, 2026 9:09:37 PM io.gapi.emulators.netty.HttpHandler$1 onError
INFO: Exception when handling request: NOT_FOUND: Document (projects/demo-cadence/databases/(default)/documents/handles/rileychen) not found.
 {"metadata":{"emulator":{"name":"firestore"},"message":"Aug 29, 2026 9:09:37 PM io.gapi.emulators.netty.HttpHandler$1 onError\nINFO: Exception when handling request: NOT_FOUND: Document (projects/demo-cadence/databases/(default)/documents/handles/rileychen) not found.\n"}}
[debug] [2026-08-30T04:09:37.257Z] Aug 29, 2026 9:09:37 PM com.google.cloud.datastore.emulator.impl.util.WrappedStreamObserver onError
WARNING: Operation failed: Document (projects/demo-cadence/databases/(default)/documents/handles/nobodyhere) not found.
com.google.cloud.datastore.core.exception.DatastoreException: Document (projects/demo-cadence/databases/(default)/documents/handles/nobodyhere) not found.
	at com.google.cloud.datastore.emulator.impl.firestore.CloudFirestoreV1.getDocument(CloudFirestoreV1.java:335)
	at com.google.cloud.datastore.emulator.impl.firestore.CloudFirestoreV1Router.getDocument(CloudFirestoreV1Router.java:129)
	at com.google.cloud.datastore.emulator.impl.firestore.CloudFirestoreV1Router.getOrListDocuments(CloudFirestoreV1Router.java:123)
	at com.google.cloud.datastore.emulator.firestore.v1.FirestoreV1GrpcAdapter$1.lambda$getOrListDocuments$0(FirestoreV1GrpcAdapter.java:108)
	at com.google.cloud.datastore.emulator.firestore.v1.FirestoreV1GrpcAdapter.unary(FirestoreV1GrpcAdapter.java:72)
	at com.google.cloud.datastore.emulator.firestore.v1.FirestoreV1GrpcAdapter$1.getOrListDocuments(FirestoreV1GrpcAdapter.java:108)
	at com.google.firestore.v1.FirestoreGrpc$MethodHandlers.invoke(FirestoreGrpc.java:1206)
	at io.grpc.stub.ServerCalls$UnaryServerCallHandler$UnaryServerCallListener.onHalfClose(ServerCalls.java:182)
	at io.grpc.PartialForwardingServerCallListener.onHalfClose(PartialForwardingServerCallListener.java:35)
	at io.grpc.ForwardingServerCallListener.onHalfClose(ForwardingServerCallListener.java:23)
	at io.grpc.ForwardingServerCallListener$SimpleForwardingServerCallListener.onHalfClose(ForwardingServerCallListener.java:40)
	at io.grpc.Contexts$ContextualizedServerCallListener.onHalfClose(Contexts.java:86)
	at io.grpc.PartialForwardingServerCallListener.onHalfClose(PartialForwardingServerCallListener.java:35)
	at io.grpc.ForwardingServerCallListener.onHalfClose(ForwardingServerCallListener.java:23)
	at io.grpc.ForwardingServerCallListener$SimpleForwardingServerCallListener.onHalfClose(ForwardingServerCallListener.java:40)
	at io.grpc.Contexts$ContextualizedServerCallListener.onHalfClose(Contexts.java:86)
	at io.grpc.internal.ServerCallImpl$ServerStreamListenerImpl.halfClosed(ServerCallImpl.java:356)
	at io.grpc.internal.ServerImpl$JumpToApplicationThreadServerStreamListener$1HalfClosed.runInContext(ServerImpl.java:861)
	at io.grpc.internal.ContextRunnable.run(ContextRunnable.java:37)
	at io.grpc.internal.SerializingExecutor.run(SerializingExecutor.java:133)
	at java.base/java.util.concurrent.ThreadPoolExecutor.runWorker(ThreadPoolExecutor.java:1144)
	at java.base/java.util.concurrent.ThreadPoolExecutor$Worker.run(ThreadPoolExecutor.java:642)
	at java.base/java.lang.Thread.run(Thread.java:1583)

 {"metadata":{"emulator":{"name":"firestore"},"message":"Aug 29, 2026 9:09:37 PM com.google.cloud.datastore.emulator.impl.util.WrappedStreamObserver onError\nWARNING: Operation failed: Document (projects/demo-cadence/databases/(default)/documents/handles/nobodyhere) not found.\ncom.google.cloud.datastore.core.exception.DatastoreException: Document (projects/demo-cadence/databases/(default)/documents/handles/nobodyhere) not found.\n\tat com.google.cloud.datastore.emulator.impl.firestore.CloudFirestoreV1.getDocument(CloudFirestoreV1.java:335)\n\tat com.google.cloud.datastore.emulator.impl.firestore.CloudFirestoreV1Router.getDocument(CloudFirestoreV1Router.java:129)\n\tat com.google.cloud.datastore.emulator.impl.firestore.CloudFirestoreV1Router.getOrListDocuments(CloudFirestoreV1Router.java:123)\n\tat com.google.cloud.datastore.emulator.firestore.v1.FirestoreV1GrpcAdapter$1.lambda$getOrListDocuments$0(FirestoreV1GrpcAdapter.java:108)\n\tat com.google.cloud.datastore.emulator.firestore.v1.FirestoreV1GrpcAdapter.unary(FirestoreV1GrpcAdapter.java:72)\n\tat com.google.cloud.datastore.emulator.firestore.v1.FirestoreV1GrpcAdapter$1.getOrListDocuments(FirestoreV1GrpcAdapter.java:108)\n\tat com.google.firestore.v1.FirestoreGrpc$MethodHandlers.invoke(FirestoreGrpc.java:1206)\n\tat io.grpc.stub.ServerCalls$UnaryServerCallHandler$UnaryServerCallListener.onHalfClose(ServerCalls.java:182)\n\tat io.grpc.PartialForwardingServerCallListener.onHalfClose(PartialForwardingServerCallListener.java:35)\n\tat io.grpc.ForwardingServerCallListener.onHalfClose(ForwardingServerCallListener.java:23)\n\tat io.grpc.ForwardingServerCallListener$SimpleForwardingServerCallListener.onHalfClose(ForwardingServerCallListener.java:40)\n\tat io.grpc.Contexts$ContextualizedServerCallListener.onHalfClose(Contexts.java:86)\n\tat io.grpc.PartialForwardingServerCallListener.onHalfClose(PartialForwardingServerCallListener.java:35)\n\tat io.grpc.ForwardingServerCallListener.onHalfClose(ForwardingServerCallListener.java:23)\n\tat io.grpc.ForwardingServerCallListener$SimpleForwardingServerCallListener.onHalfClose(ForwardingServerCallListener.java:40)\n\tat io.grpc.Contexts$ContextualizedServerCallListener.onHalfClose(Contexts.java:86)\n\tat io.grpc.internal.ServerCallImpl$ServerStreamListenerImpl.halfClosed(ServerCallImpl.java:356)\n\tat io.grpc.internal.ServerImpl$JumpToApplicationThreadServerStreamListener$1HalfClosed.runInContext(ServerImpl.java:861)\n\tat io.grpc.internal.ContextRunnable.run(ContextRunnable.java:37)\n\tat io.grpc.internal.SerializingExecutor.run(SerializingExecutor.java:133)\n\tat java.base/java.util.concurrent.ThreadPoolExecutor.runWorker(ThreadPoolExecutor.java:1144)\n\tat java.base/java.util.concurrent.ThreadPoolExecutor$Worker.run(ThreadPoolExecutor.java:642)\n\tat java.base/java.lang.Thread.run(Thread.java:1583)\n\n"}}
[debug] [2026-08-30T04:09:37.259Z] Aug 29, 2026 9:09:37 PM io.gapi.emulators.netty.HttpHandler$1 onError
INFO: Exception when handling request: NOT_FOUND: Document (projects/demo-cadence/databases/(default)/documents/handles/nobodyhere) not found.
 {"metadata":{"emulator":{"name":"firestore"},"message":"Aug 29, 2026 9:09:37 PM io.gapi.emulators.netty.HttpHandler$1 onError\nINFO: Exception when handling request: NOT_FOUND: Document (projects/demo-cadence/databases/(default)/documents/handles/nobodyhere) not found.\n"}}
[debug] [2026-08-30T04:09:37.263Z] Aug 29, 2026 9:09:37 PM com.google.cloud.datastore.emulator.impl.util.WrappedStreamObserver onError
WARNING: Operation failed: Document (projects/demo-cadence/databases/(default)/documents/handles/rileychen) not found.
com.google.cloud.datastore.core.exception.DatastoreException: Document (projects/demo-cadence/databases/(default)/documents/handles/rileychen) not found.
	at com.google.cloud.datastore.emulator.impl.firestore.CloudFirestoreV1.getDocument(CloudFirestoreV1.java:335)
	at com.google.cloud.datastore.emulator.impl.firestore.CloudFirestoreV1Router.getDocument(CloudFirestoreV1Router.java:129)
	at com.google.cloud.datastore.emulator.impl.firestore.CloudFirestoreV1Router.getOrListDocuments(CloudFirestoreV1Router.java:123)
	at com.google.cloud.datastore.emulator.firestore.v1.FirestoreV1GrpcAdapter$1.lambda$getOrListDocuments$0(FirestoreV1GrpcAdapter.java:108)
	at com.google.cloud.datastore.emulator.firestore.v1.FirestoreV1GrpcAdapter.unary(FirestoreV1GrpcAdapter.java:72)
	at com.google.cloud.datastore.emulator.firestore.v1.FirestoreV1GrpcAdapter$1.getOrListDocuments(FirestoreV1GrpcAdapter.java:108)
	at com.google.firestore.v1.FirestoreGrpc$MethodHandlers.invoke(FirestoreGrpc.java:1206)
	at io.grpc.stub.ServerCalls$UnaryServerCallHandler$UnaryServerCallListener.onHalfClose(ServerCalls.java:182)
	at io.grpc.PartialForwardingServerCallListener.onHalfClose(PartialForwardingServerCallListener.java:35)
	at io.grpc.ForwardingServerCallListener.onHalfClose(ForwardingServerCallListener.java:23)
	at io.grpc.ForwardingServerCallListener$SimpleForwardingServerCallListener.onHalfClose(ForwardingServerCallListener.java:40)
	at io.grpc.Contexts$ContextualizedServerCallListener.onHalfClose(Contexts.java:86)
	at io.grpc.PartialForwardingServerCallListener.onHalfClose(PartialForwardingServerCallListener.java:35)
	at io.grpc.ForwardingServerCallListener.onHalfClose(ForwardingServerCallListener.java:23)
	at io.grpc.ForwardingServerCallListener$SimpleForwardingServerCallListener.onHalfClose(ForwardingServerCallListener.java:40)
	at io.grpc.Contexts$ContextualizedServerCallListener.onHalfClose(Contexts.java:86)
	at io.grpc.internal.ServerCallImpl$ServerStreamListenerImpl.halfClosed(ServerCallImpl.java:356)
	at io.grpc.internal.ServerImpl$JumpToApplicationThreadServerStreamListener$1HalfClosed.runInContext(ServerImpl.java:861)
	at io.grpc.internal.ContextRunnable.run(ContextRunnable.java:37)
	at io.grpc.internal.SerializingExecutor.run(SerializingExecutor.java:133)
	at java.base/java.util.concurrent.ThreadPoolExecutor.runWorker(ThreadPoolExecutor.java:1144)
	at java.base/java.util.concurrent.ThreadPoolExecutor$Worker.run(ThreadPoolExecutor.java:642)
	at java.base/java.lang.Thread.run(Thread.java:1583)

 {"metadata":{"emulator":{"name":"firestore"},"message":"Aug 29, 2026 9:09:37 PM com.google.cloud.datastore.emulator.impl.util.WrappedStreamObserver onError\nWARNING: Operation failed: Document (projects/demo-cadence/databases/(default)/documents/handles/rileychen) not found.\ncom.google.cloud.datastore.core.exception.DatastoreException: Document (projects/demo-cadence/databases/(default)/documents/handles/rileychen) not found.\n\tat com.google.cloud.datastore.emulator.impl.firestore.CloudFirestoreV1.getDocument(CloudFirestoreV1.java:335)\n\tat com.google.cloud.datastore.emulator.impl.firestore.CloudFirestoreV1Router.getDocument(CloudFirestoreV1Router.java:129)\n\tat com.google.cloud.datastore.emulator.impl.firestore.CloudFirestoreV1Router.getOrListDocuments(CloudFirestoreV1Router.java:123)\n\tat com.google.cloud.datastore.emulator.firestore.v1.FirestoreV1GrpcAdapter$1.lambda$getOrListDocuments$0(FirestoreV1GrpcAdapter.java:108)\n\tat com.google.cloud.datastore.emulator.firestore.v1.FirestoreV1GrpcAdapter.unary(FirestoreV1GrpcAdapter.java:72)\n\tat com.google.cloud.datastore.emulator.firestore.v1.FirestoreV1GrpcAdapter$1.getOrListDocuments(FirestoreV1GrpcAdapter.java:108)\n\tat com.google.firestore.v1.FirestoreGrpc$MethodHandlers.invoke(FirestoreGrpc.java:1206)\n\tat io.grpc.stub.ServerCalls$UnaryServerCallHandler$UnaryServerCallListener.onHalfClose(ServerCalls.java:182)\n\tat io.grpc.PartialForwardingServerCallListener.onHalfClose(PartialForwardingServerCallListener.java:35)\n\tat io.grpc.ForwardingServerCallListener.onHalfClose(ForwardingServerCallListener.java:23)\n\tat io.grpc.ForwardingServerCallListener$SimpleForwardingServerCallListener.onHalfClose(ForwardingServerCallListener.java:40)\n\tat io.grpc.Contexts$ContextualizedServerCallListener.onHalfClose(Contexts.java:86)\n\tat io.grpc.PartialForwardingServerCallListener.onHalfClose(PartialForwardingServerCallListener.java:35)\n\tat io.grpc.ForwardingServerCallListener.onHalfClose(ForwardingServerCallListener.java:23)\n\tat io.grpc.ForwardingServerCallListener$SimpleForwardingServerCallListener.onHalfClose(ForwardingServerCallListener.java:40)\n\tat io.grpc.Contexts$ContextualizedServerCallListener.onHalfClose(Contexts.java:86)\n\tat io.grpc.internal.ServerCallImpl$ServerStreamListenerImpl.halfClosed(ServerCallImpl.java:356)\n\tat io.grpc.internal.ServerImpl$JumpToApplicationThreadServerStreamListener$1HalfClosed.runInContext(ServerImpl.java:861)\n\tat io.grpc.internal.ContextRunnable.run(ContextRunnable.java:37)\n\tat io.grpc.internal.SerializingExecutor.run(SerializingExecutor.java:133)\n\tat java.base/java.util.concurrent.ThreadPoolExecutor.runWorker(ThreadPoolExecutor.java:1144)\n\tat java.base/java.util.concurrent.ThreadPoolExecutor$Worker.run(ThreadPoolExecutor.java:642)\n\tat java.base/java.lang.Thread.run(Thread.java:1583)\n\n"}}
[debug] [2026-08-30T04:09:37.264Z] Aug 29, 2026 9:09:37 PM io.gapi.emulators.netty.HttpHandler$1 onError
INFO: Exception when handling request: NOT_FOUND: Document (projects/demo-cadence/databases/(default)/documents/handles/rileychen) not found.
 {"metadata":{"emulator":{"name":"firestore"},"message":"Aug 29, 2026 9:09:37 PM io.gapi.emulators.netty.HttpHandler$1 onError\nINFO: Exception when handling request: NOT_FOUND: Document (projects/demo-cadence/databases/(default)/documents/handles/rileychen) not found.\n"}}
[debug] [2026-08-30T04:09:37.270Z] Aug 29, 2026 9:09:37 PM com.google.cloud.datastore.emulator.impl.util.WrappedStreamObserver onError
WARNING: Operation failed: Document (projects/demo-cadence/databases/(default)/documents/handles/rileychen) not found.
com.google.cloud.datastore.core.exception.DatastoreException: Document (projects/demo-cadence/databases/(default)/documents/handles/rileychen) not found.
	at com.google.cloud.datastore.emulator.impl.firestore.CloudFirestoreV1.getDocument(CloudFirestoreV1.java:335)
	at com.google.cloud.datastore.emulator.impl.firestore.CloudFirestoreV1Router.getDocument(CloudFirestoreV1Router.java:129)
	at com.google.cloud.datastore.emulator.impl.firestore.CloudFirestoreV1Router.getOrListDocuments(CloudFirestoreV1Router.java:123)
	at com.google.cloud.datastore.emulator.firestore.v1.FirestoreV1GrpcAdapter$1.lambda$getOrListDocuments$0(FirestoreV1GrpcAdapter.java:108)
	at com.google.cloud.datastore.emulator.firestore.v1.FirestoreV1GrpcAdapter.unary(FirestoreV1GrpcAdapter.java:72)
	at com.google.cloud.datastore.emulator.firestore.v1.FirestoreV1GrpcAdapter$1.getOrListDocuments(FirestoreV1GrpcAdapter.java:108)
	at com.google.firestore.v1.FirestoreGrpc$MethodHandlers.invoke(FirestoreGrpc.java:1206)
	at io.grpc.stub.ServerCalls$UnaryServerCallHandler$UnaryServerCallListener.onHalfClose(ServerCalls.java:182)
	at io.grpc.PartialForwardingServerCallListener.onHalfClose(PartialForwardingServerCallListener.java:35)
	at io.grpc.ForwardingServerCallListener.onHalfClose(ForwardingServerCallListener.java:23)
	at io.grpc.ForwardingServerCallListener$SimpleForwardingServerCallListener.onHalfClose(ForwardingServerCallListener.java:40)
	at io.grpc.Contexts$ContextualizedServerCallListener.onHalfClose(Contexts.java:86)
	at io.grpc.PartialForwardingServerCallListener.onHalfClose(PartialForwardingServerCallListener.java:35)
	at io.grpc.ForwardingServerCallListener.onHalfClose(ForwardingServerCallListener.java:23)
	at io.grpc.ForwardingServerCallListener$SimpleForwardingServerCallListener.onHalfClose(ForwardingServerCallListener.java:40)
	at io.grpc.Contexts$ContextualizedServerCallListener.onHalfClose(Contexts.java:86)
	at io.grpc.internal.ServerCallImpl$ServerStreamListenerImpl.halfClosed(ServerCallImpl.java:356)
	at io.grpc.internal.ServerImpl$JumpToApplicationThreadServerStreamListener$1HalfClosed.runInContext(ServerImpl.java:861)
	at io.grpc.internal.ContextRunnable.run(ContextRunnable.java:37)
	at io.grpc.internal.SerializingExecutor.run(SerializingExecutor.java:133)
	at java.base/java.util.concurrent.ThreadPoolExecutor.runWorker(ThreadPoolExecutor.java:1144)
	at java.base/java.util.concurrent.ThreadPoolExecutor$Worker.run(ThreadPoolExecutor.java:642)
	at java.base/java.lang.Thread.run(Thread.java:1583)

 {"metadata":{"emulator":{"name":"firestore"},"message":"Aug 29, 2026 9:09:37 PM com.google.cloud.datastore.emulator.impl.util.WrappedStreamObserver onError\nWARNING: Operation failed: Document (projects/demo-cadence/databases/(default)/documents/handles/rileychen) not found.\ncom.google.cloud.datastore.core.exception.DatastoreException: Document (projects/demo-cadence/databases/(default)/documents/handles/rileychen) not found.\n\tat com.google.cloud.datastore.emulator.impl.firestore.CloudFirestoreV1.getDocument(CloudFirestoreV1.java:335)\n\tat com.google.cloud.datastore.emulator.impl.firestore.CloudFirestoreV1Router.getDocument(CloudFirestoreV1Router.java:129)\n\tat com.google.cloud.datastore.emulator.impl.firestore.CloudFirestoreV1Router.getOrListDocuments(CloudFirestoreV1Router.java:123)\n\tat com.google.cloud.datastore.emulator.firestore.v1.FirestoreV1GrpcAdapter$1.lambda$getOrListDocuments$0(FirestoreV1GrpcAdapter.java:108)\n\tat com.google.cloud.datastore.emulator.firestore.v1.FirestoreV1GrpcAdapter.unary(FirestoreV1GrpcAdapter.java:72)\n\tat com.google.cloud.datastore.emulator.firestore.v1.FirestoreV1GrpcAdapter$1.getOrListDocuments(FirestoreV1GrpcAdapter.java:108)\n\tat com.google.firestore.v1.FirestoreGrpc$MethodHandlers.invoke(FirestoreGrpc.java:1206)\n\tat io.grpc.stub.ServerCalls$UnaryServerCallHandler$UnaryServerCallListener.onHalfClose(ServerCalls.java:182)\n\tat io.grpc.PartialForwardingServerCallListener.onHalfClose(PartialForwardingServerCallListener.java:35)\n\tat io.grpc.ForwardingServerCallListener.onHalfClose(ForwardingServerCallListener.java:23)\n\tat io.grpc.ForwardingServerCallListener$SimpleForwardingServerCallListener.onHalfClose(ForwardingServerCallListener.java:40)\n\tat io.grpc.Contexts$ContextualizedServerCallListener.onHalfClose(Contexts.java:86)\n\tat io.grpc.PartialForwardingServerCallListener.onHalfClose(PartialForwardingServerCallListener.java:35)\n\tat io.grpc.ForwardingServerCallListener.onHalfClose(ForwardingServerCallListener.java:23)\n\tat io.grpc.ForwardingServerCallListener$SimpleForwardingServerCallListener.onHalfClose(ForwardingServerCallListener.java:40)\n\tat io.grpc.Contexts$ContextualizedServerCallListener.onHalfClose(Contexts.java:86)\n\tat io.grpc.internal.ServerCallImpl$ServerStreamListenerImpl.halfClosed(ServerCallImpl.java:356)\n\tat io.grpc.internal.ServerImpl$JumpToApplicationThreadServerStreamListener$1HalfClosed.runInContext(ServerImpl.java:861)\n\tat io.grpc.internal.ContextRunnable.run(ContextRunnable.java:37)\n\tat io.grpc.internal.SerializingExecutor.run(SerializingExecutor.java:133)\n\tat java.base/java.util.concurrent.ThreadPoolExecutor.runWorker(ThreadPoolExecutor.java:1144)\n\tat java.base/java.util.concurrent.ThreadPoolExecutor$Worker.run(ThreadPoolExecutor.java:642)\n\tat java.base/java.lang.Thread.run(Thread.java:1583)\n\n"}}
[debug] [2026-08-30T04:09:37.270Z] Aug 29, 2026 9:09:37 PM io.gapi.emulators.netty.HttpHandler$1 onError
INFO: Exception when handling request: NOT_FOUND: Document (projects/demo-cadence/databases/(default)/documents/handles/rileychen) not found.
 {"metadata":{"emulator":{"name":"firestore"},"message":"Aug 29, 2026 9:09:37 PM io.gapi.emulators.netty.HttpHandler$1 onError\nINFO: Exception when handling request: NOT_FOUND: Document (projects/demo-cadence/databases/(default)/documents/handles/rileychen) not found.\n"}}
[debug] [2026-08-30T04:09:37.278Z] Aug 29, 2026 9:09:37 PM com.google.cloud.datastore.emulator.impl.util.WrappedStreamObserver onError
WARNING: Operation failed: Document (projects/demo-cadence/databases/(default)/documents/handles/rileychen) not found.
com.google.cloud.datastore.core.exception.DatastoreException: Document (projects/demo-cadence/databases/(default)/documents/handles/rileychen) not found.
	at com.google.cloud.datastore.emulator.impl.firestore.CloudFirestoreV1.getDocument(CloudFirestoreV1.java:335)
	at com.google.cloud.datastore.emulator.impl.firestore.CloudFirestoreV1Router.getDocument(CloudFirestoreV1Router.java:129)
	at com.google.cloud.datastore.emulator.impl.firestore.CloudFirestoreV1Router.getOrListDocuments(CloudFirestoreV1Router.java:123)
	at com.google.cloud.datastore.emulator.firestore.v1.FirestoreV1GrpcAdapter$1.lambda$getOrListDocuments$0(FirestoreV1GrpcAdapter.java:108)
	at com.google.cloud.datastore.emulator.firestore.v1.FirestoreV1GrpcAdapter.unary(FirestoreV1GrpcAdapter.java:72)
	at com.google.cloud.datastore.emulator.firestore.v1.FirestoreV1GrpcAdapter$1.getOrListDocuments(FirestoreV1GrpcAdapter.java:108)
	at com.google.firestore.v1.FirestoreGrpc$MethodHandlers.invoke(FirestoreGrpc.java:1206)
	at io.grpc.stub.ServerCalls$UnaryServerCallHandler$UnaryServerCallListener.onHalfClose(ServerCalls.java:182)
	at io.grpc.PartialForwardingServerCallListener.onHalfClose(PartialForwardingServerCallListener.java:35)
	at io.grpc.ForwardingServerCallListener.onHalfClose(ForwardingServerCallListener.java:23)
	at io.grpc.ForwardingServerCallListener$SimpleForwardingServerCallListener.onHalfClose(ForwardingServerCallListener.java:40)
	at io.grpc.Contexts$ContextualizedServerCallListener.onHalfClose(Contexts.java:86)
	at io.grpc.PartialForwardingServerCallListener.onHalfClose(PartialForwardingServerCallListener.java:35)
	at io.grpc.ForwardingServerCallListener.onHalfClose(ForwardingServerCallListener.java:23)
	at io.grpc.ForwardingServerCallListener$SimpleForwardingServerCallListener.onHalfClose(ForwardingServerCallListener.java:40)
	at io.grpc.Contexts$ContextualizedServerCallListener.onHalfClose(Contexts.java:86)
	at io.grpc.internal.ServerCallImpl$ServerStreamListenerImpl.halfClosed(ServerCallImpl.java:356)
	at io.grpc.internal.ServerImpl$JumpToApplicationThreadServerStreamListener$1HalfClosed.runInContext(ServerImpl.java:861)
	at io.grpc.internal.ContextRunnable.run(ContextRunnable.java:37)
	at io.grpc.internal.SerializingExecutor.run(SerializingExecutor.java:133)
	at java.base/java.util.concurrent.ThreadPoolExecutor.runWorker(ThreadPoolExecutor.java:1144)
	at java.base/java.util.concurrent.ThreadPoolExecutor$Worker.run(ThreadPoolExecutor.java:642)
	at java.base/java.lang.Thread.run(Thread.java:1583)

 {"metadata":{"emulator":{"name":"firestore"},"message":"Aug 29, 2026 9:09:37 PM com.google.cloud.datastore.emulator.impl.util.WrappedStreamObserver onError\nWARNING: Operation failed: Document (projects/demo-cadence/databases/(default)/documents/handles/rileychen) not found.\ncom.google.cloud.datastore.core.exception.DatastoreException: Document (projects/demo-cadence/databases/(default)/documents/handles/rileychen) not found.\n\tat com.google.cloud.datastore.emulator.impl.firestore.CloudFirestoreV1.getDocument(CloudFirestoreV1.java:335)\n\tat com.google.cloud.datastore.emulator.impl.firestore.CloudFirestoreV1Router.getDocument(CloudFirestoreV1Router.java:129)\n\tat com.google.cloud.datastore.emulator.impl.firestore.CloudFirestoreV1Router.getOrListDocuments(CloudFirestoreV1Router.java:123)\n\tat com.google.cloud.datastore.emulator.firestore.v1.FirestoreV1GrpcAdapter$1.lambda$getOrListDocuments$0(FirestoreV1GrpcAdapter.java:108)\n\tat com.google.cloud.datastore.emulator.firestore.v1.FirestoreV1GrpcAdapter.unary(FirestoreV1GrpcAdapter.java:72)\n\tat com.google.cloud.datastore.emulator.firestore.v1.FirestoreV1GrpcAdapter$1.getOrListDocuments(FirestoreV1GrpcAdapter.java:108)\n\tat com.google.firestore.v1.FirestoreGrpc$MethodHandlers.invoke(FirestoreGrpc.java:1206)\n\tat io.grpc.stub.ServerCalls$UnaryServerCallHandler$UnaryServerCallListener.onHalfClose(ServerCalls.java:182)\n\tat io.grpc.PartialForwardingServerCallListener.onHalfClose(PartialForwardingServerCallListener.java:35)\n\tat io.grpc.ForwardingServerCallListener.onHalfClose(ForwardingServerCallListener.java:23)\n\tat io.grpc.ForwardingServerCallListener$SimpleForwardingServerCallListener.onHalfClose(ForwardingServerCallListener.java:40)\n\tat io.grpc.Contexts$ContextualizedServerCallListener.onHalfClose(Contexts.java:86)\n\tat io.grpc.PartialForwardingServerCallListener.onHalfClose(PartialForwardingServerCallListener.java:35)\n\tat io.grpc.ForwardingServerCallListener.onHalfClose(ForwardingServerCallListener.java:23)\n\tat io.grpc.ForwardingServerCallListener$SimpleForwardingServerCallListener.onHalfClose(ForwardingServerCallListener.java:40)\n\tat io.grpc.Contexts$ContextualizedServerCallListener.onHalfClose(Contexts.java:86)\n\tat io.grpc.internal.ServerCallImpl$ServerStreamListenerImpl.halfClosed(ServerCallImpl.java:356)\n\tat io.grpc.internal.ServerImpl$JumpToApplicationThreadServerStreamListener$1HalfClosed.runInContext(ServerImpl.java:861)\n\tat io.grpc.internal.ContextRunnable.run(ContextRunnable.java:37)\n\tat io.grpc.internal.SerializingExecutor.run(SerializingExecutor.java:133)\n\tat java.base/java.util.concurrent.ThreadPoolExecutor.runWorker(ThreadPoolExecutor.java:1144)\n\tat java.base/java.util.concurrent.ThreadPoolExecutor$Worker.run(ThreadPoolExecutor.java:642)\n\tat java.base/java.lang.Thread.run(Thread.java:1583)\n\n"}}
[debug] [2026-08-30T04:09:37.279Z] Aug 29, 2026 9:09:37 PM io.gapi.emulators.netty.HttpHandler$1 onError
INFO: Exception when handling request: NOT_FOUND: Document (projects/demo-cadence/databases/(default)/documents/handles/rileychen) not found.
 {"metadata":{"emulator":{"name":"firestore"},"message":"Aug 29, 2026 9:09:37 PM io.gapi.emulators.netty.HttpHandler$1 onError\nINFO: Exception when handling request: NOT_FOUND: Document (projects/demo-cadence/databases/(default)/documents/handles/rileychen) not found.\n"}}
[debug] [2026-08-30T04:09:37.289Z] Aug 29, 2026 9:09:37 PM com.google.cloud.datastore.emulator.impl.util.WrappedStreamObserver onError
WARNING: Operation failed: Document (projects/demo-cadence/databases/(default)/documents/friends/wsKX0PqWFFo1tSxr8woypyxWRn7K/list/sNQqBc1O2fAjoF6TxlRWYBEhAw8w) not found.
com.google.cloud.datastore.core.exception.DatastoreException: Document (projects/demo-cadence/databases/(default)/documents/friends/wsKX0PqWFFo1tSxr8woypyxWRn7K/list/sNQqBc1O2fAjoF6TxlRWYBEhAw8w) not found.
	at com.google.cloud.datastore.emulator.impl.firestore.CloudFirestoreV1.getDocument(CloudFirestoreV1.java:335)
	at com.google.cloud.datastore.emulator.impl.firestore.CloudFirestoreV1Router.getDocument(CloudFirestoreV1Router.java:129)
	at com.google.cloud.datastore.emulator.impl.firestore.CloudFirestoreV1Router.getOrListDocuments(CloudFirestoreV1Router.java:123)
	at com.google.cloud.datastore.emulator.firestore.v1.FirestoreV1GrpcAdapter$1.lambda$getOrListDocuments$0(FirestoreV1GrpcAdapter.java:108)
	at com.google.cloud.datastore.emulator.firestore.v1.FirestoreV1GrpcAdapter.unary(FirestoreV1GrpcAdapter.java:72)
	at com.google.cloud.datastore.emulator.firestore.v1.FirestoreV1GrpcAdapter$1.getOrListDocuments(FirestoreV1GrpcAdapter.java:108)
	at com.google.firestore.v1.FirestoreGrpc$MethodHandlers.invoke(FirestoreGrpc.java:1206)
	at io.grpc.stub.ServerCalls$UnaryServerCallHandler$UnaryServerCallListener.onHalfClose(ServerCalls.java:182)
	at io.grpc.PartialForwardingServerCallListener.onHalfClose(PartialForwardingServerCallListener.java:35)
	at io.grpc.ForwardingServerCallListener.onHalfClose(ForwardingServerCallListener.java:23)
	at io.grpc.ForwardingServerCallListener$SimpleForwardingServerCallListener.onHalfClose(ForwardingServerCallListener.java:40)
	at io.grpc.Contexts$ContextualizedServerCallListener.onHalfClose(Contexts.java:86)
	at io.grpc.PartialForwardingServerCallListener.onHalfClose(PartialForwardingServerCallListener.java:35)
	at io.grpc.ForwardingServerCallListener.onHalfClose(ForwardingServerCallListener.java:23)
	at io.grpc.ForwardingServerCallListener$SimpleForwardingServerCallListener.onHalfClose(ForwardingServerCallListener.java:40)
	at io.grpc.Contexts$ContextualizedServerCallListener.onHalfClose(Contexts.java:86)
	at io.grpc.internal.ServerCallImpl$ServerStreamListenerImpl.halfClosed(ServerCallImpl.java:356)
	at io.grpc.internal.ServerImpl$JumpToApplicationThreadServerStreamListener$1HalfClosed.runInContext(ServerImpl.java:861)
	at io.grpc.internal.ContextRunnable.run(ContextRunnable.java:37)
	at io.grpc.internal.SerializingExecutor.run(SerializingExecutor.java:133)
	at java.base/java.util.concurrent.ThreadPoolExecutor.runWorker(ThreadPoolExecutor.java:1144)
	at java.base/java.util.concurrent.ThreadPoolExecutor$Worker.run(ThreadPoolExecutor.java:642)
	at java.base/java.lang.Thread.run(Thread.java:1583)

 {"metadata":{"emulator":{"name":"firestore"},"message":"Aug 29, 2026 9:09:37 PM com.google.cloud.datastore.emulator.impl.util.WrappedStreamObserver onError\nWARNING: Operation failed: Document (projects/demo-cadence/databases/(default)/documents/friends/wsKX0PqWFFo1tSxr8woypyxWRn7K/list/sNQqBc1O2fAjoF6TxlRWYBEhAw8w) not found.\ncom.google.cloud.datastore.core.exception.DatastoreException: Document (projects/demo-cadence/databases/(default)/documents/friends/wsKX0PqWFFo1tSxr8woypyxWRn7K/list/sNQqBc1O2fAjoF6TxlRWYBEhAw8w) not found.\n\tat com.google.cloud.datastore.emulator.impl.firestore.CloudFirestoreV1.getDocument(CloudFirestoreV1.java:335)\n\tat com.google.cloud.datastore.emulator.impl.firestore.CloudFirestoreV1Router.getDocument(CloudFirestoreV1Router.java:129)\n\tat com.google.cloud.datastore.emulator.impl.firestore.CloudFirestoreV1Router.getOrListDocuments(CloudFirestoreV1Router.java:123)\n\tat com.google.cloud.datastore.emulator.firestore.v1.FirestoreV1GrpcAdapter$1.lambda$getOrListDocuments$0(FirestoreV1GrpcAdapter.java:108)\n\tat com.google.cloud.datastore.emulator.firestore.v1.FirestoreV1GrpcAdapter.unary(FirestoreV1GrpcAdapter.java:72)\n\tat com.google.cloud.datastore.emulator.firestore.v1.FirestoreV1GrpcAdapter$1.getOrListDocuments(FirestoreV1GrpcAdapter.java:108)\n\tat com.google.firestore.v1.FirestoreGrpc$MethodHandlers.invoke(FirestoreGrpc.java:1206)\n\tat io.grpc.stub.ServerCalls$UnaryServerCallHandler$UnaryServerCallListener.onHalfClose(ServerCalls.java:182)\n\tat io.grpc.PartialForwardingServerCallListener.onHalfClose(PartialForwardingServerCallListener.java:35)\n\tat io.grpc.ForwardingServerCallListener.onHalfClose(ForwardingServerCallListener.java:23)\n\tat io.grpc.ForwardingServerCallListener$SimpleForwardingServerCallListener.onHalfClose(ForwardingServerCallListener.java:40)\n\tat io.grpc.Contexts$ContextualizedServerCallListener.onHalfClose(Contexts.java:86)\n\tat io.grpc.PartialForwardingServerCallListener.onHalfClose(PartialForwardingServerCallListener.java:35)\n\tat io.grpc.ForwardingServerCallListener.onHalfClose(ForwardingServerCallListener.java:23)\n\tat io.grpc.ForwardingServerCallListener$SimpleForwardingServerCallListener.onHalfClose(ForwardingServerCallListener.java:40)\n\tat io.grpc.Contexts$ContextualizedServerCallListener.onHalfClose(Contexts.java:86)\n\tat io.grpc.internal.ServerCallImpl$ServerStreamListenerImpl.halfClosed(ServerCallImpl.java:356)\n\tat io.grpc.internal.ServerImpl$JumpToApplicationThreadServerStreamListener$1HalfClosed.runInContext(ServerImpl.java:861)\n\tat io.grpc.internal.ContextRunnable.run(ContextRunnable.java:37)\n\tat io.grpc.internal.SerializingExecutor.run(SerializingExecutor.java:133)\n\tat java.base/java.util.concurrent.ThreadPoolExecutor.runWorker(ThreadPoolExecutor.java:1144)\n\tat java.base/java.util.concurrent.ThreadPoolExecutor$Worker.run(ThreadPoolExecutor.java:642)\n\tat java.base/java.lang.Thread.run(Thread.java:1583)\n\n"}}
[debug] [2026-08-30T04:09:37.290Z] Aug 29, 2026 9:09:37 PM io.gapi.emulators.netty.HttpHandler$1 onError
INFO: Exception when handling request: NOT_FOUND: Document (projects/demo-cadence/databases/(default)/documents/friends/wsKX0PqWFFo1tSxr8woypyxWRn7K/list/sNQqBc1O2fAjoF6TxlRWYBEhAw8w) not found.
 {"metadata":{"emulator":{"name":"firestore"},"message":"Aug 29, 2026 9:09:37 PM io.gapi.emulators.netty.HttpHandler$1 onError\nINFO: Exception when handling request: NOT_FOUND: Document (projects/demo-cadence/databases/(default)/documents/friends/wsKX0PqWFFo1tSxr8woypyxWRn7K/list/sNQqBc1O2fAjoF6TxlRWYBEhAw8w) not found.\n"}}
[debug] [2026-08-30T04:09:37.293Z] Aug 29, 2026 9:09:37 PM com.google.cloud.datastore.emulator.impl.util.WrappedStreamObserver onError
WARNING: Operation failed: Document (projects/demo-cadence/databases/(default)/documents/users/wsKX0PqWFFo1tSxr8woypyxWRn7K/requests/sNQqBc1O2fAjoF6TxlRWYBEhAw8w) not found.
com.google.cloud.datastore.core.exception.DatastoreException: Document (projects/demo-cadence/databases/(default)/documents/users/wsKX0PqWFFo1tSxr8woypyxWRn7K/requests/sNQqBc1O2fAjoF6TxlRWYBEhAw8w) not found.
	at com.google.cloud.datastore.emulator.impl.firestore.CloudFirestoreV1.getDocument(CloudFirestoreV1.java:335)
	at com.google.cloud.datastore.emulator.impl.firestore.CloudFirestoreV1Router.getDocument(CloudFirestoreV1Router.java:129)
	at com.google.cloud.datastore.emulator.impl.firestore.CloudFirestoreV1Router.getOrListDocuments(CloudFirestoreV1Router.java:123)
	at com.google.cloud.datastore.emulator.firestore.v1.FirestoreV1GrpcAdapter$1.lambda$getOrListDocuments$0(FirestoreV1GrpcAdapter.java:108)
	at com.google.cloud.datastore.emulator.firestore.v1.FirestoreV1GrpcAdapter.unary(FirestoreV1GrpcAdapter.java:72)
	at com.google.cloud.datastore.emulator.firestore.v1.FirestoreV1GrpcAdapter$1.getOrListDocuments(FirestoreV1GrpcAdapter.java:108)
	at com.google.firestore.v1.FirestoreGrpc$MethodHandlers.invoke(FirestoreGrpc.java:1206)
	at io.grpc.stub.ServerCalls$UnaryServerCallHandler$UnaryServerCallListener.onHalfClose(ServerCalls.java:182)
	at io.grpc.PartialForwardingServerCallListener.onHalfClose(PartialForwardingServerCallListener.java:35)
	at io.grpc.ForwardingServerCallListener.onHalfClose(ForwardingServerCallListener.java:23)
	at io.grpc.ForwardingServerCallListener$SimpleForwardingServerCallListener.onHalfClose(ForwardingServerCallListener.java:40)
	at io.grpc.Contexts$ContextualizedServerCallListener.onHalfClose(Contexts.java:86)
	at io.grpc.PartialForwardingServerCallListener.onHalfClose(PartialForwardingServerCallListener.java:35)
	at io.grpc.ForwardingServerCallListener.onHalfClose(ForwardingServerCallListener.java:23)
	at io.grpc.ForwardingServerCallListener$SimpleForwardingServerCallListener.onHalfClose(ForwardingServerCallListener.java:40)
	at io.grpc.Contexts$ContextualizedServerCallListener.onHalfClose(Contexts.java:86)
	at io.grpc.internal.ServerCallImpl$ServerStreamListenerImpl.halfClosed(ServerCallImpl.java:356)
	at io.grpc.internal.ServerImpl$JumpToApplicationThreadServerStreamListener$1HalfClosed.runInContext(ServerImpl.java:861)
	at io.grpc.internal.ContextRunnable.run(ContextRunnable.java:37)
	at io.grpc.internal.SerializingExecutor.run(SerializingExecutor.java:133)
	at java.base/java.util.concurrent.ThreadPoolExecutor.runWorker(ThreadPoolExecutor.java:1144)
	at java.base/java.util.concurrent.ThreadPoolExecutor$Worker.run(ThreadPoolExecutor.java:642)
	at java.base/java.lang.Thread.run(Thread.java:1583)

 {"metadata":{"emulator":{"name":"firestore"},"message":"Aug 29, 2026 9:09:37 PM com.google.cloud.datastore.emulator.impl.util.WrappedStreamObserver onError\nWARNING: Operation failed: Document (projects/demo-cadence/databases/(default)/documents/users/wsKX0PqWFFo1tSxr8woypyxWRn7K/requests/sNQqBc1O2fAjoF6TxlRWYBEhAw8w) not found.\ncom.google.cloud.datastore.core.exception.DatastoreException: Document (projects/demo-cadence/databases/(default)/documents/users/wsKX0PqWFFo1tSxr8woypyxWRn7K/requests/sNQqBc1O2fAjoF6TxlRWYBEhAw8w) not found.\n\tat com.google.cloud.datastore.emulator.impl.firestore.CloudFirestoreV1.getDocument(CloudFirestoreV1.java:335)\n\tat com.google.cloud.datastore.emulator.impl.firestore.CloudFirestoreV1Router.getDocument(CloudFirestoreV1Router.java:129)\n\tat com.google.cloud.datastore.emulator.impl.firestore.CloudFirestoreV1Router.getOrListDocuments(CloudFirestoreV1Router.java:123)\n\tat com.google.cloud.datastore.emulator.firestore.v1.FirestoreV1GrpcAdapter$1.lambda$getOrListDocuments$0(FirestoreV1GrpcAdapter.java:108)\n\tat com.google.cloud.datastore.emulator.firestore.v1.FirestoreV1GrpcAdapter.unary(FirestoreV1GrpcAdapter.java:72)\n\tat com.google.cloud.datastore.emulator.firestore.v1.FirestoreV1GrpcAdapter$1.getOrListDocuments(FirestoreV1GrpcAdapter.java:108)\n\tat com.google.firestore.v1.FirestoreGrpc$MethodHandlers.invoke(FirestoreGrpc.java:1206)\n\tat io.grpc.stub.ServerCalls$UnaryServerCallHandler$UnaryServerCallListener.onHalfClose(ServerCalls.java:182)\n\tat io.grpc.PartialForwardingServerCallListener.onHalfClose(PartialForwardingServerCallListener.java:35)\n\tat io.grpc.ForwardingServerCallListener.onHalfClose(ForwardingServerCallListener.java:23)\n\tat io.grpc.ForwardingServerCallListener$SimpleForwardingServerCallListener.onHalfClose(ForwardingServerCallListener.java:40)\n\tat io.grpc.Contexts$ContextualizedServerCallListener.onHalfClose(Contexts.java:86)\n\tat io.grpc.PartialForwardingServerCallListener.onHalfClose(PartialForwardingServerCallListener.java:35)\n\tat io.grpc.ForwardingServerCallListener.onHalfClose(ForwardingServerCallListener.java:23)\n\tat io.grpc.ForwardingServerCallListener$SimpleForwardingServerCallListener.onHalfClose(ForwardingServerCallListener.java:40)\n\tat io.grpc.Contexts$ContextualizedServerCallListener.onHalfClose(Contexts.java:86)\n\tat io.grpc.internal.ServerCallImpl$ServerStreamListenerImpl.halfClosed(ServerCallImpl.java:356)\n\tat io.grpc.internal.ServerImpl$JumpToApplicationThreadServerStreamListener$1HalfClosed.runInContext(ServerImpl.java:861)\n\tat io.grpc.internal.ContextRunnable.run(ContextRunnable.java:37)\n\tat io.grpc.internal.SerializingExecutor.run(SerializingExecutor.java:133)\n\tat java.base/java.util.concurrent.ThreadPoolExecutor.runWorker(ThreadPoolExecutor.java:1144)\n\tat java.base/java.util.concurrent.ThreadPoolExecutor$Worker.run(ThreadPoolExecutor.java:642)\n\tat java.base/java.lang.Thread.run(Thread.java:1583)\n\n"}}
[debug] [2026-08-30T04:09:37.294Z] Aug 29, 2026 9:09:37 PM io.gapi.emulators.netty.HttpHandler$1 onError
INFO: Exception when handling request: NOT_FOUND: Document (projects/demo-cadence/databases/(default)/documents/users/wsKX0PqWFFo1tSxr8woypyxWRn7K/requests/sNQqBc1O2fAjoF6TxlRWYBEhAw8w) not found.
 {"metadata":{"emulator":{"name":"firestore"},"message":"Aug 29, 2026 9:09:37 PM io.gapi.emulators.netty.HttpHandler$1 onError\nINFO: Exception when handling request: NOT_FOUND: Document (projects/demo-cadence/databases/(default)/documents/users/wsKX0PqWFFo1tSxr8woypyxWRn7K/requests/sNQqBc1O2fAjoF6TxlRWYBEhAw8w) not found.\n"}}
[debug] [2026-08-30T04:09:37.297Z] Aug 29, 2026 9:09:37 PM com.google.cloud.datastore.emulator.impl.util.WrappedStreamObserver onError
WARNING: Operation failed: Document (projects/demo-cadence/databases/(default)/documents/users/sNQqBc1O2fAjoF6TxlRWYBEhAw8w/requests/wsKX0PqWFFo1tSxr8woypyxWRn7K) not found.
com.google.cloud.datastore.core.exception.DatastoreException: Document (projects/demo-cadence/databases/(default)/documents/users/sNQqBc1O2fAjoF6TxlRWYBEhAw8w/requests/wsKX0PqWFFo1tSxr8woypyxWRn7K) not found.
	at com.google.cloud.datastore.emulator.impl.firestore.CloudFirestoreV1.getDocument(CloudFirestoreV1.java:335)
	at com.google.cloud.datastore.emulator.impl.firestore.CloudFirestoreV1Router.getDocument(CloudFirestoreV1Router.java:129)
	at com.google.cloud.datastore.emulator.impl.firestore.CloudFirestoreV1Router.getOrListDocuments(CloudFirestoreV1Router.java:123)
	at com.google.cloud.datastore.emulator.firestore.v1.FirestoreV1GrpcAdapter$1.lambda$getOrListDocuments$0(FirestoreV1GrpcAdapter.java:108)
	at com.google.cloud.datastore.emulator.firestore.v1.FirestoreV1GrpcAdapter.unary(FirestoreV1GrpcAdapter.java:72)
	at com.google.cloud.datastore.emulator.firestore.v1.FirestoreV1GrpcAdapter$1.getOrListDocuments(FirestoreV1GrpcAdapter.java:108)
	at com.google.firestore.v1.FirestoreGrpc$MethodHandlers.invoke(FirestoreGrpc.java:1206)
	at io.grpc.stub.ServerCalls$UnaryServerCallHandler$UnaryServerCallListener.onHalfClose(ServerCalls.java:182)
	at io.grpc.PartialForwardingServerCallListener.onHalfClose(PartialForwardingServerCallListener.java:35)
	at io.grpc.ForwardingServerCallListener.onHalfClose(ForwardingServerCallListener.java:23)
	at io.grpc.ForwardingServerCallListener$SimpleForwardingServerCallListener.onHalfClose(ForwardingServerCallListener.java:40)
	at io.grpc.Contexts$ContextualizedServerCallListener.onHalfClose(Contexts.java:86)
	at io.grpc.PartialForwardingServerCallListener.onHalfClose(PartialForwardingServerCallListener.java:35)
	at io.grpc.ForwardingServerCallListener.onHalfClose(ForwardingServerCallListener.java:23)
	at io.grpc.ForwardingServerCallListener$SimpleForwardingServerCallListener.onHalfClose(ForwardingServerCallListener.java:40)
	at io.grpc.Contexts$ContextualizedServerCallListener.onHalfClose(Contexts.java:86)
	at io.grpc.internal.ServerCallImpl$ServerStreamListenerImpl.halfClosed(ServerCallImpl.java:356)
	at io.grpc.internal.ServerImpl$JumpToApplicationThreadServerStreamListener$1HalfClosed.runInContext(ServerImpl.java:861)
	at io.grpc.internal.ContextRunnable.run(ContextRunnable.java:37)
	at io.grpc.internal.SerializingExecutor.run(SerializingExecutor.java:133)
	at java.base/java.util.concurrent.ThreadPoolExecutor.runWorker(ThreadPoolExecutor.java:1144)
	at java.base/java.util.concurrent.ThreadPoolExecutor$Worker.run(ThreadPoolExecutor.java:642)
	at java.base/java.lang.Thread.run(Thread.java:1583)

 {"metadata":{"emulator":{"name":"firestore"},"message":"Aug 29, 2026 9:09:37 PM com.google.cloud.datastore.emulator.impl.util.WrappedStreamObserver onError\nWARNING: Operation failed: Document (projects/demo-cadence/databases/(default)/documents/users/sNQqBc1O2fAjoF6TxlRWYBEhAw8w/requests/wsKX0PqWFFo1tSxr8woypyxWRn7K) not found.\ncom.google.cloud.datastore.core.exception.DatastoreException: Document (projects/demo-cadence/databases/(default)/documents/users/sNQqBc1O2fAjoF6TxlRWYBEhAw8w/requests/wsKX0PqWFFo1tSxr8woypyxWRn7K) not found.\n\tat com.google.cloud.datastore.emulator.impl.firestore.CloudFirestoreV1.getDocument(CloudFirestoreV1.java:335)\n\tat com.google.cloud.datastore.emulator.impl.firestore.CloudFirestoreV1Router.getDocument(CloudFirestoreV1Router.java:129)\n\tat com.google.cloud.datastore.emulator.impl.firestore.CloudFirestoreV1Router.getOrListDocuments(CloudFirestoreV1Router.java:123)\n\tat com.google.cloud.datastore.emulator.firestore.v1.FirestoreV1GrpcAdapter$1.lambda$getOrListDocuments$0(FirestoreV1GrpcAdapter.java:108)\n\tat com.google.cloud.datastore.emulator.firestore.v1.FirestoreV1GrpcAdapter.unary(FirestoreV1GrpcAdapter.java:72)\n\tat com.google.cloud.datastore.emulator.firestore.v1.FirestoreV1GrpcAdapter$1.getOrListDocuments(FirestoreV1GrpcAdapter.java:108)\n\tat com.google.firestore.v1.FirestoreGrpc$MethodHandlers.invoke(FirestoreGrpc.java:1206)\n\tat io.grpc.stub.ServerCalls$UnaryServerCallHandler$UnaryServerCallListener.onHalfClose(ServerCalls.java:182)\n\tat io.grpc.PartialForwardingServerCallListener.onHalfClose(PartialForwardingServerCallListener.java:35)\n\tat io.grpc.ForwardingServerCallListener.onHalfClose(ForwardingServerCallListener.java:23)\n\tat io.grpc.ForwardingServerCallListener$SimpleForwardingServerCallListener.onHalfClose(ForwardingServerCallListener.java:40)\n\tat io.grpc.Contexts$ContextualizedServerCallListener.onHalfClose(Contexts.java:86)\n\tat io.grpc.PartialForwardingServerCallListener.onHalfClose(PartialForwardingServerCallListener.java:35)\n\tat io.grpc.ForwardingServerCallListener.onHalfClose(ForwardingServerCallListener.java:23)\n\tat io.grpc.ForwardingServerCallListener$SimpleForwardingServerCallListener.onHalfClose(ForwardingServerCallListener.java:40)\n\tat io.grpc.Contexts$ContextualizedServerCallListener.onHalfClose(Contexts.java:86)\n\tat io.grpc.internal.ServerCallImpl$ServerStreamListenerImpl.halfClosed(ServerCallImpl.java:356)\n\tat io.grpc.internal.ServerImpl$JumpToApplicationThreadServerStreamListener$1HalfClosed.runInContext(ServerImpl.java:861)\n\tat io.grpc.internal.ContextRunnable.run(ContextRunnable.java:37)\n\tat io.grpc.internal.SerializingExecutor.run(SerializingExecutor.java:133)\n\tat java.base/java.util.concurrent.ThreadPoolExecutor.runWorker(ThreadPoolExecutor.java:1144)\n\tat java.base/java.util.concurrent.ThreadPoolExecutor$Worker.run(ThreadPoolExecutor.java:642)\n\tat java.base/java.lang.Thread.run(Thread.java:1583)\n\n"}}
[debug] [2026-08-30T04:09:37.298Z] Aug 29, 2026 9:09:37 PM io.gapi.emulators.netty.HttpHandler$1 onError
INFO: Exception when handling request: NOT_FOUND: Document (projects/demo-cadence/databases/(default)/documents/users/sNQqBc1O2fAjoF6TxlRWYBEhAw8w/requests/wsKX0PqWFFo1tSxr8woypyxWRn7K) not found.
 {"metadata":{"emulator":{"name":"firestore"},"message":"Aug 29, 2026 9:09:37 PM io.gapi.emulators.netty.HttpHandler$1 onError\nINFO: Exception when handling request: NOT_FOUND: Document (projects/demo-cadence/databases/(default)/documents/users/sNQqBc1O2fAjoF6TxlRWYBEhAw8w/requests/wsKX0PqWFFo1tSxr8woypyxWRn7K) not found.\n"}}
[debug] [2026-08-30T04:09:37.310Z] Aug 29, 2026 9:09:37 PM io.gapi.emulators.netty.HttpVersionRoutingHandler channelRead
INFO: Detected non-HTTP/2 connection.
 {"metadata":{"emulator":{"name":"firestore"},"message":"Aug 29, 2026 9:09:37 PM io.gapi.emulators.netty.HttpVersionRoutingHandler channelRead\nINFO: Detected non-HTTP/2 connection.\n"}}
[debug] [2026-08-30T04:09:37.335Z] Aug 29, 2026 9:09:37 PM com.google.cloud.datastore.emulator.impl.util.WrappedStreamObserver onError
WARNING: Operation failed: 
evaluation error at L54:22 for 'get' @ L54, false for 'get' @ L54
com.google.cloud.datastore.core.exception.DatastoreException: 
evaluation error at L54:22 for 'get' @ L54, false for 'get' @ L54
	at com.google.cloud.datastore.core.exception.DatastoreException$Builder.build(DatastoreException.java:121)
	at com.google.cloud.datastore.emulator.impl.rules.DefaultEmulatorRulesAuthorizer.verboseError(DefaultEmulatorRulesAuthorizer.java:318)
	at com.google.cloud.datastore.emulator.impl.rules.DefaultEmulatorRulesAuthorizer.withVerboseErrors(DefaultEmulatorRulesAuthorizer.java:295)
	at com.google.cloud.datastore.emulator.impl.rules.DefaultEmulatorRulesAuthorizer.checkLookup(DefaultEmulatorRulesAuthorizer.java:153)
	at com.google.cloud.datastore.emulator.impl.firestore.FirestoreEmulatorHelper.snapshotRead(FirestoreEmulatorHelper.java:286)
	at com.google.cloud.datastore.emulator.impl.firestore.FirestoreEmulatorHelper.lambda$read$0(FirestoreEmulatorHelper.java:245)
	at com.google.cloud.datastore.emulator.impl.transactions.EmulatorTransactionManager$ReadOnlyTransaction.fold(EmulatorTransactionManager.java:461)
	at com.google.cloud.datastore.emulator.impl.firestore.FirestoreEmulatorHelper.read(FirestoreEmulatorHelper.java:244)
	at com.google.cloud.datastore.emulator.impl.firestore.CloudFirestoreV1.getDocument(CloudFirestoreV1.java:331)
	at com.google.cloud.datastore.emulator.impl.firestore.CloudFirestoreV1Router.getDocument(CloudFirestoreV1Router.java:129)
	at com.google.cloud.datastore.emulator.impl.firestore.CloudFirestoreV1Router.getOrListDocuments(CloudFirestoreV1Router.java:123)
	at com.google.cloud.datastore.emulator.firestore.v1.FirestoreV1GrpcAdapter$1.lambda$getOrListDocuments$0(FirestoreV1GrpcAdapter.java:108)
	at com.google.cloud.datastore.emulator.firestore.v1.FirestoreV1GrpcAdapter.unary(FirestoreV1GrpcAdapter.java:72)
	at com.google.cloud.datastore.emulator.firestore.v1.FirestoreV1GrpcAdapter$1.getOrListDocuments(FirestoreV1GrpcAdapter.java:108)
	at com.google.firestore.v1.FirestoreGrpc$MethodHandlers.invoke(FirestoreGrpc.java:1206)
	at io.grpc.stub.ServerCalls$UnaryServerCallHandler$UnaryServerCallListener.onHalfClose(ServerCalls.java:182)
	at io.grpc.PartialForwardingServerCallListener.onHalfClose(PartialForwardingServerCallListener.java:35)
	at io.grpc.ForwardingServerCallListener.onHalfClose(ForwardingServerCallListener.java:23)
	at io.grpc.ForwardingServerCallListener$SimpleForwardingServerCallListener.onHalfClose(ForwardingServerCallListener.java:40)
	at io.grpc.Contexts$ContextualizedServerCallListener.onHalfClose(Contexts.java:86)
	at io.grpc.PartialForwardingServerCallListener.onHalfClose(PartialForwardingServerCallListener.java:35)
	at io.grpc.ForwardingServerCallListener.onHalfClose(ForwardingServerCallListener.java:23)
	at io.grpc.ForwardingServerCallListener$SimpleForwardingServerCallListener.onHalfClose(ForwardingServerCallListener.java:40)
	at io.grpc.Contexts$ContextualizedServerCallListener.onHalfClose(Contexts.java:86)
	at io.grpc.internal.ServerCallImpl$ServerStreamListenerImpl.halfClosed(ServerCallImpl.java:356)
	at io.grpc.internal.ServerImpl$JumpToApplicationThreadServerStreamListener$1HalfClosed.runInContext(ServerImpl.java:861)
	at io.grpc.internal.ContextRunnable.run(ContextRunnable.java:37)
	at io.grpc.internal.SerializingExecutor.run(SerializingExecutor.java:133)
	at java.base/java.util.concurrent.ThreadPoolExecutor.runWorker(ThreadPoolExecutor.java:1144)
	at java.base/java.util.concurrent.ThreadPoolExecutor$Worker.run(ThreadPoolExecutor.java:642)
	at java.base/java.lang.Thread.run(Thread.java:1583)

 {"metadata":{"emulator":{"name":"firestore"},"message":"Aug 29, 2026 9:09:37 PM com.google.cloud.datastore.emulator.impl.util.WrappedStreamObserver onError\nWARNING: Operation failed: \nevaluation error at L54:22 for 'get' @ L54, false for 'get' @ L54\ncom.google.cloud.datastore.core.exception.DatastoreException: \nevaluation error at L54:22 for 'get' @ L54, false for 'get' @ L54\n\tat com.google.cloud.datastore.core.exception.DatastoreException$Builder.build(DatastoreException.java:121)\n\tat com.google.cloud.datastore.emulator.impl.rules.DefaultEmulatorRulesAuthorizer.verboseError(DefaultEmulatorRulesAuthorizer.java:318)\n\tat com.google.cloud.datastore.emulator.impl.rules.DefaultEmulatorRulesAuthorizer.withVerboseErrors(DefaultEmulatorRulesAuthorizer.java:295)\n\tat com.google.cloud.datastore.emulator.impl.rules.DefaultEmulatorRulesAuthorizer.checkLookup(DefaultEmulatorRulesAuthorizer.java:153)\n\tat com.google.cloud.datastore.emulator.impl.firestore.FirestoreEmulatorHelper.snapshotRead(FirestoreEmulatorHelper.java:286)\n\tat com.google.cloud.datastore.emulator.impl.firestore.FirestoreEmulatorHelper.lambda$read$0(FirestoreEmulatorHelper.java:245)\n\tat com.google.cloud.datastore.emulator.impl.transactions.EmulatorTransactionManager$ReadOnlyTransaction.fold(EmulatorTransactionManager.java:461)\n\tat com.google.cloud.datastore.emulator.impl.firestore.FirestoreEmulatorHelper.read(FirestoreEmulatorHelper.java:244)\n\tat com.google.cloud.datastore.emulator.impl.firestore.CloudFirestoreV1.getDocument(CloudFirestoreV1.java:331)\n\tat com.google.cloud.datastore.emulator.impl.firestore.CloudFirestoreV1Router.getDocument(CloudFirestoreV1Router.java:129)\n\tat com.google.cloud.datastore.emulator.impl.firestore.CloudFirestoreV1Router.getOrListDocuments(CloudFirestoreV1Router.java:123)\n\tat com.google.cloud.datastore.emulator.firestore.v1.FirestoreV1GrpcAdapter$1.lambda$getOrListDocuments$0(FirestoreV1GrpcAdapter.java:108)\n\tat com.google.cloud.datastore.emulator.firestore.v1.FirestoreV1GrpcAdapter.unary(FirestoreV1GrpcAdapter.java:72)\n\tat com.google.cloud.datastore.emulator.firestore.v1.FirestoreV1GrpcAdapter$1.getOrListDocuments(FirestoreV1GrpcAdapter.java:108)\n\tat com.google.firestore.v1.FirestoreGrpc$MethodHandlers.invoke(FirestoreGrpc.java:1206)\n\tat io.grpc.stub.ServerCalls$UnaryServerCallHandler$UnaryServerCallListener.onHalfClose(ServerCalls.java:182)\n\tat io.grpc.PartialForwardingServerCallListener.onHalfClose(PartialForwardingServerCallListener.java:35)\n\tat io.grpc.ForwardingServerCallListener.onHalfClose(ForwardingServerCallListener.java:23)\n\tat io.grpc.ForwardingServerCallListener$SimpleForwardingServerCallListener.onHalfClose(ForwardingServerCallListener.java:40)\n\tat io.grpc.Contexts$ContextualizedServerCallListener.onHalfClose(Contexts.java:86)\n\tat io.grpc.PartialForwardingServerCallListener.onHalfClose(PartialForwardingServerCallListener.java:35)\n\tat io.grpc.ForwardingServerCallListener.onHalfClose(ForwardingServerCallListener.java:23)\n\tat io.grpc.ForwardingServerCallListener$SimpleForwardingServerCallListener.onHalfClose(ForwardingServerCallListener.java:40)\n\tat io.grpc.Contexts$ContextualizedServerCallListener.onHalfClose(Contexts.java:86)\n\tat io.grpc.internal.ServerCallImpl$ServerStreamListenerImpl.halfClosed(ServerCallImpl.java:356)\n\tat io.grpc.internal.ServerImpl$JumpToApplicationThreadServerStreamListener$1HalfClosed.runInContext(ServerImpl.java:861)\n\tat io.grpc.internal.ContextRunnable.run(ContextRunnable.java:37)\n\tat io.grpc.internal.SerializingExecutor.run(SerializingExecutor.java:133)\n\tat java.base/java.util.concurrent.ThreadPoolExecutor.runWorker(ThreadPoolExecutor.java:1144)\n\tat java.base/java.util.concurrent.ThreadPoolExecutor$Worker.run(ThreadPoolExecutor.java:642)\n\tat java.base/java.lang.Thread.run(Thread.java:1583)\n\n"}}
[debug] [2026-08-30T04:09:37.336Z] Aug 29, 2026 9:09:37 PM io.gapi.emulators.netty.HttpHandler$1 onError
INFO: Exception when handling request: PERMISSION_DENIED: 
evaluation error at L54:22 for 'get' @ L54, false for 'get' @ L54
 {"metadata":{"emulator":{"name":"firestore"},"message":"Aug 29, 2026 9:09:37 PM io.gapi.emulators.netty.HttpHandler$1 onError\nINFO: Exception when handling request: PERMISSION_DENIED: \nevaluation error at L54:22 for 'get' @ L54, false for 'get' @ L54\n"}}
[debug] [2026-08-30T04:09:37.341Z] Aug 29, 2026 9:09:37 PM com.google.cloud.datastore.emulator.impl.util.WrappedStreamObserver onError
WARNING: Operation failed: 
false for 'create' @ L55, false for 'update' @ L55
com.google.cloud.datastore.core.exception.DatastoreException: 
false for 'create' @ L55, false for 'update' @ L55
	at com.google.cloud.datastore.core.exception.DatastoreException$Builder.build(DatastoreException.java:121)
	at com.google.cloud.datastore.emulator.impl.rules.DefaultEmulatorRulesAuthorizer.verboseError(DefaultEmulatorRulesAuthorizer.java:318)
	at com.google.cloud.datastore.emulator.impl.rules.DefaultEmulatorRulesAuthorizer.withVerboseErrors(DefaultEmulatorRulesAuthorizer.java:295)
	at com.google.cloud.datastore.emulator.impl.rules.DefaultEmulatorRulesAuthorizer.checkCommit(DefaultEmulatorRulesAuthorizer.java:114)
	at com.google.cloud.datastore.emulator.impl.firestore.FirestoreEmulatorHelper.commitHelper(FirestoreEmulatorHelper.java:360)
	at com.google.cloud.datastore.emulator.impl.firestore.FirestoreEmulatorHelper.internalCommit(FirestoreEmulatorHelper.java:314)
	at com.google.cloud.datastore.emulator.impl.firestore.CloudFirestoreV1.internalCommit(CloudFirestoreV1.java:1077)
	at com.google.cloud.datastore.emulator.impl.firestore.CloudFirestoreV1.updateDocument(CloudFirestoreV1.java:458)
	at com.google.cloud.datastore.emulator.impl.firestore.CloudFirestoreV1Router.updateDocument(CloudFirestoreV1Router.java:149)
	at com.google.cloud.datastore.emulator.firestore.v1.FirestoreV1GrpcAdapter$1.lambda$updateDocument$4(FirestoreV1GrpcAdapter.java:132)
	at com.google.cloud.datastore.emulator.firestore.v1.FirestoreV1GrpcAdapter.unary(FirestoreV1GrpcAdapter.java:72)
	at com.google.cloud.datastore.emulator.firestore.v1.FirestoreV1GrpcAdapter$1.updateDocument(FirestoreV1GrpcAdapter.java:132)
	at com.google.firestore.v1.FirestoreGrpc$MethodHandlers.invoke(FirestoreGrpc.java:1218)
	at io.grpc.stub.ServerCalls$UnaryServerCallHandler$UnaryServerCallListener.onHalfClose(ServerCalls.java:182)
	at io.grpc.PartialForwardingServerCallListener.onHalfClose(PartialForwardingServerCallListener.java:35)
	at io.grpc.ForwardingServerCallListener.onHalfClose(ForwardingServerCallListener.java:23)
	at io.grpc.ForwardingServerCallListener$SimpleForwardingServerCallListener.onHalfClose(ForwardingServerCallListener.java:40)
	at io.grpc.Contexts$ContextualizedServerCallListener.onHalfClose(Contexts.java:86)
	at io.grpc.PartialForwardingServerCallListener.onHalfClose(PartialForwardingServerCallListener.java:35)
	at io.grpc.ForwardingServerCallListener.onHalfClose(ForwardingServerCallListener.java:23)
	at io.grpc.ForwardingServerCallListener$SimpleForwardingServerCallListener.onHalfClose(ForwardingServerCallListener.java:40)
	at io.grpc.Contexts$ContextualizedServerCallListener.onHalfClose(Contexts.java:86)
	at io.grpc.internal.ServerCallImpl$ServerStreamListenerImpl.halfClosed(ServerCallImpl.java:356)
	at io.grpc.internal.ServerImpl$JumpToApplicationThreadServerStreamListener$1HalfClosed.runInContext(ServerImpl.java:861)
	at io.grpc.internal.ContextRunnable.run(ContextRunnable.java:37)
	at io.grpc.internal.SerializingExecutor.run(SerializingExecutor.java:133)
	at java.base/java.util.concurrent.ThreadPoolExecutor.runWorker(ThreadPoolExecutor.java:1144)
	at java.base/java.util.concurrent.ThreadPoolExecutor$Worker.run(ThreadPoolExecutor.java:642)
	at java.base/java.lang.Thread.run(Thread.java:1583)

 {"metadata":{"emulator":{"name":"firestore"},"message":"Aug 29, 2026 9:09:37 PM com.google.cloud.datastore.emulator.impl.util.WrappedStreamObserver onError\nWARNING: Operation failed: \nfalse for 'create' @ L55, false for 'update' @ L55\ncom.google.cloud.datastore.core.exception.DatastoreException: \nfalse for 'create' @ L55, false for 'update' @ L55\n\tat com.google.cloud.datastore.core.exception.DatastoreException$Builder.build(DatastoreException.java:121)\n\tat com.google.cloud.datastore.emulator.impl.rules.DefaultEmulatorRulesAuthorizer.verboseError(DefaultEmulatorRulesAuthorizer.java:318)\n\tat com.google.cloud.datastore.emulator.impl.rules.DefaultEmulatorRulesAuthorizer.withVerboseErrors(DefaultEmulatorRulesAuthorizer.java:295)\n\tat com.google.cloud.datastore.emulator.impl.rules.DefaultEmulatorRulesAuthorizer.checkCommit(DefaultEmulatorRulesAuthorizer.java:114)\n\tat com.google.cloud.datastore.emulator.impl.firestore.FirestoreEmulatorHelper.commitHelper(FirestoreEmulatorHelper.java:360)\n\tat com.google.cloud.datastore.emulator.impl.firestore.FirestoreEmulatorHelper.internalCommit(FirestoreEmulatorHelper.java:314)\n\tat com.google.cloud.datastore.emulator.impl.firestore.CloudFirestoreV1.internalCommit(CloudFirestoreV1.java:1077)\n\tat com.google.cloud.datastore.emulator.impl.firestore.CloudFirestoreV1.updateDocument(CloudFirestoreV1.java:458)\n\tat com.google.cloud.datastore.emulator.impl.firestore.CloudFirestoreV1Router.updateDocument(CloudFirestoreV1Router.java:149)\n\tat com.google.cloud.datastore.emulator.firestore.v1.FirestoreV1GrpcAdapter$1.lambda$updateDocument$4(FirestoreV1GrpcAdapter.java:132)\n\tat com.google.cloud.datastore.emulator.firestore.v1.FirestoreV1GrpcAdapter.unary(FirestoreV1GrpcAdapter.java:72)\n\tat com.google.cloud.datastore.emulator.firestore.v1.FirestoreV1GrpcAdapter$1.updateDocument(FirestoreV1GrpcAdapter.java:132)\n\tat com.google.firestore.v1.FirestoreGrpc$MethodHandlers.invoke(FirestoreGrpc.java:1218)\n\tat io.grpc.stub.ServerCalls$UnaryServerCallHandler$UnaryServerCallListener.onHalfClose(ServerCalls.java:182)\n\tat io.grpc.PartialForwardingServerCallListener.onHalfClose(PartialForwardingServerCallListener.java:35)\n\tat io.grpc.ForwardingServerCallListener.onHalfClose(ForwardingServerCallListener.java:23)\n\tat io.grpc.ForwardingServerCallListener$SimpleForwardingServerCallListener.onHalfClose(ForwardingServerCallListener.java:40)\n\tat io.grpc.Contexts$ContextualizedServerCallListener.onHalfClose(Contexts.java:86)\n\tat io.grpc.PartialForwardingServerCallListener.onHalfClose(PartialForwardingServerCallListener.java:35)\n\tat io.grpc.ForwardingServerCallListener.onHalfClose(ForwardingServerCallListener.java:23)\n\tat io.grpc.ForwardingServerCallListener$SimpleForwardingServerCallListener.onHalfClose(ForwardingServerCallListener.java:40)\n\tat io.grpc.Contexts$ContextualizedServerCallListener.onHalfClose(Contexts.java:86)\n\tat io.grpc.internal.ServerCallImpl$ServerStreamListenerImpl.halfClosed(ServerCallImpl.java:356)\n\tat io.grpc.internal.ServerImpl$JumpToApplicationThreadServerStreamListener$1HalfClosed.runInContext(ServerImpl.java:861)\n\tat io.grpc.internal.ContextRunnable.run(ContextRunnable.java:37)\n\tat io.grpc.internal.SerializingExecutor.run(SerializingExecutor.java:133)\n\tat java.base/java.util.concurrent.ThreadPoolExecutor.runWorker(ThreadPoolExecutor.java:1144)\n\tat java.base/java.util.concurrent.ThreadPoolExecutor$Worker.run(ThreadPoolExecutor.java:642)\n\tat java.base/java.lang.Thread.run(Thread.java:1583)\n\n"}}
[debug] [2026-08-30T04:09:37.341Z] Aug 29, 2026 9:09:37 PM io.gapi.emulators.netty.HttpHandler$1 onError
INFO: Exception when handling request: PERMISSION_DENIED: 
false for 'create' @ L55, false for 'update' @ L55
 {"metadata":{"emulator":{"name":"firestore"},"message":"Aug 29, 2026 9:09:37 PM io.gapi.emulators.netty.HttpHandler$1 onError\nINFO: Exception when handling request: PERMISSION_DENIED: \nfalse for 'create' @ L55, false for 'update' @ L55\n"}}
[debug] [2026-08-30T04:09:37.347Z] Aug 29, 2026 9:09:37 PM com.google.cloud.datastore.emulator.impl.util.WrappedStreamObserver onError
WARNING: Operation failed: 
evaluation error at L46:9 for 'create' @ L46, false for 'create' @ L46
com.google.cloud.datastore.core.exception.DatastoreException: 
evaluation error at L46:9 for 'create' @ L46, false for 'create' @ L46
	at com.google.cloud.datastore.core.exception.DatastoreException$Builder.build(DatastoreException.java:121)
	at com.google.cloud.datastore.emulator.impl.rules.DefaultEmulatorRulesAuthorizer.verboseError(DefaultEmulatorRulesAuthorizer.java:318)
	at com.google.cloud.datastore.emulator.impl.rules.DefaultEmulatorRulesAuthorizer.withVerboseErrors(DefaultEmulatorRulesAuthorizer.java:295)
	at com.google.cloud.datastore.emulator.impl.rules.DefaultEmulatorRulesAuthorizer.checkCommit(DefaultEmulatorRulesAuthorizer.java:114)
	at com.google.cloud.datastore.emulator.impl.firestore.FirestoreEmulatorHelper.commitHelper(FirestoreEmulatorHelper.java:360)
	at com.google.cloud.datastore.emulator.impl.firestore.FirestoreEmulatorHelper.internalCommit(FirestoreEmulatorHelper.java:314)
	at com.google.cloud.datastore.emulator.impl.firestore.CloudFirestoreV1.internalCommit(CloudFirestoreV1.java:1077)
	at com.google.cloud.datastore.emulator.impl.firestore.CloudFirestoreV1.updateDocument(CloudFirestoreV1.java:458)
	at com.google.cloud.datastore.emulator.impl.firestore.CloudFirestoreV1Router.updateDocument(CloudFirestoreV1Router.java:149)
	at com.google.cloud.datastore.emulator.firestore.v1.FirestoreV1GrpcAdapter$1.lambda$updateDocument$4(FirestoreV1GrpcAdapter.java:132)
	at com.google.cloud.datastore.emulator.firestore.v1.FirestoreV1GrpcAdapter.unary(FirestoreV1GrpcAdapter.java:72)
	at com.google.cloud.datastore.emulator.firestore.v1.FirestoreV1GrpcAdapter$1.updateDocument(FirestoreV1GrpcAdapter.java:132)
	at com.google.firestore.v1.FirestoreGrpc$MethodHandlers.invoke(FirestoreGrpc.java:1218)
	at io.grpc.stub.ServerCalls$UnaryServerCallHandler$UnaryServerCallListener.onHalfClose(ServerCalls.java:182)
	at io.grpc.PartialForwardingServerCallListener.onHalfClose(PartialForwardingServerCallListener.java:35)
	at io.grpc.ForwardingServerCallListener.onHalfClose(ForwardingServerCallListener.java:23)
	at io.grpc.ForwardingServerCallListener$SimpleForwardingServerCallListener.onHalfClose(ForwardingServerCallListener.java:40)
	at io.grpc.Contexts$ContextualizedServerCallListener.onHalfClose(Contexts.java:86)
	at io.grpc.PartialForwardingServerCallListener.onHalfClose(PartialForwardingServerCallListener.java:35)
	at io.grpc.ForwardingServerCallListener.onHalfClose(ForwardingServerCallListener.java:23)
	at io.grpc.ForwardingServerCallListener$SimpleForwardingServerCallListener.onHalfClose(ForwardingServerCallListener.java:40)
	at io.grpc.Contexts$ContextualizedServerCallListener.onHalfClose(Contexts.java:86)
	at io.grpc.internal.ServerCallImpl$ServerStreamListenerImpl.halfClosed(ServerCallImpl.java:356)
	at io.grpc.internal.ServerImpl$JumpToApplicationThreadServerStreamListener$1HalfClosed.runInContext(ServerImpl.java:861)
	at io.grpc.internal.ContextRunnable.run(ContextRunnable.java:37)
	at io.grpc.internal.SerializingExecutor.run(SerializingExecutor.java:133)
	at java.base/java.util.concurrent.ThreadPoolExecutor.runWorker(ThreadPoolExecutor.java:1144)
	at java.base/java.util.concurrent.ThreadPoolExecutor$Worker.run(ThreadPoolExecutor.java:642)
	at java.base/java.lang.Thread.run(Thread.java:1583)

 {"metadata":{"emulator":{"name":"firestore"},"message":"Aug 29, 2026 9:09:37 PM com.google.cloud.datastore.emulator.impl.util.WrappedStreamObserver onError\nWARNING: Operation failed: \nevaluation error at L46:9 for 'create' @ L46, false for 'create' @ L46\ncom.google.cloud.datastore.core.exception.DatastoreException: \nevaluation error at L46:9 for 'create' @ L46, false for 'create' @ L46\n\tat com.google.cloud.datastore.core.exception.DatastoreException$Builder.build(DatastoreException.java:121)\n\tat com.google.cloud.datastore.emulator.impl.rules.DefaultEmulatorRulesAuthorizer.verboseError(DefaultEmulatorRulesAuthorizer.java:318)\n\tat com.google.cloud.datastore.emulator.impl.rules.DefaultEmulatorRulesAuthorizer.withVerboseErrors(DefaultEmulatorRulesAuthorizer.java:295)\n\tat com.google.cloud.datastore.emulator.impl.rules.DefaultEmulatorRulesAuthorizer.checkCommit(DefaultEmulatorRulesAuthorizer.java:114)\n\tat com.google.cloud.datastore.emulator.impl.firestore.FirestoreEmulatorHelper.commitHelper(FirestoreEmulatorHelper.java:360)\n\tat com.google.cloud.datastore.emulator.impl.firestore.FirestoreEmulatorHelper.internalCommit(FirestoreEmulatorHelper.java:314)\n\tat com.google.cloud.datastore.emulator.impl.firestore.CloudFirestoreV1.internalCommit(CloudFirestoreV1.java:1077)\n\tat com.google.cloud.datastore.emulator.impl.firestore.CloudFirestoreV1.updateDocument(CloudFirestoreV1.java:458)\n\tat com.google.cloud.datastore.emulator.impl.firestore.CloudFirestoreV1Router.updateDocument(CloudFirestoreV1Router.java:149)\n\tat com.google.cloud.datastore.emulator.firestore.v1.FirestoreV1GrpcAdapter$1.lambda$updateDocument$4(FirestoreV1GrpcAdapter.java:132)\n\tat com.google.cloud.datastore.emulator.firestore.v1.FirestoreV1GrpcAdapter.unary(FirestoreV1GrpcAdapter.java:72)\n\tat com.google.cloud.datastore.emulator.firestore.v1.FirestoreV1GrpcAdapter$1.updateDocument(FirestoreV1GrpcAdapter.java:132)\n\tat com.google.firestore.v1.FirestoreGrpc$MethodHandlers.invoke(FirestoreGrpc.java:1218)\n\tat io.grpc.stub.ServerCalls$UnaryServerCallHandler$UnaryServerCallListener.onHalfClose(ServerCalls.java:182)\n\tat io.grpc.PartialForwardingServerCallListener.onHalfClose(PartialForwardingServerCallListener.java:35)\n\tat io.grpc.ForwardingServerCallListener.onHalfClose(ForwardingServerCallListener.java:23)\n\tat io.grpc.ForwardingServerCallListener$SimpleForwardingServerCallListener.onHalfClose(ForwardingServerCallListener.java:40)\n\tat io.grpc.Contexts$ContextualizedServerCallListener.onHalfClose(Contexts.java:86)\n\tat io.grpc.PartialForwardingServerCallListener.onHalfClose(PartialForwardingServerCallListener.java:35)\n\tat io.grpc.ForwardingServerCallListener.onHalfClose(ForwardingServerCallListener.java:23)\n\tat io.grpc.ForwardingServerCallListener$SimpleForwardingServerCallListener.onHalfClose(ForwardingServerCallListener.java:40)\n\tat io.grpc.Contexts$ContextualizedServerCallListener.onHalfClose(Contexts.java:86)\n\tat io.grpc.internal.ServerCallImpl$ServerStreamListenerImpl.halfClosed(ServerCallImpl.java:356)\n\tat io.grpc.internal.ServerImpl$JumpToApplicationThreadServerStreamListener$1HalfClosed.runInContext(ServerImpl.java:861)\n\tat io.grpc.internal.ContextRunnable.run(ContextRunnable.java:37)\n\tat io.grpc.internal.SerializingExecutor.run(SerializingExecutor.java:133)\n\tat java.base/java.util.concurrent.ThreadPoolExecutor.runWorker(ThreadPoolExecutor.java:1144)\n\tat java.base/java.util.concurrent.ThreadPoolExecutor$Worker.run(ThreadPoolExecutor.java:642)\n\tat java.base/java.lang.Thread.run(Thread.java:1583)\n\n"}}
[debug] [2026-08-30T04:09:37.347Z] Aug 29, 2026 9:09:37 PM io.gapi.emulators.netty.HttpHandler$1 onError
INFO: Exception when handling request: PERMISSION_DENIED: 
evaluation error at L46:9 for 'create' @ L46, false for 'create' @ L46
 {"metadata":{"emulator":{"name":"firestore"},"message":"Aug 29, 2026 9:09:37 PM io.gapi.emulators.netty.HttpHandler$1 onError\nINFO: Exception when handling request: PERMISSION_DENIED: \nevaluation error at L46:9 for 'create' @ L46, false for 'create' @ L46\n"}}
[debug] [2026-08-30T04:09:37.353Z] Aug 29, 2026 9:09:37 PM com.google.cloud.datastore.emulator.impl.util.WrappedStreamObserver onError
WARNING: Operation failed: 
false for 'create' @ L16, false for 'update' @ L16
com.google.cloud.datastore.core.exception.DatastoreException: 
false for 'create' @ L16, false for 'update' @ L16
	at com.google.cloud.datastore.core.exception.DatastoreException$Builder.build(DatastoreException.java:121)
	at com.google.cloud.datastore.emulator.impl.rules.DefaultEmulatorRulesAuthorizer.verboseError(DefaultEmulatorRulesAuthorizer.java:318)
	at com.google.cloud.datastore.emulator.impl.rules.DefaultEmulatorRulesAuthorizer.withVerboseErrors(DefaultEmulatorRulesAuthorizer.java:295)
	at com.google.cloud.datastore.emulator.impl.rules.DefaultEmulatorRulesAuthorizer.checkCommit(DefaultEmulatorRulesAuthorizer.java:114)
	at com.google.cloud.datastore.emulator.impl.firestore.FirestoreEmulatorHelper.commitHelper(FirestoreEmulatorHelper.java:360)
	at com.google.cloud.datastore.emulator.impl.firestore.FirestoreEmulatorHelper.internalCommit(FirestoreEmulatorHelper.java:314)
	at com.google.cloud.datastore.emulator.impl.firestore.CloudFirestoreV1.internalCommit(CloudFirestoreV1.java:1077)
	at com.google.cloud.datastore.emulator.impl.firestore.CloudFirestoreV1.updateDocument(CloudFirestoreV1.java:458)
	at com.google.cloud.datastore.emulator.impl.firestore.CloudFirestoreV1Router.updateDocument(CloudFirestoreV1Router.java:149)
	at com.google.cloud.datastore.emulator.firestore.v1.FirestoreV1GrpcAdapter$1.lambda$updateDocument$4(FirestoreV1GrpcAdapter.java:132)
	at com.google.cloud.datastore.emulator.firestore.v1.FirestoreV1GrpcAdapter.unary(FirestoreV1GrpcAdapter.java:72)
	at com.google.cloud.datastore.emulator.firestore.v1.FirestoreV1GrpcAdapter$1.updateDocument(FirestoreV1GrpcAdapter.java:132)
	at com.google.firestore.v1.FirestoreGrpc$MethodHandlers.invoke(FirestoreGrpc.java:1218)
	at io.grpc.stub.ServerCalls$UnaryServerCallHandler$UnaryServerCallListener.onHalfClose(ServerCalls.java:182)
	at io.grpc.PartialForwardingServerCallListener.onHalfClose(PartialForwardingServerCallListener.java:35)
	at io.grpc.ForwardingServerCallListener.onHalfClose(ForwardingServerCallListener.java:23)
	at io.grpc.ForwardingServerCallListener$SimpleForwardingServerCallListener.onHalfClose(ForwardingServerCallListener.java:40)
	at io.grpc.Contexts$ContextualizedServerCallListener.onHalfClose(Contexts.java:86)
	at io.grpc.PartialForwardingServerCallListener.onHalfClose(PartialForwardingServerCallListener.java:35)
	at io.grpc.ForwardingServerCallListener.onHalfClose(ForwardingServerCallListener.java:23)
	at io.grpc.ForwardingServerCallListener$SimpleForwardingServerCallListener.onHalfClose(ForwardingServerCallListener.java:40)
	at io.grpc.Contexts$ContextualizedServerCallListener.onHalfClose(Contexts.java:86)
	at io.grpc.internal.ServerCallImpl$ServerStreamListenerImpl.halfClosed(ServerCallImpl.java:356)
	at io.grpc.internal.ServerImpl$JumpToApplicationThreadServerStreamListener$1HalfClosed.runInContext(ServerImpl.java:861)
	at io.grpc.internal.ContextRunnable.run(ContextRunnable.java:37)
	at io.grpc.internal.SerializingExecutor.run(SerializingExecutor.java:133)
	at java.base/java.util.concurrent.ThreadPoolExecutor.runWorker(ThreadPoolExecutor.java:1144)
	at java.base/java.util.concurrent.ThreadPoolExecutor$Worker.run(ThreadPoolExecutor.java:642)
	at java.base/java.lang.Thread.run(Thread.java:1583)

 {"metadata":{"emulator":{"name":"firestore"},"message":"Aug 29, 2026 9:09:37 PM com.google.cloud.datastore.emulator.impl.util.WrappedStreamObserver onError\nWARNING: Operation failed: \nfalse for 'create' @ L16, false for 'update' @ L16\ncom.google.cloud.datastore.core.exception.DatastoreException: \nfalse for 'create' @ L16, false for 'update' @ L16\n\tat com.google.cloud.datastore.core.exception.DatastoreException$Builder.build(DatastoreException.java:121)\n\tat com.google.cloud.datastore.emulator.impl.rules.DefaultEmulatorRulesAuthorizer.verboseError(DefaultEmulatorRulesAuthorizer.java:318)\n\tat com.google.cloud.datastore.emulator.impl.rules.DefaultEmulatorRulesAuthorizer.withVerboseErrors(DefaultEmulatorRulesAuthorizer.java:295)\n\tat com.google.cloud.datastore.emulator.impl.rules.DefaultEmulatorRulesAuthorizer.checkCommit(DefaultEmulatorRulesAuthorizer.java:114)\n\tat com.google.cloud.datastore.emulator.impl.firestore.FirestoreEmulatorHelper.commitHelper(FirestoreEmulatorHelper.java:360)\n\tat com.google.cloud.datastore.emulator.impl.firestore.FirestoreEmulatorHelper.internalCommit(FirestoreEmulatorHelper.java:314)\n\tat com.google.cloud.datastore.emulator.impl.firestore.CloudFirestoreV1.internalCommit(CloudFirestoreV1.java:1077)\n\tat com.google.cloud.datastore.emulator.impl.firestore.CloudFirestoreV1.updateDocument(CloudFirestoreV1.java:458)\n\tat com.google.cloud.datastore.emulator.impl.firestore.CloudFirestoreV1Router.updateDocument(CloudFirestoreV1Router.java:149)\n\tat com.google.cloud.datastore.emulator.firestore.v1.FirestoreV1GrpcAdapter$1.lambda$updateDocument$4(FirestoreV1GrpcAdapter.java:132)\n\tat com.google.cloud.datastore.emulator.firestore.v1.FirestoreV1GrpcAdapter.unary(FirestoreV1GrpcAdapter.java:72)\n\tat com.google.cloud.datastore.emulator.firestore.v1.FirestoreV1GrpcAdapter$1.updateDocument(FirestoreV1GrpcAdapter.java:132)\n\tat com.google.firestore.v1.FirestoreGrpc$MethodHandlers.invoke(FirestoreGrpc.java:1218)\n\tat io.grpc.stub.ServerCalls$UnaryServerCallHandler$UnaryServerCallListener.onHalfClose(ServerCalls.java:182)\n\tat io.grpc.PartialForwardingServerCallListener.onHalfClose(PartialForwardingServerCallListener.java:35)\n\tat io.grpc.ForwardingServerCallListener.onHalfClose(ForwardingServerCallListener.java:23)\n\tat io.grpc.ForwardingServerCallListener$SimpleForwardingServerCallListener.onHalfClose(ForwardingServerCallListener.java:40)\n\tat io.grpc.Contexts$ContextualizedServerCallListener.onHalfClose(Contexts.java:86)\n\tat io.grpc.PartialForwardingServerCallListener.onHalfClose(PartialForwardingServerCallListener.java:35)\n\tat io.grpc.ForwardingServerCallListener.onHalfClose(ForwardingServerCallListener.java:23)\n\tat io.grpc.ForwardingServerCallListener$SimpleForwardingServerCallListener.onHalfClose(ForwardingServerCallListener.java:40)\n\tat io.grpc.Contexts$ContextualizedServerCallListener.onHalfClose(Contexts.java:86)\n\tat io.grpc.internal.ServerCallImpl$ServerStreamListenerImpl.halfClosed(ServerCallImpl.java:356)\n\tat io.grpc.internal.ServerImpl$JumpToApplicationThreadServerStreamListener$1HalfClosed.runInContext(ServerImpl.java:861)\n\tat io.grpc.internal.ContextRunnable.run(ContextRunnable.java:37)\n\tat io.grpc.internal.SerializingExecutor.run(SerializingExecutor.java:133)\n\tat java.base/java.util.concurrent.ThreadPoolExecutor.runWorker(ThreadPoolExecutor.java:1144)\n\tat java.base/java.util.concurrent.ThreadPoolExecutor$Worker.run(ThreadPoolExecutor.java:642)\n\tat java.base/java.lang.Thread.run(Thread.java:1583)\n\n"}}
[debug] [2026-08-30T04:09:37.353Z] Aug 29, 2026 9:09:37 PM io.gapi.emulators.netty.HttpHandler$1 onError
INFO: Exception when handling request: PERMISSION_DENIED: 
false for 'create' @ L16, false for 'update' @ L16
 {"metadata":{"emulator":{"name":"firestore"},"message":"Aug 29, 2026 9:09:37 PM io.gapi.emulators.netty.HttpHandler$1 onError\nINFO: Exception when handling request: PERMISSION_DENIED: \nfalse for 'create' @ L16, false for 'update' @ L16\n"}}
[debug] [2026-08-30T04:09:37.358Z] Aug 29, 2026 9:09:37 PM com.google.cloud.datastore.emulator.impl.util.WrappedStreamObserver onError
WARNING: Operation failed: entity already exists: EntityRef{partitionRef=dev~demo-cadence, path=/handles/jopark}
com.google.cloud.datastore.core.exception.DatastoreException: entity already exists: EntityRef{partitionRef=dev~demo-cadence, path=/handles/jopark}
	at com.google.cloud.datastore.core.exception.DatastoreException.withProblem(DatastoreException.java:207)
	at com.google.cloud.datastore.emulator.impl.util.FirestoreEmulatorConverters.alreadyExists(FirestoreEmulatorConverters.java:725)
	at com.google.cloud.datastore.emulator.impl.util.FirestoreEmulatorConverters.checkMutation(FirestoreEmulatorConverters.java:211)
	at com.google.cloud.datastore.emulator.impl.firestore.FirestoreEmulatorHelper.commitHelper(FirestoreEmulatorHelper.java:365)
	at com.google.cloud.datastore.emulator.impl.firestore.FirestoreEmulatorHelper.internalCommit(FirestoreEmulatorHelper.java:314)
	at com.google.cloud.datastore.emulator.impl.firestore.CloudFirestoreV1.internalCommit(CloudFirestoreV1.java:1077)
	at com.google.cloud.datastore.emulator.impl.firestore.CloudFirestoreV1.updateDocument(CloudFirestoreV1.java:458)
	at com.google.cloud.datastore.emulator.impl.firestore.CloudFirestoreV1Router.updateDocument(CloudFirestoreV1Router.java:149)
	at com.google.cloud.datastore.emulator.firestore.v1.FirestoreV1GrpcAdapter$1.lambda$updateDocument$4(FirestoreV1GrpcAdapter.java:132)
	at com.google.cloud.datastore.emulator.firestore.v1.FirestoreV1GrpcAdapter.unary(FirestoreV1GrpcAdapter.java:72)
	at com.google.cloud.datastore.emulator.firestore.v1.FirestoreV1GrpcAdapter$1.updateDocument(FirestoreV1GrpcAdapter.java:132)
	at com.google.firestore.v1.FirestoreGrpc$MethodHandlers.invoke(FirestoreGrpc.java:1218)
	at io.grpc.stub.ServerCalls$UnaryServerCallHandler$UnaryServerCallListener.onHalfClose(ServerCalls.java:182)
	at io.grpc.PartialForwardingServerCallListener.onHalfClose(PartialForwardingServerCallListener.java:35)
	at io.grpc.ForwardingServerCallListener.onHalfClose(ForwardingServerCallListener.java:23)
	at io.grpc.ForwardingServerCallListener$SimpleForwardingServerCallListener.onHalfClose(ForwardingServerCallListener.java:40)
	at io.grpc.Contexts$ContextualizedServerCallListener.onHalfClose(Contexts.java:86)
	at io.grpc.PartialForwardingServerCallListener.onHalfClose(PartialForwardingServerCallListener.java:35)
	at io.grpc.ForwardingServerCallListener.onHalfClose(ForwardingServerCallListener.java:23)
	at io.grpc.ForwardingServerCallListener$SimpleForwardingServerCallListener.onHalfClose(ForwardingServerCallListener.java:40)
	at io.grpc.Contexts$ContextualizedServerCallListener.onHalfClose(Contexts.java:86)
	at io.grpc.internal.ServerCallImpl$ServerStreamListenerImpl.halfClosed(ServerCallImpl.java:356)
	at io.grpc.internal.ServerImpl$JumpToApplicationThreadServerStreamListener$1HalfClosed.runInContext(ServerImpl.java:861)
	at io.grpc.internal.ContextRunnable.run(ContextRunnable.java:37)
	at io.grpc.internal.SerializingExecutor.run(SerializingExecutor.java:133)
	at java.base/java.util.concurrent.ThreadPoolExecutor.runWorker(ThreadPoolExecutor.java:1144)
	at java.base/java.util.concurrent.ThreadPoolExecutor$Worker.run(ThreadPoolExecutor.java:642)
	at java.base/java.lang.Thread.run(Thread.java:1583)

 {"metadata":{"emulator":{"name":"firestore"},"message":"Aug 29, 2026 9:09:37 PM com.google.cloud.datastore.emulator.impl.util.WrappedStreamObserver onError\nWARNING: Operation failed: entity already exists: EntityRef{partitionRef=dev~demo-cadence, path=/handles/jopark}\ncom.google.cloud.datastore.core.exception.DatastoreException: entity already exists: EntityRef{partitionRef=dev~demo-cadence, path=/handles/jopark}\n\tat com.google.cloud.datastore.core.exception.DatastoreException.withProblem(DatastoreException.java:207)\n\tat com.google.cloud.datastore.emulator.impl.util.FirestoreEmulatorConverters.alreadyExists(FirestoreEmulatorConverters.java:725)\n\tat com.google.cloud.datastore.emulator.impl.util.FirestoreEmulatorConverters.checkMutation(FirestoreEmulatorConverters.java:211)\n\tat com.google.cloud.datastore.emulator.impl.firestore.FirestoreEmulatorHelper.commitHelper(FirestoreEmulatorHelper.java:365)\n\tat com.google.cloud.datastore.emulator.impl.firestore.FirestoreEmulatorHelper.internalCommit(FirestoreEmulatorHelper.java:314)\n\tat com.google.cloud.datastore.emulator.impl.firestore.CloudFirestoreV1.internalCommit(CloudFirestoreV1.java:1077)\n\tat com.google.cloud.datastore.emulator.impl.firestore.CloudFirestoreV1.updateDocument(CloudFirestoreV1.java:458)\n\tat com.google.cloud.datastore.emulator.impl.firestore.CloudFirestoreV1Router.updateDocument(CloudFirestoreV1Router.java:149)\n\tat com.google.cloud.datastore.emulator.firestore.v1.FirestoreV1GrpcAdapter$1.lambda$updateDocument$4(FirestoreV1GrpcAdapter.java:132)\n\tat com.google.cloud.datastore.emulator.firestore.v1.FirestoreV1GrpcAdapter.unary(FirestoreV1GrpcAdapter.java:72)\n\tat com.google.cloud.datastore.emulator.firestore.v1.FirestoreV1GrpcAdapter$1.updateDocument(FirestoreV1GrpcAdapter.java:132)\n\tat com.google.firestore.v1.FirestoreGrpc$MethodHandlers.invoke(FirestoreGrpc.java:1218)\n\tat io.grpc.stub.ServerCalls$UnaryServerCallHandler$UnaryServerCallListener.onHalfClose(ServerCalls.java:182)\n\tat io.grpc.PartialForwardingServerCallListener.onHalfClose(PartialForwardingServerCallListener.java:35)\n\tat io.grpc.ForwardingServerCallListener.onHalfClose(ForwardingServerCallListener.java:23)\n\tat io.grpc.ForwardingServerCallListener$SimpleForwardingServerCallListener.onHalfClose(ForwardingServerCallListener.java:40)\n\tat io.grpc.Contexts$ContextualizedServerCallListener.onHalfClose(Contexts.java:86)\n\tat io.grpc.PartialForwardingServerCallListener.onHalfClose(PartialForwardingServerCallListener.java:35)\n\tat io.grpc.ForwardingServerCallListener.onHalfClose(ForwardingServerCallListener.java:23)\n\tat io.grpc.ForwardingServerCallListener$SimpleForwardingServerCallListener.onHalfClose(ForwardingServerCallListener.java:40)\n\tat io.grpc.Contexts$ContextualizedServerCallListener.onHalfClose(Contexts.java:86)\n\tat io.grpc.internal.ServerCallImpl$ServerStreamListenerImpl.halfClosed(ServerCallImpl.java:356)\n\tat io.grpc.internal.ServerImpl$JumpToApplicationThreadServerStreamListener$1HalfClosed.runInContext(ServerImpl.java:861)\n\tat io.grpc.internal.ContextRunnable.run(ContextRunnable.java:37)\n\tat io.grpc.internal.SerializingExecutor.run(SerializingExecutor.java:133)\n\tat java.base/java.util.concurrent.ThreadPoolExecutor.runWorker(ThreadPoolExecutor.java:1144)\n\tat java.base/java.util.concurrent.ThreadPoolExecutor$Worker.run(ThreadPoolExecutor.java:642)\n\tat java.base/java.lang.Thread.run(Thread.java:1583)\n\n"}}
[debug] [2026-08-30T04:09:37.358Z] Aug 29, 2026 9:09:37 PM io.gapi.emulators.netty.HttpHandler$1 onError
INFO: Exception when handling request: ALREADY_EXISTS: entity already exists: EntityRef{partitionRef=dev~demo-cadence, path=/handles/jopark}
 {"metadata":{"emulator":{"name":"firestore"},"message":"Aug 29, 2026 9:09:37 PM io.gapi.emulators.netty.HttpHandler$1 onError\nINFO: Exception when handling request: ALREADY_EXISTS: entity already exists: EntityRef{partitionRef=dev~demo-cadence, path=/handles/jopark}\n"}}
[debug] [2026-08-30T04:09:37.368Z] Aug 29, 2026 9:09:37 PM com.google.cloud.datastore.emulator.impl.util.WrappedStreamObserver onError
WARNING: Operation failed: Document (projects/demo-cadence/databases/(default)/documents/handles/rileychen) not found.
com.google.cloud.datastore.core.exception.DatastoreException: Document (projects/demo-cadence/databases/(default)/documents/handles/rileychen) not found.
	at com.google.cloud.datastore.emulator.impl.firestore.CloudFirestoreV1.getDocument(CloudFirestoreV1.java:335)
	at com.google.cloud.datastore.emulator.impl.firestore.CloudFirestoreV1Router.getDocument(CloudFirestoreV1Router.java:129)
	at com.google.cloud.datastore.emulator.impl.firestore.CloudFirestoreV1Router.getOrListDocuments(CloudFirestoreV1Router.java:123)
	at com.google.cloud.datastore.emulator.firestore.v1.FirestoreV1GrpcAdapter$1.lambda$getOrListDocuments$0(FirestoreV1GrpcAdapter.java:108)
	at com.google.cloud.datastore.emulator.firestore.v1.FirestoreV1GrpcAdapter.unary(FirestoreV1GrpcAdapter.java:72)
	at com.google.cloud.datastore.emulator.firestore.v1.FirestoreV1GrpcAdapter$1.getOrListDocuments(FirestoreV1GrpcAdapter.java:108)
	at com.google.firestore.v1.FirestoreGrpc$MethodHandlers.invoke(FirestoreGrpc.java:1206)
	at io.grpc.stub.ServerCalls$UnaryServerCallHandler$UnaryServerCallListener.onHalfClose(ServerCalls.java:182)
	at io.grpc.PartialForwardingServerCallListener.onHalfClose(PartialForwardingServerCallListener.java:35)
	at io.grpc.ForwardingServerCallListener.onHalfClose(ForwardingServerCallListener.java:23)
	at io.grpc.ForwardingServerCallListener$SimpleForwardingServerCallListener.onHalfClose(ForwardingServerCallListener.java:40)
	at io.grpc.Contexts$ContextualizedServerCallListener.onHalfClose(Contexts.java:86)
	at io.grpc.PartialForwardingServerCallListener.onHalfClose(PartialForwardingServerCallListener.java:35)
	at io.grpc.ForwardingServerCallListener.onHalfClose(ForwardingServerCallListener.java:23)
	at io.grpc.ForwardingServerCallListener$SimpleForwardingServerCallListener.onHalfClose(ForwardingServerCallListener.java:40)
	at io.grpc.Contexts$ContextualizedServerCallListener.onHalfClose(Contexts.java:86)
	at io.grpc.internal.ServerCallImpl$ServerStreamListenerImpl.halfClosed(ServerCallImpl.java:356)
	at io.grpc.internal.ServerImpl$JumpToApplicationThreadServerStreamListener$1HalfClosed.runInContext(ServerImpl.java:861)
	at io.grpc.internal.ContextRunnable.run(ContextRunnable.java:37)
	at io.grpc.internal.SerializingExecutor.run(SerializingExecutor.java:133)
	at java.base/java.util.concurrent.ThreadPoolExecutor.runWorker(ThreadPoolExecutor.java:1144)
	at java.base/java.util.concurrent.ThreadPoolExecutor$Worker.run(ThreadPoolExecutor.java:642)
	at java.base/java.lang.Thread.run(Thread.java:1583)

 {"metadata":{"emulator":{"name":"firestore"},"message":"Aug 29, 2026 9:09:37 PM com.google.cloud.datastore.emulator.impl.util.WrappedStreamObserver onError\nWARNING: Operation failed: Document (projects/demo-cadence/databases/(default)/documents/handles/rileychen) not found.\ncom.google.cloud.datastore.core.exception.DatastoreException: Document (projects/demo-cadence/databases/(default)/documents/handles/rileychen) not found.\n\tat com.google.cloud.datastore.emulator.impl.firestore.CloudFirestoreV1.getDocument(CloudFirestoreV1.java:335)\n\tat com.google.cloud.datastore.emulator.impl.firestore.CloudFirestoreV1Router.getDocument(CloudFirestoreV1Router.java:129)\n\tat com.google.cloud.datastore.emulator.impl.firestore.CloudFirestoreV1Router.getOrListDocuments(CloudFirestoreV1Router.java:123)\n\tat com.google.cloud.datastore.emulator.firestore.v1.FirestoreV1GrpcAdapter$1.lambda$getOrListDocuments$0(FirestoreV1GrpcAdapter.java:108)\n\tat com.google.cloud.datastore.emulator.firestore.v1.FirestoreV1GrpcAdapter.unary(FirestoreV1GrpcAdapter.java:72)\n\tat com.google.cloud.datastore.emulator.firestore.v1.FirestoreV1GrpcAdapter$1.getOrListDocuments(FirestoreV1GrpcAdapter.java:108)\n\tat com.google.firestore.v1.FirestoreGrpc$MethodHandlers.invoke(FirestoreGrpc.java:1206)\n\tat io.grpc.stub.ServerCalls$UnaryServerCallHandler$UnaryServerCallListener.onHalfClose(ServerCalls.java:182)\n\tat io.grpc.PartialForwardingServerCallListener.onHalfClose(PartialForwardingServerCallListener.java:35)\n\tat io.grpc.ForwardingServerCallListener.onHalfClose(ForwardingServerCallListener.java:23)\n\tat io.grpc.ForwardingServerCallListener$SimpleForwardingServerCallListener.onHalfClose(ForwardingServerCallListener.java:40)\n\tat io.grpc.Contexts$ContextualizedServerCallListener.onHalfClose(Contexts.java:86)\n\tat io.grpc.PartialForwardingServerCallListener.onHalfClose(PartialForwardingServerCallListener.java:35)\n\tat io.grpc.ForwardingServerCallListener.onHalfClose(ForwardingServerCallListener.java:23)\n\tat io.grpc.ForwardingServerCallListener$SimpleForwardingServerCallListener.onHalfClose(ForwardingServerCallListener.java:40)\n\tat io.grpc.Contexts$ContextualizedServerCallListener.onHalfClose(Contexts.java:86)\n\tat io.grpc.internal.ServerCallImpl$ServerStreamListenerImpl.halfClosed(ServerCallImpl.java:356)\n\tat io.grpc.internal.ServerImpl$JumpToApplicationThreadServerStreamListener$1HalfClosed.runInContext(ServerImpl.java:861)\n\tat io.grpc.internal.ContextRunnable.run(ContextRunnable.java:37)\n\tat io.grpc.internal.SerializingExecutor.run(SerializingExecutor.java:133)\n\tat java.base/java.util.concurrent.ThreadPoolExecutor.runWorker(ThreadPoolExecutor.java:1144)\n\tat java.base/java.util.concurrent.ThreadPoolExecutor$Worker.run(ThreadPoolExecutor.java:642)\n\tat java.base/java.lang.Thread.run(Thread.java:1583)\n\n"}}
[debug] [2026-08-30T04:09:37.370Z] Aug 29, 2026 9:09:37 PM io.gapi.emulators.netty.HttpHandler$1 onError
INFO: Exception when handling request: NOT_FOUND: Document (projects/demo-cadence/databases/(default)/documents/handles/rileychen) not found.
 {"metadata":{"emulator":{"name":"firestore"},"message":"Aug 29, 2026 9:09:37 PM io.gapi.emulators.netty.HttpHandler$1 onError\nINFO: Exception when handling request: NOT_FOUND: Document (projects/demo-cadence/databases/(default)/documents/handles/rileychen) not found.\n"}}
[debug] [2026-08-30T04:09:37.459Z] Aug 29, 2026 9:09:37 PM com.google.cloud.datastore.emulator.impl.util.WrappedStreamObserver onError
WARNING: Operation failed: Document (projects/demo-cadence/databases/(default)/documents/friends/G5qlpJ6U3kfmXBlNIj1gr09kBduz/list/wsKX0PqWFFo1tSxr8woypyxWRn7K) not found.
com.google.cloud.datastore.core.exception.DatastoreException: Document (projects/demo-cadence/databases/(default)/documents/friends/G5qlpJ6U3kfmXBlNIj1gr09kBduz/list/wsKX0PqWFFo1tSxr8woypyxWRn7K) not found.
	at com.google.cloud.datastore.emulator.impl.firestore.CloudFirestoreV1.getDocument(CloudFirestoreV1.java:335)
	at com.google.cloud.datastore.emulator.impl.firestore.CloudFirestoreV1Router.getDocument(CloudFirestoreV1Router.java:129)
	at com.google.cloud.datastore.emulator.impl.firestore.CloudFirestoreV1Router.getOrListDocuments(CloudFirestoreV1Router.java:123)
	at com.google.cloud.datastore.emulator.firestore.v1.FirestoreV1GrpcAdapter$1.lambda$getOrListDocuments$0(FirestoreV1GrpcAdapter.java:108)
	at com.google.cloud.datastore.emulator.firestore.v1.FirestoreV1GrpcAdapter.unary(FirestoreV1GrpcAdapter.java:72)
	at com.google.cloud.datastore.emulator.firestore.v1.FirestoreV1GrpcAdapter$1.getOrListDocuments(FirestoreV1GrpcAdapter.java:108)
	at com.google.firestore.v1.FirestoreGrpc$MethodHandlers.invoke(FirestoreGrpc.java:1206)
	at io.grpc.stub.ServerCalls$UnaryServerCallHandler$UnaryServerCallListener.onHalfClose(ServerCalls.java:182)
	at io.grpc.PartialForwardingServerCallListener.onHalfClose(PartialForwardingServerCallListener.java:35)
	at io.grpc.ForwardingServerCallListener.onHalfClose(ForwardingServerCallListener.java:23)
	at io.grpc.ForwardingServerCallListener$SimpleForwardingServerCallListener.onHalfClose(ForwardingServerCallListener.java:40)
	at io.grpc.Contexts$ContextualizedServerCallListener.onHalfClose(Contexts.java:86)
	at io.grpc.PartialForwardingServerCallListener.onHalfClose(PartialForwardingServerCallListener.java:35)
	at io.grpc.ForwardingServerCallListener.onHalfClose(ForwardingServerCallListener.java:23)
	at io.grpc.ForwardingServerCallListener$SimpleForwardingServerCallListener.onHalfClose(ForwardingServerCallListener.java:40)
	at io.grpc.Contexts$ContextualizedServerCallListener.onHalfClose(Contexts.java:86)
	at io.grpc.internal.ServerCallImpl$ServerStreamListenerImpl.halfClosed(ServerCallImpl.java:356)
	at io.grpc.internal.ServerImpl$JumpToApplicationThreadServerStreamListener$1HalfClosed.runInContext(ServerImpl.java:861)
	at io.grpc.internal.ContextRunnable.run(ContextRunnable.java:37)
	at io.grpc.internal.SerializingExecutor.run(SerializingExecutor.java:133)
	at java.base/java.util.concurrent.ThreadPoolExecutor.runWorker(ThreadPoolExecutor.java:1144)
	at java.base/java.util.concurrent.ThreadPoolExecutor$Worker.run(ThreadPoolExecutor.java:642)
	at java.base/java.lang.Thread.run(Thread.java:1583)

 {"metadata":{"emulator":{"name":"firestore"},"message":"Aug 29, 2026 9:09:37 PM com.google.cloud.datastore.emulator.impl.util.WrappedStreamObserver onError\nWARNING: Operation failed: Document (projects/demo-cadence/databases/(default)/documents/friends/G5qlpJ6U3kfmXBlNIj1gr09kBduz/list/wsKX0PqWFFo1tSxr8woypyxWRn7K) not found.\ncom.google.cloud.datastore.core.exception.DatastoreException: Document (projects/demo-cadence/databases/(default)/documents/friends/G5qlpJ6U3kfmXBlNIj1gr09kBduz/list/wsKX0PqWFFo1tSxr8woypyxWRn7K) not found.\n\tat com.google.cloud.datastore.emulator.impl.firestore.CloudFirestoreV1.getDocument(CloudFirestoreV1.java:335)\n\tat com.google.cloud.datastore.emulator.impl.firestore.CloudFirestoreV1Router.getDocument(CloudFirestoreV1Router.java:129)\n\tat com.google.cloud.datastore.emulator.impl.firestore.CloudFirestoreV1Router.getOrListDocuments(CloudFirestoreV1Router.java:123)\n\tat com.google.cloud.datastore.emulator.firestore.v1.FirestoreV1GrpcAdapter$1.lambda$getOrListDocuments$0(FirestoreV1GrpcAdapter.java:108)\n\tat com.google.cloud.datastore.emulator.firestore.v1.FirestoreV1GrpcAdapter.unary(FirestoreV1GrpcAdapter.java:72)\n\tat com.google.cloud.datastore.emulator.firestore.v1.FirestoreV1GrpcAdapter$1.getOrListDocuments(FirestoreV1GrpcAdapter.java:108)\n\tat com.google.firestore.v1.FirestoreGrpc$MethodHandlers.invoke(FirestoreGrpc.java:1206)\n\tat io.grpc.stub.ServerCalls$UnaryServerCallHandler$UnaryServerCallListener.onHalfClose(ServerCalls.java:182)\n\tat io.grpc.PartialForwardingServerCallListener.onHalfClose(PartialForwardingServerCallListener.java:35)\n\tat io.grpc.ForwardingServerCallListener.onHalfClose(ForwardingServerCallListener.java:23)\n\tat io.grpc.ForwardingServerCallListener$SimpleForwardingServerCallListener.onHalfClose(ForwardingServerCallListener.java:40)\n\tat io.grpc.Contexts$ContextualizedServerCallListener.onHalfClose(Contexts.java:86)\n\tat io.grpc.PartialForwardingServerCallListener.onHalfClose(PartialForwardingServerCallListener.java:35)\n\tat io.grpc.ForwardingServerCallListener.onHalfClose(ForwardingServerCallListener.java:23)\n\tat io.grpc.ForwardingServerCallListener$SimpleForwardingServerCallListener.onHalfClose(ForwardingServerCallListener.java:40)\n\tat io.grpc.Contexts$ContextualizedServerCallListener.onHalfClose(Contexts.java:86)\n\tat io.grpc.internal.ServerCallImpl$ServerStreamListenerImpl.halfClosed(ServerCallImpl.java:356)\n\tat io.grpc.internal.ServerImpl$JumpToApplicationThreadServerStreamListener$1HalfClosed.runInContext(ServerImpl.java:861)\n\tat io.grpc.internal.ContextRunnable.run(ContextRunnable.java:37)\n\tat io.grpc.internal.SerializingExecutor.run(SerializingExecutor.java:133)\n\tat java.base/java.util.concurrent.ThreadPoolExecutor.runWorker(ThreadPoolExecutor.java:1144)\n\tat java.base/java.util.concurrent.ThreadPoolExecutor$Worker.run(ThreadPoolExecutor.java:642)\n\tat java.base/java.lang.Thread.run(Thread.java:1583)\n\n"}}
[debug] [2026-08-30T04:09:37.460Z] Aug 29, 2026 9:09:37 PM io.gapi.emulators.netty.HttpHandler$1 onError
INFO: Exception when handling request: NOT_FOUND: Document (projects/demo-cadence/databases/(default)/documents/friends/G5qlpJ6U3kfmXBlNIj1gr09kBduz/list/wsKX0PqWFFo1tSxr8woypyxWRn7K) not found.
 {"metadata":{"emulator":{"name":"firestore"},"message":"Aug 29, 2026 9:09:37 PM io.gapi.emulators.netty.HttpHandler$1 onError\nINFO: Exception when handling request: NOT_FOUND: Document (projects/demo-cadence/databases/(default)/documents/friends/G5qlpJ6U3kfmXBlNIj1gr09kBduz/list/wsKX0PqWFFo1tSxr8woypyxWRn7K) not found.\n"}}
[debug] [2026-08-30T04:09:37.463Z] Aug 29, 2026 9:09:37 PM com.google.cloud.datastore.emulator.impl.util.WrappedStreamObserver onError
WARNING: Operation failed: Document (projects/demo-cadence/databases/(default)/documents/users/G5qlpJ6U3kfmXBlNIj1gr09kBduz/requests/wsKX0PqWFFo1tSxr8woypyxWRn7K) not found.
com.google.cloud.datastore.core.exception.DatastoreException: Document (projects/demo-cadence/databases/(default)/documents/users/G5qlpJ6U3kfmXBlNIj1gr09kBduz/requests/wsKX0PqWFFo1tSxr8woypyxWRn7K) not found.
	at com.google.cloud.datastore.emulator.impl.firestore.CloudFirestoreV1.getDocument(CloudFirestoreV1.java:335)
	at com.google.cloud.datastore.emulator.impl.firestore.CloudFirestoreV1Router.getDocument(CloudFirestoreV1Router.java:129)
	at com.google.cloud.datastore.emulator.impl.firestore.CloudFirestoreV1Router.getOrListDocuments(CloudFirestoreV1Router.java:123)
	at com.google.cloud.datastore.emulator.firestore.v1.FirestoreV1GrpcAdapter$1.lambda$getOrListDocuments$0(FirestoreV1GrpcAdapter.java:108)
	at com.google.cloud.datastore.emulator.firestore.v1.FirestoreV1GrpcAdapter.unary(FirestoreV1GrpcAdapter.java:72)
	at com.google.cloud.datastore.emulator.firestore.v1.FirestoreV1GrpcAdapter$1.getOrListDocuments(FirestoreV1GrpcAdapter.java:108)
	at com.google.firestore.v1.FirestoreGrpc$MethodHandlers.invoke(FirestoreGrpc.java:1206)
	at io.grpc.stub.ServerCalls$UnaryServerCallHandler$UnaryServerCallListener.onHalfClose(ServerCalls.java:182)
	at io.grpc.PartialForwardingServerCallListener.onHalfClose(PartialForwardingServerCallListener.java:35)
	at io.grpc.ForwardingServerCallListener.onHalfClose(ForwardingServerCallListener.java:23)
	at io.grpc.ForwardingServerCallListener$SimpleForwardingServerCallListener.onHalfClose(ForwardingServerCallListener.java:40)
	at io.grpc.Contexts$ContextualizedServerCallListener.onHalfClose(Contexts.java:86)
	at io.grpc.PartialForwardingServerCallListener.onHalfClose(PartialForwardingServerCallListener.java:35)
	at io.grpc.ForwardingServerCallListener.onHalfClose(ForwardingServerCallListener.java:23)
	at io.grpc.ForwardingServerCallListener$SimpleForwardingServerCallListener.onHalfClose(ForwardingServerCallListener.java:40)
	at io.grpc.Contexts$ContextualizedServerCallListener.onHalfClose(Contexts.java:86)
	at io.grpc.internal.ServerCallImpl$ServerStreamListenerImpl.halfClosed(ServerCallImpl.java:356)
	at io.grpc.internal.ServerImpl$JumpToApplicationThreadServerStreamListener$1HalfClosed.runInContext(ServerImpl.java:861)
	at io.grpc.internal.ContextRunnable.run(ContextRunnable.java:37)
	at io.grpc.internal.SerializingExecutor.run(SerializingExecutor.java:133)
	at java.base/java.util.concurrent.ThreadPoolExecutor.runWorker(ThreadPoolExecutor.java:1144)
	at java.base/java.util.concurrent.ThreadPoolExecutor$Worker.run(ThreadPoolExecutor.java:642)
	at java.base/java.lang.Thread.run(Thread.java:1583)

 {"metadata":{"emulator":{"name":"firestore"},"message":"Aug 29, 2026 9:09:37 PM com.google.cloud.datastore.emulator.impl.util.WrappedStreamObserver onError\nWARNING: Operation failed: Document (projects/demo-cadence/databases/(default)/documents/users/G5qlpJ6U3kfmXBlNIj1gr09kBduz/requests/wsKX0PqWFFo1tSxr8woypyxWRn7K) not found.\ncom.google.cloud.datastore.core.exception.DatastoreException: Document (projects/demo-cadence/databases/(default)/documents/users/G5qlpJ6U3kfmXBlNIj1gr09kBduz/requests/wsKX0PqWFFo1tSxr8woypyxWRn7K) not found.\n\tat com.google.cloud.datastore.emulator.impl.firestore.CloudFirestoreV1.getDocument(CloudFirestoreV1.java:335)\n\tat com.google.cloud.datastore.emulator.impl.firestore.CloudFirestoreV1Router.getDocument(CloudFirestoreV1Router.java:129)\n\tat com.google.cloud.datastore.emulator.impl.firestore.CloudFirestoreV1Router.getOrListDocuments(CloudFirestoreV1Router.java:123)\n\tat com.google.cloud.datastore.emulator.firestore.v1.FirestoreV1GrpcAdapter$1.lambda$getOrListDocuments$0(FirestoreV1GrpcAdapter.java:108)\n\tat com.google.cloud.datastore.emulator.firestore.v1.FirestoreV1GrpcAdapter.unary(FirestoreV1GrpcAdapter.java:72)\n\tat com.google.cloud.datastore.emulator.firestore.v1.FirestoreV1GrpcAdapter$1.getOrListDocuments(FirestoreV1GrpcAdapter.java:108)\n\tat com.google.firestore.v1.FirestoreGrpc$MethodHandlers.invoke(FirestoreGrpc.java:1206)\n\tat io.grpc.stub.ServerCalls$UnaryServerCallHandler$UnaryServerCallListener.onHalfClose(ServerCalls.java:182)\n\tat io.grpc.PartialForwardingServerCallListener.onHalfClose(PartialForwardingServerCallListener.java:35)\n\tat io.grpc.ForwardingServerCallListener.onHalfClose(ForwardingServerCallListener.java:23)\n\tat io.grpc.ForwardingServerCallListener$SimpleForwardingServerCallListener.onHalfClose(ForwardingServerCallListener.java:40)\n\tat io.grpc.Contexts$ContextualizedServerCallListener.onHalfClose(Contexts.java:86)\n\tat io.grpc.PartialForwardingServerCallListener.onHalfClose(PartialForwardingServerCallListener.java:35)\n\tat io.grpc.ForwardingServerCallListener.onHalfClose(ForwardingServerCallListener.java:23)\n\tat io.grpc.ForwardingServerCallListener$SimpleForwardingServerCallListener.onHalfClose(ForwardingServerCallListener.java:40)\n\tat io.grpc.Contexts$ContextualizedServerCallListener.onHalfClose(Contexts.java:86)\n\tat io.grpc.internal.ServerCallImpl$ServerStreamListenerImpl.halfClosed(ServerCallImpl.java:356)\n\tat io.grpc.internal.ServerImpl$JumpToApplicationThreadServerStreamListener$1HalfClosed.runInContext(ServerImpl.java:861)\n\tat io.grpc.internal.ContextRunnable.run(ContextRunnable.java:37)\n\tat io.grpc.internal.SerializingExecutor.run(SerializingExecutor.java:133)\n\tat java.base/java.util.concurrent.ThreadPoolExecutor.runWorker(ThreadPoolExecutor.java:1144)\n\tat java.base/java.util.concurrent.ThreadPoolExecutor$Worker.run(ThreadPoolExecutor.java:642)\n\tat java.base/java.lang.Thread.run(Thread.java:1583)\n\n"}}
[debug] [2026-08-30T04:09:37.463Z] Aug 29, 2026 9:09:37 PM io.gapi.emulators.netty.HttpHandler$1 onError
INFO: Exception when handling request: NOT_FOUND: Document (projects/demo-cadence/databases/(default)/documents/users/G5qlpJ6U3kfmXBlNIj1gr09kBduz/requests/wsKX0PqWFFo1tSxr8woypyxWRn7K) not found.
 {"metadata":{"emulator":{"name":"firestore"},"message":"Aug 29, 2026 9:09:37 PM io.gapi.emulators.netty.HttpHandler$1 onError\nINFO: Exception when handling request: NOT_FOUND: Document (projects/demo-cadence/databases/(default)/documents/users/G5qlpJ6U3kfmXBlNIj1gr09kBduz/requests/wsKX0PqWFFo1tSxr8woypyxWRn7K) not found.\n"}}
[debug] [2026-08-30T04:09:37.466Z] Aug 29, 2026 9:09:37 PM com.google.cloud.datastore.emulator.impl.util.WrappedStreamObserver onError
WARNING: Operation failed: Document (projects/demo-cadence/databases/(default)/documents/users/wsKX0PqWFFo1tSxr8woypyxWRn7K/requests/G5qlpJ6U3kfmXBlNIj1gr09kBduz) not found.
com.google.cloud.datastore.core.exception.DatastoreException: Document (projects/demo-cadence/databases/(default)/documents/users/wsKX0PqWFFo1tSxr8woypyxWRn7K/requests/G5qlpJ6U3kfmXBlNIj1gr09kBduz) not found.
	at com.google.cloud.datastore.emulator.impl.firestore.CloudFirestoreV1.getDocument(CloudFirestoreV1.java:335)
	at com.google.cloud.datastore.emulator.impl.firestore.CloudFirestoreV1Router.getDocument(CloudFirestoreV1Router.java:129)
	at com.google.cloud.datastore.emulator.impl.firestore.CloudFirestoreV1Router.getOrListDocuments(CloudFirestoreV1Router.java:123)
	at com.google.cloud.datastore.emulator.firestore.v1.FirestoreV1GrpcAdapter$1.lambda$getOrListDocuments$0(FirestoreV1GrpcAdapter.java:108)
	at com.google.cloud.datastore.emulator.firestore.v1.FirestoreV1GrpcAdapter.unary(FirestoreV1GrpcAdapter.java:72)
	at com.google.cloud.datastore.emulator.firestore.v1.FirestoreV1GrpcAdapter$1.getOrListDocuments(FirestoreV1GrpcAdapter.java:108)
	at com.google.firestore.v1.FirestoreGrpc$MethodHandlers.invoke(FirestoreGrpc.java:1206)
	at io.grpc.stub.ServerCalls$UnaryServerCallHandler$UnaryServerCallListener.onHalfClose(ServerCalls.java:182)
	at io.grpc.PartialForwardingServerCallListener.onHalfClose(PartialForwardingServerCallListener.java:35)
	at io.grpc.ForwardingServerCallListener.onHalfClose(ForwardingServerCallListener.java:23)
	at io.grpc.ForwardingServerCallListener$SimpleForwardingServerCallListener.onHalfClose(ForwardingServerCallListener.java:40)
	at io.grpc.Contexts$ContextualizedServerCallListener.onHalfClose(Contexts.java:86)
	at io.grpc.PartialForwardingServerCallListener.onHalfClose(PartialForwardingServerCallListener.java:35)
	at io.grpc.ForwardingServerCallListener.onHalfClose(ForwardingServerCallListener.java:23)
	at io.grpc.ForwardingServerCallListener$SimpleForwardingServerCallListener.onHalfClose(ForwardingServerCallListener.java:40)
	at io.grpc.Contexts$ContextualizedServerCallListener.onHalfClose(Contexts.java:86)
	at io.grpc.internal.ServerCallImpl$ServerStreamListenerImpl.halfClosed(ServerCallImpl.java:356)
	at io.grpc.internal.ServerImpl$JumpToApplicationThreadServerStreamListener$1HalfClosed.runInContext(ServerImpl.java:861)
	at io.grpc.internal.ContextRunnable.run(ContextRunnable.java:37)
	at io.grpc.internal.SerializingExecutor.run(SerializingExecutor.java:133)
	at java.base/java.util.concurrent.ThreadPoolExecutor.runWorker(ThreadPoolExecutor.java:1144)
	at java.base/java.util.concurrent.ThreadPoolExecutor$Worker.run(ThreadPoolExecutor.java:642)
	at java.base/java.lang.Thread.run(Thread.java:1583)

 {"metadata":{"emulator":{"name":"firestore"},"message":"Aug 29, 2026 9:09:37 PM com.google.cloud.datastore.emulator.impl.util.WrappedStreamObserver onError\nWARNING: Operation failed: Document (projects/demo-cadence/databases/(default)/documents/users/wsKX0PqWFFo1tSxr8woypyxWRn7K/requests/G5qlpJ6U3kfmXBlNIj1gr09kBduz) not found.\ncom.google.cloud.datastore.core.exception.DatastoreException: Document (projects/demo-cadence/databases/(default)/documents/users/wsKX0PqWFFo1tSxr8woypyxWRn7K/requests/G5qlpJ6U3kfmXBlNIj1gr09kBduz) not found.\n\tat com.google.cloud.datastore.emulator.impl.firestore.CloudFirestoreV1.getDocument(CloudFirestoreV1.java:335)\n\tat com.google.cloud.datastore.emulator.impl.firestore.CloudFirestoreV1Router.getDocument(CloudFirestoreV1Router.java:129)\n\tat com.google.cloud.datastore.emulator.impl.firestore.CloudFirestoreV1Router.getOrListDocuments(CloudFirestoreV1Router.java:123)\n\tat com.google.cloud.datastore.emulator.firestore.v1.FirestoreV1GrpcAdapter$1.lambda$getOrListDocuments$0(FirestoreV1GrpcAdapter.java:108)\n\tat com.google.cloud.datastore.emulator.firestore.v1.FirestoreV1GrpcAdapter.unary(FirestoreV1GrpcAdapter.java:72)\n\tat com.google.cloud.datastore.emulator.firestore.v1.FirestoreV1GrpcAdapter$1.getOrListDocuments(FirestoreV1GrpcAdapter.java:108)\n\tat com.google.firestore.v1.FirestoreGrpc$MethodHandlers.invoke(FirestoreGrpc.java:1206)\n\tat io.grpc.stub.ServerCalls$UnaryServerCallHandler$UnaryServerCallListener.onHalfClose(ServerCalls.java:182)\n\tat io.grpc.PartialForwardingServerCallListener.onHalfClose(PartialForwardingServerCallListener.java:35)\n\tat io.grpc.ForwardingServerCallListener.onHalfClose(ForwardingServerCallListener.java:23)\n\tat io.grpc.ForwardingServerCallListener$SimpleForwardingServerCallListener.onHalfClose(ForwardingServerCallListener.java:40)\n\tat io.grpc.Contexts$ContextualizedServerCallListener.onHalfClose(Contexts.java:86)\n\tat io.grpc.PartialForwardingServerCallListener.onHalfClose(PartialForwardingServerCallListener.java:35)\n\tat io.grpc.ForwardingServerCallListener.onHalfClose(ForwardingServerCallListener.java:23)\n\tat io.grpc.ForwardingServerCallListener$SimpleForwardingServerCallListener.onHalfClose(ForwardingServerCallListener.java:40)\n\tat io.grpc.Contexts$ContextualizedServerCallListener.onHalfClose(Contexts.java:86)\n\tat io.grpc.internal.ServerCallImpl$ServerStreamListenerImpl.halfClosed(ServerCallImpl.java:356)\n\tat io.grpc.internal.ServerImpl$JumpToApplicationThreadServerStreamListener$1HalfClosed.runInContext(ServerImpl.java:861)\n\tat io.grpc.internal.ContextRunnable.run(ContextRunnable.java:37)\n\tat io.grpc.internal.SerializingExecutor.run(SerializingExecutor.java:133)\n\tat java.base/java.util.concurrent.ThreadPoolExecutor.runWorker(ThreadPoolExecutor.java:1144)\n\tat java.base/java.util.concurrent.ThreadPoolExecutor$Worker.run(ThreadPoolExecutor.java:642)\n\tat java.base/java.lang.Thread.run(Thread.java:1583)\n\n"}}
[debug] [2026-08-30T04:09:37.467Z] Aug 29, 2026 9:09:37 PM io.gapi.emulators.netty.HttpHandler$1 onError
INFO: Exception when handling request: NOT_FOUND: Document (projects/demo-cadence/databases/(default)/documents/users/wsKX0PqWFFo1tSxr8woypyxWRn7K/requests/G5qlpJ6U3kfmXBlNIj1gr09kBduz) not found.
 {"metadata":{"emulator":{"name":"firestore"},"message":"Aug 29, 2026 9:09:37 PM io.gapi.emulators.netty.HttpHandler$1 onError\nINFO: Exception when handling request: NOT_FOUND: Document (projects/demo-cadence/databases/(default)/documents/users/wsKX0PqWFFo1tSxr8woypyxWRn7K/requests/G5qlpJ6U3kfmXBlNIj1gr09kBduz) not found.\n"}}
[debug] [2026-08-30T04:10:07.308Z] Aug 29, 2026 9:10:07 PM io.gapi.emulators.netty.HttpVersionRoutingHandler channelRead
INFO: Detected non-HTTP/2 connection.
 {"metadata":{"emulator":{"name":"firestore"},"message":"Aug 29, 2026 9:10:07 PM io.gapi.emulators.netty.HttpVersionRoutingHandler channelRead\nINFO: Detected non-HTTP/2 connection.\n"}}
[debug] [2026-08-30T04:10:07.321Z] Aug 29, 2026 9:10:07 PM com.google.cloud.datastore.emulator.impl.util.WrappedStreamObserver onError
WARNING: Operation failed: Document (projects/demo-cadence/databases/(default)/documents/users/leqx9oCQIS5uXP2lTkBLBirpvP9v) not found.
com.google.cloud.datastore.core.exception.DatastoreException: Document (projects/demo-cadence/databases/(default)/documents/users/leqx9oCQIS5uXP2lTkBLBirpvP9v) not found.
	at com.google.cloud.datastore.emulator.impl.firestore.CloudFirestoreV1.getDocument(CloudFirestoreV1.java:335)
	at com.google.cloud.datastore.emulator.impl.firestore.CloudFirestoreV1Router.getDocument(CloudFirestoreV1Router.java:129)
	at com.google.cloud.datastore.emulator.impl.firestore.CloudFirestoreV1Router.getOrListDocuments(CloudFirestoreV1Router.java:123)
	at com.google.cloud.datastore.emulator.firestore.v1.FirestoreV1GrpcAdapter$1.lambda$getOrListDocuments$0(FirestoreV1GrpcAdapter.java:108)
	at com.google.cloud.datastore.emulator.firestore.v1.FirestoreV1GrpcAdapter.unary(FirestoreV1GrpcAdapter.java:72)
	at com.google.cloud.datastore.emulator.firestore.v1.FirestoreV1GrpcAdapter$1.getOrListDocuments(FirestoreV1GrpcAdapter.java:108)
	at com.google.firestore.v1.FirestoreGrpc$MethodHandlers.invoke(FirestoreGrpc.java:1206)
	at io.grpc.stub.ServerCalls$UnaryServerCallHandler$UnaryServerCallListener.onHalfClose(ServerCalls.java:182)
	at io.grpc.PartialForwardingServerCallListener.onHalfClose(PartialForwardingServerCallListener.java:35)
	at io.grpc.ForwardingServerCallListener.onHalfClose(ForwardingServerCallListener.java:23)
	at io.grpc.ForwardingServerCallListener$SimpleForwardingServerCallListener.onHalfClose(ForwardingServerCallListener.java:40)
	at io.grpc.Contexts$ContextualizedServerCallListener.onHalfClose(Contexts.java:86)
	at io.grpc.PartialForwardingServerCallListener.onHalfClose(PartialForwardingServerCallListener.java:35)
	at io.grpc.ForwardingServerCallListener.onHalfClose(ForwardingServerCallListener.java:23)
	at io.grpc.ForwardingServerCallListener$SimpleForwardingServerCallListener.onHalfClose(ForwardingServerCallListener.java:40)
	at io.grpc.Contexts$ContextualizedServerCallListener.onHalfClose(Contexts.java:86)
	at io.grpc.internal.ServerCallImpl$ServerStreamListenerImpl.halfClosed(ServerCallImpl.java:356)
	at io.grpc.internal.ServerImpl$JumpToApplicationThreadServerStreamListener$1HalfClosed.runInContext(ServerImpl.java:861)
	at io.grpc.internal.ContextRunnable.run(ContextRunnable.java:37)
	at io.grpc.internal.SerializingExecutor.run(SerializingExecutor.java:133)
	at java.base/java.util.concurrent.ThreadPoolExecutor.runWorker(ThreadPoolExecutor.java:1144)
	at java.base/java.util.concurrent.ThreadPoolExecutor$Worker.run(ThreadPoolExecutor.java:642)
	at java.base/java.lang.Thread.run(Thread.java:1583)

 {"metadata":{"emulator":{"name":"firestore"},"message":"Aug 29, 2026 9:10:07 PM com.google.cloud.datastore.emulator.impl.util.WrappedStreamObserver onError\nWARNING: Operation failed: Document (projects/demo-cadence/databases/(default)/documents/users/leqx9oCQIS5uXP2lTkBLBirpvP9v) not found.\ncom.google.cloud.datastore.core.exception.DatastoreException: Document (projects/demo-cadence/databases/(default)/documents/users/leqx9oCQIS5uXP2lTkBLBirpvP9v) not found.\n\tat com.google.cloud.datastore.emulator.impl.firestore.CloudFirestoreV1.getDocument(CloudFirestoreV1.java:335)\n\tat com.google.cloud.datastore.emulator.impl.firestore.CloudFirestoreV1Router.getDocument(CloudFirestoreV1Router.java:129)\n\tat com.google.cloud.datastore.emulator.impl.firestore.CloudFirestoreV1Router.getOrListDocuments(CloudFirestoreV1Router.java:123)\n\tat com.google.cloud.datastore.emulator.firestore.v1.FirestoreV1GrpcAdapter$1.lambda$getOrListDocuments$0(FirestoreV1GrpcAdapter.java:108)\n\tat com.google.cloud.datastore.emulator.firestore.v1.FirestoreV1GrpcAdapter.unary(FirestoreV1GrpcAdapter.java:72)\n\tat com.google.cloud.datastore.emulator.firestore.v1.FirestoreV1GrpcAdapter$1.getOrListDocuments(FirestoreV1GrpcAdapter.java:108)\n\tat com.google.firestore.v1.FirestoreGrpc$MethodHandlers.invoke(FirestoreGrpc.java:1206)\n\tat io.grpc.stub.ServerCalls$UnaryServerCallHandler$UnaryServerCallListener.onHalfClose(ServerCalls.java:182)\n\tat io.grpc.PartialForwardingServerCallListener.onHalfClose(PartialForwardingServerCallListener.java:35)\n\tat io.grpc.ForwardingServerCallListener.onHalfClose(ForwardingServerCallListener.java:23)\n\tat io.grpc.ForwardingServerCallListener$SimpleForwardingServerCallListener.onHalfClose(ForwardingServerCallListener.java:40)\n\tat io.grpc.Contexts$ContextualizedServerCallListener.onHalfClose(Contexts.java:86)\n\tat io.grpc.PartialForwardingServerCallListener.onHalfClose(PartialForwardingServerCallListener.java:35)\n\tat io.grpc.ForwardingServerCallListener.onHalfClose(ForwardingServerCallListener.java:23)\n\tat io.grpc.ForwardingServerCallListener$SimpleForwardingServerCallListener.onHalfClose(ForwardingServerCallListener.java:40)\n\tat io.grpc.Contexts$ContextualizedServerCallListener.onHalfClose(Contexts.java:86)\n\tat io.grpc.internal.ServerCallImpl$ServerStreamListenerImpl.halfClosed(ServerCallImpl.java:356)\n\tat io.grpc.internal.ServerImpl$JumpToApplicationThreadServerStreamListener$1HalfClosed.runInContext(ServerImpl.java:861)\n\tat io.grpc.internal.ContextRunnable.run(ContextRunnable.java:37)\n\tat io.grpc.internal.SerializingExecutor.run(SerializingExecutor.java:133)\n\tat java.base/java.util.concurrent.ThreadPoolExecutor.runWorker(ThreadPoolExecutor.java:1144)\n\tat java.base/java.util.concurrent.ThreadPoolExecutor$Worker.run(ThreadPoolExecutor.java:642)\n\tat java.base/java.lang.Thread.run(Thread.java:1583)\n\n"}}
[debug] [2026-08-30T04:10:07.321Z] Aug 29, 2026 9:10:07 PM io.gapi.emulators.netty.HttpHandler$1 onError
INFO: Exception when handling request: NOT_FOUND: Document (projects/demo-cadence/databases/(default)/documents/users/leqx9oCQIS5uXP2lTkBLBirpvP9v) not found.
 {"metadata":{"emulator":{"name":"firestore"},"message":"Aug 29, 2026 9:10:07 PM io.gapi.emulators.netty.HttpHandler$1 onError\nINFO: Exception when handling request: NOT_FOUND: Document (projects/demo-cadence/databases/(default)/documents/users/leqx9oCQIS5uXP2lTkBLBirpvP9v) not found.\n"}}
[debug] [2026-08-30T04:10:07.325Z] Aug 29, 2026 9:10:07 PM io.gapi.emulators.netty.HttpVersionRoutingHandler channelRead
INFO: Detected non-HTTP/2 connection.
 {"metadata":{"emulator":{"name":"firestore"},"message":"Aug 29, 2026 9:10:07 PM io.gapi.emulators.netty.HttpVersionRoutingHandler channelRead\nINFO: Detected non-HTTP/2 connection.\n"}}
[info] i  storage: Change detected, updating rules for Cloud Storage... {"metadata":{"emulator":{"name":"storage"},"message":"Change detected, updating rules for Cloud Storage..."}}
[info] i  storage: Change detected, updating rules for Cloud Storage... {"metadata":{"emulator":{"name":"storage"},"message":"Change detected, updating rules for Cloud Storage..."}}
[debug] [2026-08-30T04:10:12.395Z] Aug 29, 2026 9:10:12 PM io.gapi.emulators.netty.HttpVersionRoutingHandler channelRead
INFO: Detected non-HTTP/2 connection.
 {"metadata":{"emulator":{"name":"firestore"},"message":"Aug 29, 2026 9:10:12 PM io.gapi.emulators.netty.HttpVersionRoutingHandler channelRead\nINFO: Detected non-HTTP/2 connection.\n"}}
[info] i  storage: Change detected, updating rules for Cloud Storage... {"metadata":{"emulator":{"name":"storage"},"message":"Change detected, updating rules for Cloud Storage..."}}
[info] i  storage: Change detected, updating rules for Cloud Storage... {"metadata":{"emulator":{"name":"storage"},"message":"Change detected, updating rules for Cloud Storage..."}}
[debug] [2026-08-30T04:10:46.880Z] Aug 29, 2026 9:10:46 PM io.gapi.emulators.netty.HttpVersionRoutingHandler channelRead
INFO: Detected non-HTTP/2 connection.
 {"metadata":{"emulator":{"name":"firestore"},"message":"Aug 29, 2026 9:10:46 PM io.gapi.emulators.netty.HttpVersionRoutingHandler channelRead\nINFO: Detected non-HTTP/2 connection.\n"}}
[debug] [2026-08-30T04:10:46.883Z] Aug 29, 2026 9:10:46 PM com.google.cloud.datastore.emulator.impl.util.WrappedStreamObserver onError
WARNING: Operation failed: Document (projects/demo-cadence/databases/(default)/documents/users/Q7fHcvUzuhARLL04uirhyiDbkN0l) not found.
com.google.cloud.datastore.core.exception.DatastoreException: Document (projects/demo-cadence/databases/(default)/documents/users/Q7fHcvUzuhARLL04uirhyiDbkN0l) not found.
	at com.google.cloud.datastore.emulator.impl.firestore.CloudFirestoreV1.getDocument(CloudFirestoreV1.java:335)
	at com.google.cloud.datastore.emulator.impl.firestore.CloudFirestoreV1Router.getDocument(CloudFirestoreV1Router.java:129)
	at com.google.cloud.datastore.emulator.impl.firestore.CloudFirestoreV1Router.getOrListDocuments(CloudFirestoreV1Router.java:123)
	at com.google.cloud.datastore.emulator.firestore.v1.FirestoreV1GrpcAdapter$1.lambda$getOrListDocuments$0(FirestoreV1GrpcAdapter.java:108)
	at com.google.cloud.datastore.emulator.firestore.v1.FirestoreV1GrpcAdapter.unary(FirestoreV1GrpcAdapter.java:72)
	at com.google.cloud.datastore.emulator.firestore.v1.FirestoreV1GrpcAdapter$1.getOrListDocuments(FirestoreV1GrpcAdapter.java:108)
	at com.google.firestore.v1.FirestoreGrpc$MethodHandlers.invoke(FirestoreGrpc.java:1206)
	at io.grpc.stub.ServerCalls$UnaryServerCallHandler$UnaryServerCallListener.onHalfClose(ServerCalls.java:182)
	at io.grpc.PartialForwardingServerCallListener.onHalfClose(PartialForwardingServerCallListener.java:35)
	at io.grpc.ForwardingServerCallListener.onHalfClose(ForwardingServerCallListener.java:23)
	at io.grpc.ForwardingServerCallListener$SimpleForwardingServerCallListener.onHalfClose(ForwardingServerCallListener.java:40)
	at io.grpc.Contexts$ContextualizedServerCallListener.onHalfClose(Contexts.java:86)
	at io.grpc.PartialForwardingServerCallListener.onHalfClose(PartialForwardingServerCallListener.java:35)
	at io.grpc.ForwardingServerCallListener.onHalfClose(ForwardingServerCallListener.java:23)
	at io.grpc.ForwardingServerCallListener$SimpleForwardingServerCallListener.onHalfClose(ForwardingServerCallListener.java:40)
	at io.grpc.Contexts$ContextualizedServerCallListener.onHalfClose(Contexts.java:86)
	at io.grpc.internal.ServerCallImpl$ServerStreamListenerImpl.halfClosed(ServerCallImpl.java:356)
	at io.grpc.internal.ServerImpl$JumpToApplicationThreadServerStreamListener$1HalfClosed.runInContext(ServerImpl.java:861)
	at io.grpc.internal.ContextRunnable.run(ContextRunnable.java:37)
	at io.grpc.internal.SerializingExecutor.run(SerializingExecutor.java:133)
	at java.base/java.util.concurrent.ThreadPoolExecutor.runWorker(ThreadPoolExecutor.java:1144)
	at java.base/java.util.concurrent.ThreadPoolExecutor$Worker.run(ThreadPoolExecutor.java:642)
	at java.base/java.lang.Thread.run(Thread.java:1583)

 {"metadata":{"emulator":{"name":"firestore"},"message":"Aug 29, 2026 9:10:46 PM com.google.cloud.datastore.emulator.impl.util.WrappedStreamObserver onError\nWARNING: Operation failed: Document (projects/demo-cadence/databases/(default)/documents/users/Q7fHcvUzuhARLL04uirhyiDbkN0l) not found.\ncom.google.cloud.datastore.core.exception.DatastoreException: Document (projects/demo-cadence/databases/(default)/documents/users/Q7fHcvUzuhARLL04uirhyiDbkN0l) not found.\n\tat com.google.cloud.datastore.emulator.impl.firestore.CloudFirestoreV1.getDocument(CloudFirestoreV1.java:335)\n\tat com.google.cloud.datastore.emulator.impl.firestore.CloudFirestoreV1Router.getDocument(CloudFirestoreV1Router.java:129)\n\tat com.google.cloud.datastore.emulator.impl.firestore.CloudFirestoreV1Router.getOrListDocuments(CloudFirestoreV1Router.java:123)\n\tat com.google.cloud.datastore.emulator.firestore.v1.FirestoreV1GrpcAdapter$1.lambda$getOrListDocuments$0(FirestoreV1GrpcAdapter.java:108)\n\tat com.google.cloud.datastore.emulator.firestore.v1.FirestoreV1GrpcAdapter.unary(FirestoreV1GrpcAdapter.java:72)\n\tat com.google.cloud.datastore.emulator.firestore.v1.FirestoreV1GrpcAdapter$1.getOrListDocuments(FirestoreV1GrpcAdapter.java:108)\n\tat com.google.firestore.v1.FirestoreGrpc$MethodHandlers.invoke(FirestoreGrpc.java:1206)\n\tat io.grpc.stub.ServerCalls$UnaryServerCallHandler$UnaryServerCallListener.onHalfClose(ServerCalls.java:182)\n\tat io.grpc.PartialForwardingServerCallListener.onHalfClose(PartialForwardingServerCallListener.java:35)\n\tat io.grpc.ForwardingServerCallListener.onHalfClose(ForwardingServerCallListener.java:23)\n\tat io.grpc.ForwardingServerCallListener$SimpleForwardingServerCallListener.onHalfClose(ForwardingServerCallListener.java:40)\n\tat io.grpc.Contexts$ContextualizedServerCallListener.onHalfClose(Contexts.java:86)\n\tat io.grpc.PartialForwardingServerCallListener.onHalfClose(PartialForwardingServerCallListener.java:35)\n\tat io.grpc.ForwardingServerCallListener.onHalfClose(ForwardingServerCallListener.java:23)\n\tat io.grpc.ForwardingServerCallListener$SimpleForwardingServerCallListener.onHalfClose(ForwardingServerCallListener.java:40)\n\tat io.grpc.Contexts$ContextualizedServerCallListener.onHalfClose(Contexts.java:86)\n\tat io.grpc.internal.ServerCallImpl$ServerStreamListenerImpl.halfClosed(ServerCallImpl.java:356)\n\tat io.grpc.internal.ServerImpl$JumpToApplicationThreadServerStreamListener$1HalfClosed.runInContext(ServerImpl.java:861)\n\tat io.grpc.internal.ContextRunnable.run(ContextRunnable.java:37)\n\tat io.grpc.internal.SerializingExecutor.run(SerializingExecutor.java:133)\n\tat java.base/java.util.concurrent.ThreadPoolExecutor.runWorker(ThreadPoolExecutor.java:1144)\n\tat java.base/java.util.concurrent.ThreadPoolExecutor$Worker.run(ThreadPoolExecutor.java:642)\n\tat java.base/java.lang.Thread.run(Thread.java:1583)\n\n"}}
[debug] [2026-08-30T04:10:46.883Z] Aug 29, 2026 9:10:46 PM io.gapi.emulators.netty.HttpHandler$1 onError
INFO: Exception when handling request: NOT_FOUND: Document (projects/demo-cadence/databases/(default)/documents/users/Q7fHcvUzuhARLL04uirhyiDbkN0l) not found.
 {"metadata":{"emulator":{"name":"firestore"},"message":"Aug 29, 2026 9:10:46 PM io.gapi.emulators.netty.HttpHandler$1 onError\nINFO: Exception when handling request: NOT_FOUND: Document (projects/demo-cadence/databases/(default)/documents/users/Q7fHcvUzuhARLL04uirhyiDbkN0l) not found.\n"}}
[debug] [2026-08-30T04:10:46.886Z] Aug 29, 2026 9:10:46 PM io.gapi.emulators.netty.HttpVersionRoutingHandler channelRead
INFO: Detected non-HTTP/2 connection.
 {"metadata":{"emulator":{"name":"firestore"},"message":"Aug 29, 2026 9:10:46 PM io.gapi.emulators.netty.HttpVersionRoutingHandler channelRead\nINFO: Detected non-HTTP/2 connection.\n"}}
[info] i  storage: Change detected, updating rules for Cloud Storage... {"metadata":{"emulator":{"name":"storage"},"message":"Change detected, updating rules for Cloud Storage..."}}
[info] i  storage: Change detected, updating rules for Cloud Storage... {"metadata":{"emulator":{"name":"storage"},"message":"Change detected, updating rules for Cloud Storage..."}}
[debug] [2026-08-30T04:10:51.934Z] Aug 29, 2026 9:10:51 PM io.gapi.emulators.netty.HttpVersionRoutingHandler channelRead
INFO: Detected non-HTTP/2 connection.
 {"metadata":{"emulator":{"name":"firestore"},"message":"Aug 29, 2026 9:10:51 PM io.gapi.emulators.netty.HttpVersionRoutingHandler channelRead\nINFO: Detected non-HTTP/2 connection.\n"}}
[info] i  storage: Change detected, updating rules for Cloud Storage... {"metadata":{"emulator":{"name":"storage"},"message":"Change detected, updating rules for Cloud Storage..."}}
[info] i  storage: Change detected, updating rules for Cloud Storage... {"metadata":{"emulator":{"name":"storage"},"message":"Change detected, updating rules for Cloud Storage..."}}
[debug] [2026-08-30T04:10:56.978Z] Aug 29, 2026 9:10:56 PM io.gapi.emulators.netty.HttpVersionRoutingHandler channelRead
INFO: Detected non-HTTP/2 connection.
 {"metadata":{"emulator":{"name":"firestore"},"message":"Aug 29, 2026 9:10:56 PM io.gapi.emulators.netty.HttpVersionRoutingHandler channelRead\nINFO: Detected non-HTTP/2 connection.\n"}}
[debug] [2026-08-30T04:11:26.153Z] Aug 29, 2026 9:11:26 PM io.gapi.emulators.netty.HttpVersionRoutingHandler channelRead
INFO: Detected non-HTTP/2 connection.
 {"metadata":{"emulator":{"name":"firestore"},"message":"Aug 29, 2026 9:11:26 PM io.gapi.emulators.netty.HttpVersionRoutingHandler channelRead\nINFO: Detected non-HTTP/2 connection.\n"}}
[debug] [2026-08-30T04:11:26.177Z] Aug 29, 2026 9:11:26 PM com.google.cloud.datastore.emulator.impl.util.WrappedStreamObserver onError
WARNING: Operation failed: Document (projects/demo-cadence/databases/(default)/documents/users/KOFG5v7BohtFN7bCMoAq27stniyV) not found.
com.google.cloud.datastore.core.exception.DatastoreException: Document (projects/demo-cadence/databases/(default)/documents/users/KOFG5v7BohtFN7bCMoAq27stniyV) not found.
	at com.google.cloud.datastore.emulator.impl.firestore.CloudFirestoreV1.getDocument(CloudFirestoreV1.java:335)
	at com.google.cloud.datastore.emulator.impl.firestore.CloudFirestoreV1Router.getDocument(CloudFirestoreV1Router.java:129)
	at com.google.cloud.datastore.emulator.impl.firestore.CloudFirestoreV1Router.getOrListDocuments(CloudFirestoreV1Router.java:123)
	at com.google.cloud.datastore.emulator.firestore.v1.FirestoreV1GrpcAdapter$1.lambda$getOrListDocuments$0(FirestoreV1GrpcAdapter.java:108)
	at com.google.cloud.datastore.emulator.firestore.v1.FirestoreV1GrpcAdapter.unary(FirestoreV1GrpcAdapter.java:72)
	at com.google.cloud.datastore.emulator.firestore.v1.FirestoreV1GrpcAdapter$1.getOrListDocuments(FirestoreV1GrpcAdapter.java:108)
	at com.google.firestore.v1.FirestoreGrpc$MethodHandlers.invoke(FirestoreGrpc.java:1206)
	at io.grpc.stub.ServerCalls$UnaryServerCallHandler$UnaryServerCallListener.onHalfClose(ServerCalls.java:182)
	at io.grpc.PartialForwardingServerCallListener.onHalfClose(PartialForwardingServerCallListener.java:35)
	at io.grpc.ForwardingServerCallListener.onHalfClose(ForwardingServerCallListener.java:23)
	at io.grpc.ForwardingServerCallListener$SimpleForwardingServerCallListener.onHalfClose(ForwardingServerCallListener.java:40)
	at io.grpc.Contexts$ContextualizedServerCallListener.onHalfClose(Contexts.java:86)
	at io.grpc.PartialForwardingServerCallListener.onHalfClose(PartialForwardingServerCallListener.java:35)
	at io.grpc.ForwardingServerCallListener.onHalfClose(ForwardingServerCallListener.java:23)
	at io.grpc.ForwardingServerCallListener$SimpleForwardingServerCallListener.onHalfClose(ForwardingServerCallListener.java:40)
	at io.grpc.Contexts$ContextualizedServerCallListener.onHalfClose(Contexts.java:86)
	at io.grpc.internal.ServerCallImpl$ServerStreamListenerImpl.halfClosed(ServerCallImpl.java:356)
	at io.grpc.internal.ServerImpl$JumpToApplicationThreadServerStreamListener$1HalfClosed.runInContext(ServerImpl.java:861)
	at io.grpc.internal.ContextRunnable.run(ContextRunnable.java:37)
	at io.grpc.internal.SerializingExecutor.run(SerializingExecutor.java:133)
	at java.base/java.util.concurrent.ThreadPoolExecutor.runWorker(ThreadPoolExecutor.java:1144)
	at java.base/java.util.concurrent.ThreadPoolExecutor$Worker.run(ThreadPoolExecutor.java:642)
	at java.base/java.lang.Thread.run(Thread.java:1583)

 {"metadata":{"emulator":{"name":"firestore"},"message":"Aug 29, 2026 9:11:26 PM com.google.cloud.datastore.emulator.impl.util.WrappedStreamObserver onError\nWARNING: Operation failed: Document (projects/demo-cadence/databases/(default)/documents/users/KOFG5v7BohtFN7bCMoAq27stniyV) not found.\ncom.google.cloud.datastore.core.exception.DatastoreException: Document (projects/demo-cadence/databases/(default)/documents/users/KOFG5v7BohtFN7bCMoAq27stniyV) not found.\n\tat com.google.cloud.datastore.emulator.impl.firestore.CloudFirestoreV1.getDocument(CloudFirestoreV1.java:335)\n\tat com.google.cloud.datastore.emulator.impl.firestore.CloudFirestoreV1Router.getDocument(CloudFirestoreV1Router.java:129)\n\tat com.google.cloud.datastore.emulator.impl.firestore.CloudFirestoreV1Router.getOrListDocuments(CloudFirestoreV1Router.java:123)\n\tat com.google.cloud.datastore.emulator.firestore.v1.FirestoreV1GrpcAdapter$1.lambda$getOrListDocuments$0(FirestoreV1GrpcAdapter.java:108)\n\tat com.google.cloud.datastore.emulator.firestore.v1.FirestoreV1GrpcAdapter.unary(FirestoreV1GrpcAdapter.java:72)\n\tat com.google.cloud.datastore.emulator.firestore.v1.FirestoreV1GrpcAdapter$1.getOrListDocuments(FirestoreV1GrpcAdapter.java:108)\n\tat com.google.firestore.v1.FirestoreGrpc$MethodHandlers.invoke(FirestoreGrpc.java:1206)\n\tat io.grpc.stub.ServerCalls$UnaryServerCallHandler$UnaryServerCallListener.onHalfClose(ServerCalls.java:182)\n\tat io.grpc.PartialForwardingServerCallListener.onHalfClose(PartialForwardingServerCallListener.java:35)\n\tat io.grpc.ForwardingServerCallListener.onHalfClose(ForwardingServerCallListener.java:23)\n\tat io.grpc.ForwardingServerCallListener$SimpleForwardingServerCallListener.onHalfClose(ForwardingServerCallListener.java:40)\n\tat io.grpc.Contexts$ContextualizedServerCallListener.onHalfClose(Contexts.java:86)\n\tat io.grpc.PartialForwardingServerCallListener.onHalfClose(PartialForwardingServerCallListener.java:35)\n\tat io.grpc.ForwardingServerCallListener.onHalfClose(ForwardingServerCallListener.java:23)\n\tat io.grpc.ForwardingServerCallListener$SimpleForwardingServerCallListener.onHalfClose(ForwardingServerCallListener.java:40)\n\tat io.grpc.Contexts$ContextualizedServerCallListener.onHalfClose(Contexts.java:86)\n\tat io.grpc.internal.ServerCallImpl$ServerStreamListenerImpl.halfClosed(ServerCallImpl.java:356)\n\tat io.grpc.internal.ServerImpl$JumpToApplicationThreadServerStreamListener$1HalfClosed.runInContext(ServerImpl.java:861)\n\tat io.grpc.internal.ContextRunnable.run(ContextRunnable.java:37)\n\tat io.grpc.internal.SerializingExecutor.run(SerializingExecutor.java:133)\n\tat java.base/java.util.concurrent.ThreadPoolExecutor.runWorker(ThreadPoolExecutor.java:1144)\n\tat java.base/java.util.concurrent.ThreadPoolExecutor$Worker.run(ThreadPoolExecutor.java:642)\n\tat java.base/java.lang.Thread.run(Thread.java:1583)\n\n"}}
[debug] [2026-08-30T04:11:26.178Z] Aug 29, 2026 9:11:26 PM io.gapi.emulators.netty.HttpHandler$1 onError
INFO: Exception when handling request: NOT_FOUND: Document (projects/demo-cadence/databases/(default)/documents/users/KOFG5v7BohtFN7bCMoAq27stniyV) not found.
 {"metadata":{"emulator":{"name":"firestore"},"message":"Aug 29, 2026 9:11:26 PM io.gapi.emulators.netty.HttpHandler$1 onError\nINFO: Exception when handling request: NOT_FOUND: Document (projects/demo-cadence/databases/(default)/documents/users/KOFG5v7BohtFN7bCMoAq27stniyV) not found.\n"}}
[debug] [2026-08-30T04:11:26.180Z] Aug 29, 2026 9:11:26 PM io.gapi.emulators.netty.HttpVersionRoutingHandler channelRead
INFO: Detected non-HTTP/2 connection.
 {"metadata":{"emulator":{"name":"firestore"},"message":"Aug 29, 2026 9:11:26 PM io.gapi.emulators.netty.HttpVersionRoutingHandler channelRead\nINFO: Detected non-HTTP/2 connection.\n"}}
[debug] [2026-08-30T04:11:26.198Z] Aug 29, 2026 9:11:26 PM com.google.cloud.datastore.emulator.impl.util.WrappedStreamObserver onError
WARNING: Operation failed: Document (projects/demo-cadence/databases/(default)/documents/users/1jFJgXORBzTF48LMRtgYShFH7pzx) not found.
com.google.cloud.datastore.core.exception.DatastoreException: Document (projects/demo-cadence/databases/(default)/documents/users/1jFJgXORBzTF48LMRtgYShFH7pzx) not found.
	at com.google.cloud.datastore.emulator.impl.firestore.CloudFirestoreV1.getDocument(CloudFirestoreV1.java:335)
	at com.google.cloud.datastore.emulator.impl.firestore.CloudFirestoreV1Router.getDocument(CloudFirestoreV1Router.java:129)
	at com.google.cloud.datastore.emulator.impl.firestore.CloudFirestoreV1Router.getOrListDocuments(CloudFirestoreV1Router.java:123)
	at com.google.cloud.datastore.emulator.firestore.v1.FirestoreV1GrpcAdapter$1.lambda$getOrListDocuments$0(FirestoreV1GrpcAdapter.java:108)
	at com.google.cloud.datastore.emulator.firestore.v1.FirestoreV1GrpcAdapter.unary(FirestoreV1GrpcAdapter.java:72)
	at com.google.cloud.datastore.emulator.firestore.v1.FirestoreV1GrpcAdapter$1.getOrListDocuments(FirestoreV1GrpcAdapter.java:108)
	at com.google.firestore.v1.FirestoreGrpc$MethodHandlers.invoke(FirestoreGrpc.java:1206)
	at io.grpc.stub.ServerCalls$UnaryServerCallHandler$UnaryServerCallListener.onHalfClose(ServerCalls.java:182)
	at io.grpc.PartialForwardingServerCallListener.onHalfClose(PartialForwardingServerCallListener.java:35)
	at io.grpc.ForwardingServerCallListener.onHalfClose(ForwardingServerCallListener.java:23)
	at io.grpc.ForwardingServerCallListener$SimpleForwardingServerCallListener.onHalfClose(ForwardingServerCallListener.java:40)
	at io.grpc.Contexts$ContextualizedServerCallListener.onHalfClose(Contexts.java:86)
	at io.grpc.PartialForwardingServerCallListener.onHalfClose(PartialForwardingServerCallListener.java:35)
	at io.grpc.ForwardingServerCallListener.onHalfClose(ForwardingServerCallListener.java:23)
	at io.grpc.ForwardingServerCallListener$SimpleForwardingServerCallListener.onHalfClose(ForwardingServerCallListener.java:40)
	at io.grpc.Contexts$ContextualizedServerCallListener.onHalfClose(Contexts.java:86)
	at io.grpc.internal.ServerCallImpl$ServerStreamListenerImpl.halfClosed(ServerCallImpl.java:356)
	at io.grpc.internal.ServerImpl$JumpToApplicationThreadServerStreamListener$1HalfClosed.runInContext(ServerImpl.java:861)
	at io.grpc.internal.ContextRunnable.run(ContextRunnable.java:37)
	at io.grpc.internal.SerializingExecutor.run(SerializingExecutor.java:133)
	at java.base/java.util.concurrent.ThreadPoolExecutor.runWorker(ThreadPoolExecutor.java:1144)
	at java.base/java.util.concurrent.ThreadPoolExecutor$Worker.run(ThreadPoolExecutor.java:642)
	at java.base/java.lang.Thread.run(Thread.java:1583)

 {"metadata":{"emulator":{"name":"firestore"},"message":"Aug 29, 2026 9:11:26 PM com.google.cloud.datastore.emulator.impl.util.WrappedStreamObserver onError\nWARNING: Operation failed: Document (projects/demo-cadence/databases/(default)/documents/users/1jFJgXORBzTF48LMRtgYShFH7pzx) not found.\ncom.google.cloud.datastore.core.exception.DatastoreException: Document (projects/demo-cadence/databases/(default)/documents/users/1jFJgXORBzTF48LMRtgYShFH7pzx) not found.\n\tat com.google.cloud.datastore.emulator.impl.firestore.CloudFirestoreV1.getDocument(CloudFirestoreV1.java:335)\n\tat com.google.cloud.datastore.emulator.impl.firestore.CloudFirestoreV1Router.getDocument(CloudFirestoreV1Router.java:129)\n\tat com.google.cloud.datastore.emulator.impl.firestore.CloudFirestoreV1Router.getOrListDocuments(CloudFirestoreV1Router.java:123)\n\tat com.google.cloud.datastore.emulator.firestore.v1.FirestoreV1GrpcAdapter$1.lambda$getOrListDocuments$0(FirestoreV1GrpcAdapter.java:108)\n\tat com.google.cloud.datastore.emulator.firestore.v1.FirestoreV1GrpcAdapter.unary(FirestoreV1GrpcAdapter.java:72)\n\tat com.google.cloud.datastore.emulator.firestore.v1.FirestoreV1GrpcAdapter$1.getOrListDocuments(FirestoreV1GrpcAdapter.java:108)\n\tat com.google.firestore.v1.FirestoreGrpc$MethodHandlers.invoke(FirestoreGrpc.java:1206)\n\tat io.grpc.stub.ServerCalls$UnaryServerCallHandler$UnaryServerCallListener.onHalfClose(ServerCalls.java:182)\n\tat io.grpc.PartialForwardingServerCallListener.onHalfClose(PartialForwardingServerCallListener.java:35)\n\tat io.grpc.ForwardingServerCallListener.onHalfClose(ForwardingServerCallListener.java:23)\n\tat io.grpc.ForwardingServerCallListener$SimpleForwardingServerCallListener.onHalfClose(ForwardingServerCallListener.java:40)\n\tat io.grpc.Contexts$ContextualizedServerCallListener.onHalfClose(Contexts.java:86)\n\tat io.grpc.PartialForwardingServerCallListener.onHalfClose(PartialForwardingServerCallListener.java:35)\n\tat io.grpc.ForwardingServerCallListener.onHalfClose(ForwardingServerCallListener.java:23)\n\tat io.grpc.ForwardingServerCallListener$SimpleForwardingServerCallListener.onHalfClose(ForwardingServerCallListener.java:40)\n\tat io.grpc.Contexts$ContextualizedServerCallListener.onHalfClose(Contexts.java:86)\n\tat io.grpc.internal.ServerCallImpl$ServerStreamListenerImpl.halfClosed(ServerCallImpl.java:356)\n\tat io.grpc.internal.ServerImpl$JumpToApplicationThreadServerStreamListener$1HalfClosed.runInContext(ServerImpl.java:861)\n\tat io.grpc.internal.ContextRunnable.run(ContextRunnable.java:37)\n\tat io.grpc.internal.SerializingExecutor.run(SerializingExecutor.java:133)\n\tat java.base/java.util.concurrent.ThreadPoolExecutor.runWorker(ThreadPoolExecutor.java:1144)\n\tat java.base/java.util.concurrent.ThreadPoolExecutor$Worker.run(ThreadPoolExecutor.java:642)\n\tat java.base/java.lang.Thread.run(Thread.java:1583)\n\n"}}
[debug] [2026-08-30T04:11:26.198Z] Aug 29, 2026 9:11:26 PM io.gapi.emulators.netty.HttpHandler$1 onError
INFO: Exception when handling request: NOT_FOUND: Document (projects/demo-cadence/databases/(default)/documents/users/1jFJgXORBzTF48LMRtgYShFH7pzx) not found.
 {"metadata":{"emulator":{"name":"firestore"},"message":"Aug 29, 2026 9:11:26 PM io.gapi.emulators.netty.HttpHandler$1 onError\nINFO: Exception when handling request: NOT_FOUND: Document (projects/demo-cadence/databases/(default)/documents/users/1jFJgXORBzTF48LMRtgYShFH7pzx) not found.\n"}}
[debug] [2026-08-30T04:11:26.213Z] Aug 29, 2026 9:11:26 PM com.google.cloud.datastore.emulator.impl.util.WrappedStreamObserver onError
WARNING: Operation failed: Document (projects/demo-cadence/databases/(default)/documents/users/SLRiQEoPyADuPn2jKCX48Vk2SaaJ) not found.
com.google.cloud.datastore.core.exception.DatastoreException: Document (projects/demo-cadence/databases/(default)/documents/users/SLRiQEoPyADuPn2jKCX48Vk2SaaJ) not found.
	at com.google.cloud.datastore.emulator.impl.firestore.CloudFirestoreV1.getDocument(CloudFirestoreV1.java:335)
	at com.google.cloud.datastore.emulator.impl.firestore.CloudFirestoreV1Router.getDocument(CloudFirestoreV1Router.java:129)
	at com.google.cloud.datastore.emulator.impl.firestore.CloudFirestoreV1Router.getOrListDocuments(CloudFirestoreV1Router.java:123)
	at com.google.cloud.datastore.emulator.firestore.v1.FirestoreV1GrpcAdapter$1.lambda$getOrListDocuments$0(FirestoreV1GrpcAdapter.java:108)
	at com.google.cloud.datastore.emulator.firestore.v1.FirestoreV1GrpcAdapter.unary(FirestoreV1GrpcAdapter.java:72)
	at com.google.cloud.datastore.emulator.firestore.v1.FirestoreV1GrpcAdapter$1.getOrListDocuments(FirestoreV1GrpcAdapter.java:108)
	at com.google.firestore.v1.FirestoreGrpc$MethodHandlers.invoke(FirestoreGrpc.java:1206)
	at io.grpc.stub.ServerCalls$UnaryServerCallHandler$UnaryServerCallListener.onHalfClose(ServerCalls.java:182)
	at io.grpc.PartialForwardingServerCallListener.onHalfClose(PartialForwardingServerCallListener.java:35)
	at io.grpc.ForwardingServerCallListener.onHalfClose(ForwardingServerCallListener.java:23)
	at io.grpc.ForwardingServerCallListener$SimpleForwardingServerCallListener.onHalfClose(ForwardingServerCallListener.java:40)
	at io.grpc.Contexts$ContextualizedServerCallListener.onHalfClose(Contexts.java:86)
	at io.grpc.PartialForwardingServerCallListener.onHalfClose(PartialForwardingServerCallListener.java:35)
	at io.grpc.ForwardingServerCallListener.onHalfClose(ForwardingServerCallListener.java:23)
	at io.grpc.ForwardingServerCallListener$SimpleForwardingServerCallListener.onHalfClose(ForwardingServerCallListener.java:40)
	at io.grpc.Contexts$ContextualizedServerCallListener.onHalfClose(Contexts.java:86)
	at io.grpc.internal.ServerCallImpl$ServerStreamListenerImpl.halfClosed(ServerCallImpl.java:356)
	at io.grpc.internal.ServerImpl$JumpToApplicationThreadServerStreamListener$1HalfClosed.runInContext(ServerImpl.java:861)
	at io.grpc.internal.ContextRunnable.run(ContextRunnable.java:37)
	at io.grpc.internal.SerializingExecutor.run(SerializingExecutor.java:133)
	at java.base/java.util.concurrent.ThreadPoolExecutor.runWorker(ThreadPoolExecutor.java:1144)
	at java.base/java.util.concurrent.ThreadPoolExecutor$Worker.run(ThreadPoolExecutor.java:642)
	at java.base/java.lang.Thread.run(Thread.java:1583)

 {"metadata":{"emulator":{"name":"firestore"},"message":"Aug 29, 2026 9:11:26 PM com.google.cloud.datastore.emulator.impl.util.WrappedStreamObserver onError\nWARNING: Operation failed: Document (projects/demo-cadence/databases/(default)/documents/users/SLRiQEoPyADuPn2jKCX48Vk2SaaJ) not found.\ncom.google.cloud.datastore.core.exception.DatastoreException: Document (projects/demo-cadence/databases/(default)/documents/users/SLRiQEoPyADuPn2jKCX48Vk2SaaJ) not found.\n\tat com.google.cloud.datastore.emulator.impl.firestore.CloudFirestoreV1.getDocument(CloudFirestoreV1.java:335)\n\tat com.google.cloud.datastore.emulator.impl.firestore.CloudFirestoreV1Router.getDocument(CloudFirestoreV1Router.java:129)\n\tat com.google.cloud.datastore.emulator.impl.firestore.CloudFirestoreV1Router.getOrListDocuments(CloudFirestoreV1Router.java:123)\n\tat com.google.cloud.datastore.emulator.firestore.v1.FirestoreV1GrpcAdapter$1.lambda$getOrListDocuments$0(FirestoreV1GrpcAdapter.java:108)\n\tat com.google.cloud.datastore.emulator.firestore.v1.FirestoreV1GrpcAdapter.unary(FirestoreV1GrpcAdapter.java:72)\n\tat com.google.cloud.datastore.emulator.firestore.v1.FirestoreV1GrpcAdapter$1.getOrListDocuments(FirestoreV1GrpcAdapter.java:108)\n\tat com.google.firestore.v1.FirestoreGrpc$MethodHandlers.invoke(FirestoreGrpc.java:1206)\n\tat io.grpc.stub.ServerCalls$UnaryServerCallHandler$UnaryServerCallListener.onHalfClose(ServerCalls.java:182)\n\tat io.grpc.PartialForwardingServerCallListener.onHalfClose(PartialForwardingServerCallListener.java:35)\n\tat io.grpc.ForwardingServerCallListener.onHalfClose(ForwardingServerCallListener.java:23)\n\tat io.grpc.ForwardingServerCallListener$SimpleForwardingServerCallListener.onHalfClose(ForwardingServerCallListener.java:40)\n\tat io.grpc.Contexts$ContextualizedServerCallListener.onHalfClose(Contexts.java:86)\n\tat io.grpc.PartialForwardingServerCallListener.onHalfClose(PartialForwardingServerCallListener.java:35)\n\tat io.grpc.ForwardingServerCallListener.onHalfClose(ForwardingServerCallListener.java:23)\n\tat io.grpc.ForwardingServerCallListener$SimpleForwardingServerCallListener.onHalfClose(ForwardingServerCallListener.java:40)\n\tat io.grpc.Contexts$ContextualizedServerCallListener.onHalfClose(Contexts.java:86)\n\tat io.grpc.internal.ServerCallImpl$ServerStreamListenerImpl.halfClosed(ServerCallImpl.java:356)\n\tat io.grpc.internal.ServerImpl$JumpToApplicationThreadServerStreamListener$1HalfClosed.runInContext(ServerImpl.java:861)\n\tat io.grpc.internal.ContextRunnable.run(ContextRunnable.java:37)\n\tat io.grpc.internal.SerializingExecutor.run(SerializingExecutor.java:133)\n\tat java.base/java.util.concurrent.ThreadPoolExecutor.runWorker(ThreadPoolExecutor.java:1144)\n\tat java.base/java.util.concurrent.ThreadPoolExecutor$Worker.run(ThreadPoolExecutor.java:642)\n\tat java.base/java.lang.Thread.run(Thread.java:1583)\n\n"}}
[debug] [2026-08-30T04:11:26.214Z] Aug 29, 2026 9:11:26 PM io.gapi.emulators.netty.HttpHandler$1 onError
INFO: Exception when handling request: NOT_FOUND: Document (projects/demo-cadence/databases/(default)/documents/users/SLRiQEoPyADuPn2jKCX48Vk2SaaJ) not found.
 {"metadata":{"emulator":{"name":"firestore"},"message":"Aug 29, 2026 9:11:26 PM io.gapi.emulators.netty.HttpHandler$1 onError\nINFO: Exception when handling request: NOT_FOUND: Document (projects/demo-cadence/databases/(default)/documents/users/SLRiQEoPyADuPn2jKCX48Vk2SaaJ) not found.\n"}}
[debug] [2026-08-30T04:11:26.218Z] Aug 29, 2026 9:11:26 PM com.google.cloud.datastore.emulator.impl.util.WrappedStreamObserver onError
WARNING: Operation failed: entity already exists: EntityRef{partitionRef=dev~demo-cadence, path=/handles/rileychen}
com.google.cloud.datastore.core.exception.DatastoreException: entity already exists: EntityRef{partitionRef=dev~demo-cadence, path=/handles/rileychen}
	at com.google.cloud.datastore.core.exception.DatastoreException.withProblem(DatastoreException.java:207)
	at com.google.cloud.datastore.emulator.impl.util.FirestoreEmulatorConverters.alreadyExists(FirestoreEmulatorConverters.java:725)
	at com.google.cloud.datastore.emulator.impl.util.FirestoreEmulatorConverters.checkMutation(FirestoreEmulatorConverters.java:211)
	at com.google.cloud.datastore.emulator.impl.firestore.FirestoreEmulatorHelper.commitHelper(FirestoreEmulatorHelper.java:365)
	at com.google.cloud.datastore.emulator.impl.firestore.FirestoreEmulatorHelper.internalCommit(FirestoreEmulatorHelper.java:314)
	at com.google.cloud.datastore.emulator.impl.firestore.CloudFirestoreV1.internalCommit(CloudFirestoreV1.java:1077)
	at com.google.cloud.datastore.emulator.impl.firestore.CloudFirestoreV1.updateDocument(CloudFirestoreV1.java:458)
	at com.google.cloud.datastore.emulator.impl.firestore.CloudFirestoreV1Router.updateDocument(CloudFirestoreV1Router.java:149)
	at com.google.cloud.datastore.emulator.firestore.v1.FirestoreV1GrpcAdapter$1.lambda$updateDocument$4(FirestoreV1GrpcAdapter.java:132)
	at com.google.cloud.datastore.emulator.firestore.v1.FirestoreV1GrpcAdapter.unary(FirestoreV1GrpcAdapter.java:72)
	at com.google.cloud.datastore.emulator.firestore.v1.FirestoreV1GrpcAdapter$1.updateDocument(FirestoreV1GrpcAdapter.java:132)
	at com.google.firestore.v1.FirestoreGrpc$MethodHandlers.invoke(FirestoreGrpc.java:1218)
	at io.grpc.stub.ServerCalls$UnaryServerCallHandler$UnaryServerCallListener.onHalfClose(ServerCalls.java:182)
	at io.grpc.PartialForwardingServerCallListener.onHalfClose(PartialForwardingServerCallListener.java:35)
	at io.grpc.ForwardingServerCallListener.onHalfClose(ForwardingServerCallListener.java:23)
	at io.grpc.ForwardingServerCallListener$SimpleForwardingServerCallListener.onHalfClose(ForwardingServerCallListener.java:40)
	at io.grpc.Contexts$ContextualizedServerCallListener.onHalfClose(Contexts.java:86)
	at io.grpc.PartialForwardingServerCallListener.onHalfClose(PartialForwardingServerCallListener.java:35)
	at io.grpc.ForwardingServerCallListener.onHalfClose(ForwardingServerCallListener.java:23)
	at io.grpc.ForwardingServerCallListener$SimpleForwardingServerCallListener.onHalfClose(ForwardingServerCallListener.java:40)
	at io.grpc.Contexts$ContextualizedServerCallListener.onHalfClose(Contexts.java:86)
	at io.grpc.internal.ServerCallImpl$ServerStreamListenerImpl.halfClosed(ServerCallImpl.java:356)
	at io.grpc.internal.ServerImpl$JumpToApplicationThreadServerStreamListener$1HalfClosed.runInContext(ServerImpl.java:861)
	at io.grpc.internal.ContextRunnable.run(ContextRunnable.java:37)
	at io.grpc.internal.SerializingExecutor.run(SerializingExecutor.java:133)
	at java.base/java.util.concurrent.ThreadPoolExecutor.runWorker(ThreadPoolExecutor.java:1144)
	at java.base/java.util.concurrent.ThreadPoolExecutor$Worker.run(ThreadPoolExecutor.java:642)
	at java.base/java.lang.Thread.run(Thread.java:1583)

 {"metadata":{"emulator":{"name":"firestore"},"message":"Aug 29, 2026 9:11:26 PM com.google.cloud.datastore.emulator.impl.util.WrappedStreamObserver onError\nWARNING: Operation failed: entity already exists: EntityRef{partitionRef=dev~demo-cadence, path=/handles/rileychen}\ncom.google.cloud.datastore.core.exception.DatastoreException: entity already exists: EntityRef{partitionRef=dev~demo-cadence, path=/handles/rileychen}\n\tat com.google.cloud.datastore.core.exception.DatastoreException.withProblem(DatastoreException.java:207)\n\tat com.google.cloud.datastore.emulator.impl.util.FirestoreEmulatorConverters.alreadyExists(FirestoreEmulatorConverters.java:725)\n\tat com.google.cloud.datastore.emulator.impl.util.FirestoreEmulatorConverters.checkMutation(FirestoreEmulatorConverters.java:211)\n\tat com.google.cloud.datastore.emulator.impl.firestore.FirestoreEmulatorHelper.commitHelper(FirestoreEmulatorHelper.java:365)\n\tat com.google.cloud.datastore.emulator.impl.firestore.FirestoreEmulatorHelper.internalCommit(FirestoreEmulatorHelper.java:314)\n\tat com.google.cloud.datastore.emulator.impl.firestore.CloudFirestoreV1.internalCommit(CloudFirestoreV1.java:1077)\n\tat com.google.cloud.datastore.emulator.impl.firestore.CloudFirestoreV1.updateDocument(CloudFirestoreV1.java:458)\n\tat com.google.cloud.datastore.emulator.impl.firestore.CloudFirestoreV1Router.updateDocument(CloudFirestoreV1Router.java:149)\n\tat com.google.cloud.datastore.emulator.firestore.v1.FirestoreV1GrpcAdapter$1.lambda$updateDocument$4(FirestoreV1GrpcAdapter.java:132)\n\tat com.google.cloud.datastore.emulator.firestore.v1.FirestoreV1GrpcAdapter.unary(FirestoreV1GrpcAdapter.java:72)\n\tat com.google.cloud.datastore.emulator.firestore.v1.FirestoreV1GrpcAdapter$1.updateDocument(FirestoreV1GrpcAdapter.java:132)\n\tat com.google.firestore.v1.FirestoreGrpc$MethodHandlers.invoke(FirestoreGrpc.java:1218)\n\tat io.grpc.stub.ServerCalls$UnaryServerCallHandler$UnaryServerCallListener.onHalfClose(ServerCalls.java:182)\n\tat io.grpc.PartialForwardingServerCallListener.onHalfClose(PartialForwardingServerCallListener.java:35)\n\tat io.grpc.ForwardingServerCallListener.onHalfClose(ForwardingServerCallListener.java:23)\n\tat io.grpc.ForwardingServerCallListener$SimpleForwardingServerCallListener.onHalfClose(ForwardingServerCallListener.java:40)\n\tat io.grpc.Contexts$ContextualizedServerCallListener.onHalfClose(Contexts.java:86)\n\tat io.grpc.PartialForwardingServerCallListener.onHalfClose(PartialForwardingServerCallListener.java:35)\n\tat io.grpc.ForwardingServerCallListener.onHalfClose(ForwardingServerCallListener.java:23)\n\tat io.grpc.ForwardingServerCallListener$SimpleForwardingServerCallListener.onHalfClose(ForwardingServerCallListener.java:40)\n\tat io.grpc.Contexts$ContextualizedServerCallListener.onHalfClose(Contexts.java:86)\n\tat io.grpc.internal.ServerCallImpl$ServerStreamListenerImpl.halfClosed(ServerCallImpl.java:356)\n\tat io.grpc.internal.ServerImpl$JumpToApplicationThreadServerStreamListener$1HalfClosed.runInContext(ServerImpl.java:861)\n\tat io.grpc.internal.ContextRunnable.run(ContextRunnable.java:37)\n\tat io.grpc.internal.SerializingExecutor.run(SerializingExecutor.java:133)\n\tat java.base/java.util.concurrent.ThreadPoolExecutor.runWorker(ThreadPoolExecutor.java:1144)\n\tat java.base/java.util.concurrent.ThreadPoolExecutor$Worker.run(ThreadPoolExecutor.java:642)\n\tat java.base/java.lang.Thread.run(Thread.java:1583)\n\n"}}
[debug] [2026-08-30T04:11:26.218Z] Aug 29, 2026 9:11:26 PM io.gapi.emulators.netty.HttpHandler$1 onError
INFO: Exception when handling request: ALREADY_EXISTS: entity already exists: EntityRef{partitionRef=dev~demo-cadence, path=/handles/rileychen}
 {"metadata":{"emulator":{"name":"firestore"},"message":"Aug 29, 2026 9:11:26 PM io.gapi.emulators.netty.HttpHandler$1 onError\nINFO: Exception when handling request: ALREADY_EXISTS: entity already exists: EntityRef{partitionRef=dev~demo-cadence, path=/handles/rileychen}\n"}}
[debug] [2026-08-30T04:11:26.238Z] Aug 29, 2026 9:11:26 PM com.google.cloud.datastore.emulator.impl.util.WrappedStreamObserver onError
WARNING: Operation failed: Document (projects/demo-cadence/databases/(default)/documents/handles/nobodyhere) not found.
com.google.cloud.datastore.core.exception.DatastoreException: Document (projects/demo-cadence/databases/(default)/documents/handles/nobodyhere) not found.
	at com.google.cloud.datastore.emulator.impl.firestore.CloudFirestoreV1.getDocument(CloudFirestoreV1.java:335)
	at com.google.cloud.datastore.emulator.impl.firestore.CloudFirestoreV1Router.getDocument(CloudFirestoreV1Router.java:129)
	at com.google.cloud.datastore.emulator.impl.firestore.CloudFirestoreV1Router.getOrListDocuments(CloudFirestoreV1Router.java:123)
	at com.google.cloud.datastore.emulator.firestore.v1.FirestoreV1GrpcAdapter$1.lambda$getOrListDocuments$0(FirestoreV1GrpcAdapter.java:108)
	at com.google.cloud.datastore.emulator.firestore.v1.FirestoreV1GrpcAdapter.unary(FirestoreV1GrpcAdapter.java:72)
	at com.google.cloud.datastore.emulator.firestore.v1.FirestoreV1GrpcAdapter$1.getOrListDocuments(FirestoreV1GrpcAdapter.java:108)
	at com.google.firestore.v1.FirestoreGrpc$MethodHandlers.invoke(FirestoreGrpc.java:1206)
	at io.grpc.stub.ServerCalls$UnaryServerCallHandler$UnaryServerCallListener.onHalfClose(ServerCalls.java:182)
	at io.grpc.PartialForwardingServerCallListener.onHalfClose(PartialForwardingServerCallListener.java:35)
	at io.grpc.ForwardingServerCallListener.onHalfClose(ForwardingServerCallListener.java:23)
	at io.grpc.ForwardingServerCallListener$SimpleForwardingServerCallListener.onHalfClose(ForwardingServerCallListener.java:40)
	at io.grpc.Contexts$ContextualizedServerCallListener.onHalfClose(Contexts.java:86)
	at io.grpc.PartialForwardingServerCallListener.onHalfClose(PartialForwardingServerCallListener.java:35)
	at io.grpc.ForwardingServerCallListener.onHalfClose(ForwardingServerCallListener.java:23)
	at io.grpc.ForwardingServerCallListener$SimpleForwardingServerCallListener.onHalfClose(ForwardingServerCallListener.java:40)
	at io.grpc.Contexts$ContextualizedServerCallListener.onHalfClose(Contexts.java:86)
	at io.grpc.internal.ServerCallImpl$ServerStreamListenerImpl.halfClosed(ServerCallImpl.java:356)
	at io.grpc.internal.ServerImpl$JumpToApplicationThreadServerStreamListener$1HalfClosed.runInContext(ServerImpl.java:861)
	at io.grpc.internal.ContextRunnable.run(ContextRunnable.java:37)
	at io.grpc.internal.SerializingExecutor.run(SerializingExecutor.java:133)
	at java.base/java.util.concurrent.ThreadPoolExecutor.runWorker(ThreadPoolExecutor.java:1144)
	at java.base/java.util.concurrent.ThreadPoolExecutor$Worker.run(ThreadPoolExecutor.java:642)
	at java.base/java.lang.Thread.run(Thread.java:1583)

 {"metadata":{"emulator":{"name":"firestore"},"message":"Aug 29, 2026 9:11:26 PM com.google.cloud.datastore.emulator.impl.util.WrappedStreamObserver onError\nWARNING: Operation failed: Document (projects/demo-cadence/databases/(default)/documents/handles/nobodyhere) not found.\ncom.google.cloud.datastore.core.exception.DatastoreException: Document (projects/demo-cadence/databases/(default)/documents/handles/nobodyhere) not found.\n\tat com.google.cloud.datastore.emulator.impl.firestore.CloudFirestoreV1.getDocument(CloudFirestoreV1.java:335)\n\tat com.google.cloud.datastore.emulator.impl.firestore.CloudFirestoreV1Router.getDocument(CloudFirestoreV1Router.java:129)\n\tat com.google.cloud.datastore.emulator.impl.firestore.CloudFirestoreV1Router.getOrListDocuments(CloudFirestoreV1Router.java:123)\n\tat com.google.cloud.datastore.emulator.firestore.v1.FirestoreV1GrpcAdapter$1.lambda$getOrListDocuments$0(FirestoreV1GrpcAdapter.java:108)\n\tat com.google.cloud.datastore.emulator.firestore.v1.FirestoreV1GrpcAdapter.unary(FirestoreV1GrpcAdapter.java:72)\n\tat com.google.cloud.datastore.emulator.firestore.v1.FirestoreV1GrpcAdapter$1.getOrListDocuments(FirestoreV1GrpcAdapter.java:108)\n\tat com.google.firestore.v1.FirestoreGrpc$MethodHandlers.invoke(FirestoreGrpc.java:1206)\n\tat io.grpc.stub.ServerCalls$UnaryServerCallHandler$UnaryServerCallListener.onHalfClose(ServerCalls.java:182)\n\tat io.grpc.PartialForwardingServerCallListener.onHalfClose(PartialForwardingServerCallListener.java:35)\n\tat io.grpc.ForwardingServerCallListener.onHalfClose(ForwardingServerCallListener.java:23)\n\tat io.grpc.ForwardingServerCallListener$SimpleForwardingServerCallListener.onHalfClose(ForwardingServerCallListener.java:40)\n\tat io.grpc.Contexts$ContextualizedServerCallListener.onHalfClose(Contexts.java:86)\n\tat io.grpc.PartialForwardingServerCallListener.onHalfClose(PartialForwardingServerCallListener.java:35)\n\tat io.grpc.ForwardingServerCallListener.onHalfClose(ForwardingServerCallListener.java:23)\n\tat io.grpc.ForwardingServerCallListener$SimpleForwardingServerCallListener.onHalfClose(ForwardingServerCallListener.java:40)\n\tat io.grpc.Contexts$ContextualizedServerCallListener.onHalfClose(Contexts.java:86)\n\tat io.grpc.internal.ServerCallImpl$ServerStreamListenerImpl.halfClosed(ServerCallImpl.java:356)\n\tat io.grpc.internal.ServerImpl$JumpToApplicationThreadServerStreamListener$1HalfClosed.runInContext(ServerImpl.java:861)\n\tat io.grpc.internal.ContextRunnable.run(ContextRunnable.java:37)\n\tat io.grpc.internal.SerializingExecutor.run(SerializingExecutor.java:133)\n\tat java.base/java.util.concurrent.ThreadPoolExecutor.runWorker(ThreadPoolExecutor.java:1144)\n\tat java.base/java.util.concurrent.ThreadPoolExecutor$Worker.run(ThreadPoolExecutor.java:642)\n\tat java.base/java.lang.Thread.run(Thread.java:1583)\n\n"}}
[debug] [2026-08-30T04:11:26.238Z] Aug 29, 2026 9:11:26 PM io.gapi.emulators.netty.HttpHandler$1 onError
INFO: Exception when handling request: NOT_FOUND: Document (projects/demo-cadence/databases/(default)/documents/handles/nobodyhere) not found.
 {"metadata":{"emulator":{"name":"firestore"},"message":"Aug 29, 2026 9:11:26 PM io.gapi.emulators.netty.HttpHandler$1 onError\nINFO: Exception when handling request: NOT_FOUND: Document (projects/demo-cadence/databases/(default)/documents/handles/nobodyhere) not found.\n"}}
[debug] [2026-08-30T04:11:26.254Z] Aug 29, 2026 9:11:26 PM com.google.cloud.datastore.emulator.impl.util.WrappedStreamObserver onError
WARNING: Operation failed: Document (projects/demo-cadence/databases/(default)/documents/friends/1jFJgXORBzTF48LMRtgYShFH7pzx/list/KOFG5v7BohtFN7bCMoAq27stniyV) not found.
com.google.cloud.datastore.core.exception.DatastoreException: Document (projects/demo-cadence/databases/(default)/documents/friends/1jFJgXORBzTF48LMRtgYShFH7pzx/list/KOFG5v7BohtFN7bCMoAq27stniyV) not found.
	at com.google.cloud.datastore.emulator.impl.firestore.CloudFirestoreV1.getDocument(CloudFirestoreV1.java:335)
	at com.google.cloud.datastore.emulator.impl.firestore.CloudFirestoreV1Router.getDocument(CloudFirestoreV1Router.java:129)
	at com.google.cloud.datastore.emulator.impl.firestore.CloudFirestoreV1Router.getOrListDocuments(CloudFirestoreV1Router.java:123)
	at com.google.cloud.datastore.emulator.firestore.v1.FirestoreV1GrpcAdapter$1.lambda$getOrListDocuments$0(FirestoreV1GrpcAdapter.java:108)
	at com.google.cloud.datastore.emulator.firestore.v1.FirestoreV1GrpcAdapter.unary(FirestoreV1GrpcAdapter.java:72)
	at com.google.cloud.datastore.emulator.firestore.v1.FirestoreV1GrpcAdapter$1.getOrListDocuments(FirestoreV1GrpcAdapter.java:108)
	at com.google.firestore.v1.FirestoreGrpc$MethodHandlers.invoke(FirestoreGrpc.java:1206)
	at io.grpc.stub.ServerCalls$UnaryServerCallHandler$UnaryServerCallListener.onHalfClose(ServerCalls.java:182)
	at io.grpc.PartialForwardingServerCallListener.onHalfClose(PartialForwardingServerCallListener.java:35)
	at io.grpc.ForwardingServerCallListener.onHalfClose(ForwardingServerCallListener.java:23)
	at io.grpc.ForwardingServerCallListener$SimpleForwardingServerCallListener.onHalfClose(ForwardingServerCallListener.java:40)
	at io.grpc.Contexts$ContextualizedServerCallListener.onHalfClose(Contexts.java:86)
	at io.grpc.PartialForwardingServerCallListener.onHalfClose(PartialForwardingServerCallListener.java:35)
	at io.grpc.ForwardingServerCallListener.onHalfClose(ForwardingServerCallListener.java:23)
	at io.grpc.ForwardingServerCallListener$SimpleForwardingServerCallListener.onHalfClose(ForwardingServerCallListener.java:40)
	at io.grpc.Contexts$ContextualizedServerCallListener.onHalfClose(Contexts.java:86)
	at io.grpc.internal.ServerCallImpl$ServerStreamListenerImpl.halfClosed(ServerCallImpl.java:356)
	at io.grpc.internal.ServerImpl$JumpToApplicationThreadServerStreamListener$1HalfClosed.runInContext(ServerImpl.java:861)
	at io.grpc.internal.ContextRunnable.run(ContextRunnable.java:37)
	at io.grpc.internal.SerializingExecutor.run(SerializingExecutor.java:133)
	at java.base/java.util.concurrent.ThreadPoolExecutor.runWorker(ThreadPoolExecutor.java:1144)
	at java.base/java.util.concurrent.ThreadPoolExecutor$Worker.run(ThreadPoolExecutor.java:642)
	at java.base/java.lang.Thread.run(Thread.java:1583)

 {"metadata":{"emulator":{"name":"firestore"},"message":"Aug 29, 2026 9:11:26 PM com.google.cloud.datastore.emulator.impl.util.WrappedStreamObserver onError\nWARNING: Operation failed: Document (projects/demo-cadence/databases/(default)/documents/friends/1jFJgXORBzTF48LMRtgYShFH7pzx/list/KOFG5v7BohtFN7bCMoAq27stniyV) not found.\ncom.google.cloud.datastore.core.exception.DatastoreException: Document (projects/demo-cadence/databases/(default)/documents/friends/1jFJgXORBzTF48LMRtgYShFH7pzx/list/KOFG5v7BohtFN7bCMoAq27stniyV) not found.\n\tat com.google.cloud.datastore.emulator.impl.firestore.CloudFirestoreV1.getDocument(CloudFirestoreV1.java:335)\n\tat com.google.cloud.datastore.emulator.impl.firestore.CloudFirestoreV1Router.getDocument(CloudFirestoreV1Router.java:129)\n\tat com.google.cloud.datastore.emulator.impl.firestore.CloudFirestoreV1Router.getOrListDocuments(CloudFirestoreV1Router.java:123)\n\tat com.google.cloud.datastore.emulator.firestore.v1.FirestoreV1GrpcAdapter$1.lambda$getOrListDocuments$0(FirestoreV1GrpcAdapter.java:108)\n\tat com.google.cloud.datastore.emulator.firestore.v1.FirestoreV1GrpcAdapter.unary(FirestoreV1GrpcAdapter.java:72)\n\tat com.google.cloud.datastore.emulator.firestore.v1.FirestoreV1GrpcAdapter$1.getOrListDocuments(FirestoreV1GrpcAdapter.java:108)\n\tat com.google.firestore.v1.FirestoreGrpc$MethodHandlers.invoke(FirestoreGrpc.java:1206)\n\tat io.grpc.stub.ServerCalls$UnaryServerCallHandler$UnaryServerCallListener.onHalfClose(ServerCalls.java:182)\n\tat io.grpc.PartialForwardingServerCallListener.onHalfClose(PartialForwardingServerCallListener.java:35)\n\tat io.grpc.ForwardingServerCallListener.onHalfClose(ForwardingServerCallListener.java:23)\n\tat io.grpc.ForwardingServerCallListener$SimpleForwardingServerCallListener.onHalfClose(ForwardingServerCallListener.java:40)\n\tat io.grpc.Contexts$ContextualizedServerCallListener.onHalfClose(Contexts.java:86)\n\tat io.grpc.PartialForwardingServerCallListener.onHalfClose(PartialForwardingServerCallListener.java:35)\n\tat io.grpc.ForwardingServerCallListener.onHalfClose(ForwardingServerCallListener.java:23)\n\tat io.grpc.ForwardingServerCallListener$SimpleForwardingServerCallListener.onHalfClose(ForwardingServerCallListener.java:40)\n\tat io.grpc.Contexts$ContextualizedServerCallListener.onHalfClose(Contexts.java:86)\n\tat io.grpc.internal.ServerCallImpl$ServerStreamListenerImpl.halfClosed(ServerCallImpl.java:356)\n\tat io.grpc.internal.ServerImpl$JumpToApplicationThreadServerStreamListener$1HalfClosed.runInContext(ServerImpl.java:861)\n\tat io.grpc.internal.ContextRunnable.run(ContextRunnable.java:37)\n\tat io.grpc.internal.SerializingExecutor.run(SerializingExecutor.java:133)\n\tat java.base/java.util.concurrent.ThreadPoolExecutor.runWorker(ThreadPoolExecutor.java:1144)\n\tat java.base/java.util.concurrent.ThreadPoolExecutor$Worker.run(ThreadPoolExecutor.java:642)\n\tat java.base/java.lang.Thread.run(Thread.java:1583)\n\n"}}
[debug] [2026-08-30T04:11:26.255Z] Aug 29, 2026 9:11:26 PM io.gapi.emulators.netty.HttpHandler$1 onError
INFO: Exception when handling request: NOT_FOUND: Document (projects/demo-cadence/databases/(default)/documents/friends/1jFJgXORBzTF48LMRtgYShFH7pzx/list/KOFG5v7BohtFN7bCMoAq27stniyV) not found.
 {"metadata":{"emulator":{"name":"firestore"},"message":"Aug 29, 2026 9:11:26 PM io.gapi.emulators.netty.HttpHandler$1 onError\nINFO: Exception when handling request: NOT_FOUND: Document (projects/demo-cadence/databases/(default)/documents/friends/1jFJgXORBzTF48LMRtgYShFH7pzx/list/KOFG5v7BohtFN7bCMoAq27stniyV) not found.\n"}}
[debug] [2026-08-30T04:11:26.258Z] Aug 29, 2026 9:11:26 PM com.google.cloud.datastore.emulator.impl.util.WrappedStreamObserver onError
WARNING: Operation failed: Document (projects/demo-cadence/databases/(default)/documents/users/1jFJgXORBzTF48LMRtgYShFH7pzx/requests/KOFG5v7BohtFN7bCMoAq27stniyV) not found.
com.google.cloud.datastore.core.exception.DatastoreException: Document (projects/demo-cadence/databases/(default)/documents/users/1jFJgXORBzTF48LMRtgYShFH7pzx/requests/KOFG5v7BohtFN7bCMoAq27stniyV) not found.
	at com.google.cloud.datastore.emulator.impl.firestore.CloudFirestoreV1.getDocument(CloudFirestoreV1.java:335)
	at com.google.cloud.datastore.emulator.impl.firestore.CloudFirestoreV1Router.getDocument(CloudFirestoreV1Router.java:129)
	at com.google.cloud.datastore.emulator.impl.firestore.CloudFirestoreV1Router.getOrListDocuments(CloudFirestoreV1Router.java:123)
	at com.google.cloud.datastore.emulator.firestore.v1.FirestoreV1GrpcAdapter$1.lambda$getOrListDocuments$0(FirestoreV1GrpcAdapter.java:108)
	at com.google.cloud.datastore.emulator.firestore.v1.FirestoreV1GrpcAdapter.unary(FirestoreV1GrpcAdapter.java:72)
	at com.google.cloud.datastore.emulator.firestore.v1.FirestoreV1GrpcAdapter$1.getOrListDocuments(FirestoreV1GrpcAdapter.java:108)
	at com.google.firestore.v1.FirestoreGrpc$MethodHandlers.invoke(FirestoreGrpc.java:1206)
	at io.grpc.stub.ServerCalls$UnaryServerCallHandler$UnaryServerCallListener.onHalfClose(ServerCalls.java:182)
	at io.grpc.PartialForwardingServerCallListener.onHalfClose(PartialForwardingServerCallListener.java:35)
	at io.grpc.ForwardingServerCallListener.onHalfClose(ForwardingServerCallListener.java:23)
	at io.grpc.ForwardingServerCallListener$SimpleForwardingServerCallListener.onHalfClose(ForwardingServerCallListener.java:40)
	at io.grpc.Contexts$ContextualizedServerCallListener.onHalfClose(Contexts.java:86)
	at io.grpc.PartialForwardingServerCallListener.onHalfClose(PartialForwardingServerCallListener.java:35)
	at io.grpc.ForwardingServerCallListener.onHalfClose(ForwardingServerCallListener.java:23)
	at io.grpc.ForwardingServerCallListener$SimpleForwardingServerCallListener.onHalfClose(ForwardingServerCallListener.java:40)
	at io.grpc.Contexts$ContextualizedServerCallListener.onHalfClose(Contexts.java:86)
	at io.grpc.internal.ServerCallImpl$ServerStreamListenerImpl.halfClosed(ServerCallImpl.java:356)
	at io.grpc.internal.ServerImpl$JumpToApplicationThreadServerStreamListener$1HalfClosed.runInContext(ServerImpl.java:861)
	at io.grpc.internal.ContextRunnable.run(ContextRunnable.java:37)
	at io.grpc.internal.SerializingExecutor.run(SerializingExecutor.java:133)
	at java.base/java.util.concurrent.ThreadPoolExecutor.runWorker(ThreadPoolExecutor.java:1144)
	at java.base/java.util.concurrent.ThreadPoolExecutor$Worker.run(ThreadPoolExecutor.java:642)
	at java.base/java.lang.Thread.run(Thread.java:1583)

 {"metadata":{"emulator":{"name":"firestore"},"message":"Aug 29, 2026 9:11:26 PM com.google.cloud.datastore.emulator.impl.util.WrappedStreamObserver onError\nWARNING: Operation failed: Document (projects/demo-cadence/databases/(default)/documents/users/1jFJgXORBzTF48LMRtgYShFH7pzx/requests/KOFG5v7BohtFN7bCMoAq27stniyV) not found.\ncom.google.cloud.datastore.core.exception.DatastoreException: Document (projects/demo-cadence/databases/(default)/documents/users/1jFJgXORBzTF48LMRtgYShFH7pzx/requests/KOFG5v7BohtFN7bCMoAq27stniyV) not found.\n\tat com.google.cloud.datastore.emulator.impl.firestore.CloudFirestoreV1.getDocument(CloudFirestoreV1.java:335)\n\tat com.google.cloud.datastore.emulator.impl.firestore.CloudFirestoreV1Router.getDocument(CloudFirestoreV1Router.java:129)\n\tat com.google.cloud.datastore.emulator.impl.firestore.CloudFirestoreV1Router.getOrListDocuments(CloudFirestoreV1Router.java:123)\n\tat com.google.cloud.datastore.emulator.firestore.v1.FirestoreV1GrpcAdapter$1.lambda$getOrListDocuments$0(FirestoreV1GrpcAdapter.java:108)\n\tat com.google.cloud.datastore.emulator.firestore.v1.FirestoreV1GrpcAdapter.unary(FirestoreV1GrpcAdapter.java:72)\n\tat com.google.cloud.datastore.emulator.firestore.v1.FirestoreV1GrpcAdapter$1.getOrListDocuments(FirestoreV1GrpcAdapter.java:108)\n\tat com.google.firestore.v1.FirestoreGrpc$MethodHandlers.invoke(FirestoreGrpc.java:1206)\n\tat io.grpc.stub.ServerCalls$UnaryServerCallHandler$UnaryServerCallListener.onHalfClose(ServerCalls.java:182)\n\tat io.grpc.PartialForwardingServerCallListener.onHalfClose(PartialForwardingServerCallListener.java:35)\n\tat io.grpc.ForwardingServerCallListener.onHalfClose(ForwardingServerCallListener.java:23)\n\tat io.grpc.ForwardingServerCallListener$SimpleForwardingServerCallListener.onHalfClose(ForwardingServerCallListener.java:40)\n\tat io.grpc.Contexts$ContextualizedServerCallListener.onHalfClose(Contexts.java:86)\n\tat io.grpc.PartialForwardingServerCallListener.onHalfClose(PartialForwardingServerCallListener.java:35)\n\tat io.grpc.ForwardingServerCallListener.onHalfClose(ForwardingServerCallListener.java:23)\n\tat io.grpc.ForwardingServerCallListener$SimpleForwardingServerCallListener.onHalfClose(ForwardingServerCallListener.java:40)\n\tat io.grpc.Contexts$ContextualizedServerCallListener.onHalfClose(Contexts.java:86)\n\tat io.grpc.internal.ServerCallImpl$ServerStreamListenerImpl.halfClosed(ServerCallImpl.java:356)\n\tat io.grpc.internal.ServerImpl$JumpToApplicationThreadServerStreamListener$1HalfClosed.runInContext(ServerImpl.java:861)\n\tat io.grpc.internal.ContextRunnable.run(ContextRunnable.java:37)\n\tat io.grpc.internal.SerializingExecutor.run(SerializingExecutor.java:133)\n\tat java.base/java.util.concurrent.ThreadPoolExecutor.runWorker(ThreadPoolExecutor.java:1144)\n\tat java.base/java.util.concurrent.ThreadPoolExecutor$Worker.run(ThreadPoolExecutor.java:642)\n\tat java.base/java.lang.Thread.run(Thread.java:1583)\n\n"}}
[debug] [2026-08-30T04:11:26.258Z] Aug 29, 2026 9:11:26 PM io.gapi.emulators.netty.HttpHandler$1 onError
INFO: Exception when handling request: NOT_FOUND: Document (projects/demo-cadence/databases/(default)/documents/users/1jFJgXORBzTF48LMRtgYShFH7pzx/requests/KOFG5v7BohtFN7bCMoAq27stniyV) not found.
 {"metadata":{"emulator":{"name":"firestore"},"message":"Aug 29, 2026 9:11:26 PM io.gapi.emulators.netty.HttpHandler$1 onError\nINFO: Exception when handling request: NOT_FOUND: Document (projects/demo-cadence/databases/(default)/documents/users/1jFJgXORBzTF48LMRtgYShFH7pzx/requests/KOFG5v7BohtFN7bCMoAq27stniyV) not found.\n"}}
[debug] [2026-08-30T04:11:26.261Z] Aug 29, 2026 9:11:26 PM com.google.cloud.datastore.emulator.impl.util.WrappedStreamObserver onError
WARNING: Operation failed: Document (projects/demo-cadence/databases/(default)/documents/users/KOFG5v7BohtFN7bCMoAq27stniyV/requests/1jFJgXORBzTF48LMRtgYShFH7pzx) not found.
com.google.cloud.datastore.core.exception.DatastoreException: Document (projects/demo-cadence/databases/(default)/documents/users/KOFG5v7BohtFN7bCMoAq27stniyV/requests/1jFJgXORBzTF48LMRtgYShFH7pzx) not found.
	at com.google.cloud.datastore.emulator.impl.firestore.CloudFirestoreV1.getDocument(CloudFirestoreV1.java:335)
	at com.google.cloud.datastore.emulator.impl.firestore.CloudFirestoreV1Router.getDocument(CloudFirestoreV1Router.java:129)
	at com.google.cloud.datastore.emulator.impl.firestore.CloudFirestoreV1Router.getOrListDocuments(CloudFirestoreV1Router.java:123)
	at com.google.cloud.datastore.emulator.firestore.v1.FirestoreV1GrpcAdapter$1.lambda$getOrListDocuments$0(FirestoreV1GrpcAdapter.java:108)
	at com.google.cloud.datastore.emulator.firestore.v1.FirestoreV1GrpcAdapter.unary(FirestoreV1GrpcAdapter.java:72)
	at com.google.cloud.datastore.emulator.firestore.v1.FirestoreV1GrpcAdapter$1.getOrListDocuments(FirestoreV1GrpcAdapter.java:108)
	at com.google.firestore.v1.FirestoreGrpc$MethodHandlers.invoke(FirestoreGrpc.java:1206)
	at io.grpc.stub.ServerCalls$UnaryServerCallHandler$UnaryServerCallListener.onHalfClose(ServerCalls.java:182)
	at io.grpc.PartialForwardingServerCallListener.onHalfClose(PartialForwardingServerCallListener.java:35)
	at io.grpc.ForwardingServerCallListener.onHalfClose(ForwardingServerCallListener.java:23)
	at io.grpc.ForwardingServerCallListener$SimpleForwardingServerCallListener.onHalfClose(ForwardingServerCallListener.java:40)
	at io.grpc.Contexts$ContextualizedServerCallListener.onHalfClose(Contexts.java:86)
	at io.grpc.PartialForwardingServerCallListener.onHalfClose(PartialForwardingServerCallListener.java:35)
	at io.grpc.ForwardingServerCallListener.onHalfClose(ForwardingServerCallListener.java:23)
	at io.grpc.ForwardingServerCallListener$SimpleForwardingServerCallListener.onHalfClose(ForwardingServerCallListener.java:40)
	at io.grpc.Contexts$ContextualizedServerCallListener.onHalfClose(Contexts.java:86)
	at io.grpc.internal.ServerCallImpl$ServerStreamListenerImpl.halfClosed(ServerCallImpl.java:356)
	at io.grpc.internal.ServerImpl$JumpToApplicationThreadServerStreamListener$1HalfClosed.runInContext(ServerImpl.java:861)
	at io.grpc.internal.ContextRunnable.run(ContextRunnable.java:37)
	at io.grpc.internal.SerializingExecutor.run(SerializingExecutor.java:133)
	at java.base/java.util.concurrent.ThreadPoolExecutor.runWorker(ThreadPoolExecutor.java:1144)
	at java.base/java.util.concurrent.ThreadPoolExecutor$Worker.run(ThreadPoolExecutor.java:642)
	at java.base/java.lang.Thread.run(Thread.java:1583)

 {"metadata":{"emulator":{"name":"firestore"},"message":"Aug 29, 2026 9:11:26 PM com.google.cloud.datastore.emulator.impl.util.WrappedStreamObserver onError\nWARNING: Operation failed: Document (projects/demo-cadence/databases/(default)/documents/users/KOFG5v7BohtFN7bCMoAq27stniyV/requests/1jFJgXORBzTF48LMRtgYShFH7pzx) not found.\ncom.google.cloud.datastore.core.exception.DatastoreException: Document (projects/demo-cadence/databases/(default)/documents/users/KOFG5v7BohtFN7bCMoAq27stniyV/requests/1jFJgXORBzTF48LMRtgYShFH7pzx) not found.\n\tat com.google.cloud.datastore.emulator.impl.firestore.CloudFirestoreV1.getDocument(CloudFirestoreV1.java:335)\n\tat com.google.cloud.datastore.emulator.impl.firestore.CloudFirestoreV1Router.getDocument(CloudFirestoreV1Router.java:129)\n\tat com.google.cloud.datastore.emulator.impl.firestore.CloudFirestoreV1Router.getOrListDocuments(CloudFirestoreV1Router.java:123)\n\tat com.google.cloud.datastore.emulator.firestore.v1.FirestoreV1GrpcAdapter$1.lambda$getOrListDocuments$0(FirestoreV1GrpcAdapter.java:108)\n\tat com.google.cloud.datastore.emulator.firestore.v1.FirestoreV1GrpcAdapter.unary(FirestoreV1GrpcAdapter.java:72)\n\tat com.google.cloud.datastore.emulator.firestore.v1.FirestoreV1GrpcAdapter$1.getOrListDocuments(FirestoreV1GrpcAdapter.java:108)\n\tat com.google.firestore.v1.FirestoreGrpc$MethodHandlers.invoke(FirestoreGrpc.java:1206)\n\tat io.grpc.stub.ServerCalls$UnaryServerCallHandler$UnaryServerCallListener.onHalfClose(ServerCalls.java:182)\n\tat io.grpc.PartialForwardingServerCallListener.onHalfClose(PartialForwardingServerCallListener.java:35)\n\tat io.grpc.ForwardingServerCallListener.onHalfClose(ForwardingServerCallListener.java:23)\n\tat io.grpc.ForwardingServerCallListener$SimpleForwardingServerCallListener.onHalfClose(ForwardingServerCallListener.java:40)\n\tat io.grpc.Contexts$ContextualizedServerCallListener.onHalfClose(Contexts.java:86)\n\tat io.grpc.PartialForwardingServerCallListener.onHalfClose(PartialForwardingServerCallListener.java:35)\n\tat io.grpc.ForwardingServerCallListener.onHalfClose(ForwardingServerCallListener.java:23)\n\tat io.grpc.ForwardingServerCallListener$SimpleForwardingServerCallListener.onHalfClose(ForwardingServerCallListener.java:40)\n\tat io.grpc.Contexts$ContextualizedServerCallListener.onHalfClose(Contexts.java:86)\n\tat io.grpc.internal.ServerCallImpl$ServerStreamListenerImpl.halfClosed(ServerCallImpl.java:356)\n\tat io.grpc.internal.ServerImpl$JumpToApplicationThreadServerStreamListener$1HalfClosed.runInContext(ServerImpl.java:861)\n\tat io.grpc.internal.ContextRunnable.run(ContextRunnable.java:37)\n\tat io.grpc.internal.SerializingExecutor.run(SerializingExecutor.java:133)\n\tat java.base/java.util.concurrent.ThreadPoolExecutor.runWorker(ThreadPoolExecutor.java:1144)\n\tat java.base/java.util.concurrent.ThreadPoolExecutor$Worker.run(ThreadPoolExecutor.java:642)\n\tat java.base/java.lang.Thread.run(Thread.java:1583)\n\n"}}
[debug] [2026-08-30T04:11:26.261Z] Aug 29, 2026 9:11:26 PM io.gapi.emulators.netty.HttpHandler$1 onError
INFO: Exception when handling request: NOT_FOUND: Document (projects/demo-cadence/databases/(default)/documents/users/KOFG5v7BohtFN7bCMoAq27stniyV/requests/1jFJgXORBzTF48LMRtgYShFH7pzx) not found.
 {"metadata":{"emulator":{"name":"firestore"},"message":"Aug 29, 2026 9:11:26 PM io.gapi.emulators.netty.HttpHandler$1 onError\nINFO: Exception when handling request: NOT_FOUND: Document (projects/demo-cadence/databases/(default)/documents/users/KOFG5v7BohtFN7bCMoAq27stniyV/requests/1jFJgXORBzTF48LMRtgYShFH7pzx) not found.\n"}}
[debug] [2026-08-30T04:11:26.280Z] Aug 29, 2026 9:11:26 PM com.google.cloud.datastore.emulator.impl.util.WrappedStreamObserver onError
WARNING: Operation failed: Document (projects/demo-cadence/databases/(default)/documents/friends/1jFJgXORBzTF48LMRtgYShFH7pzx/list/KOFG5v7BohtFN7bCMoAq27stniyV) not found.
com.google.cloud.datastore.core.exception.DatastoreException: Document (projects/demo-cadence/databases/(default)/documents/friends/1jFJgXORBzTF48LMRtgYShFH7pzx/list/KOFG5v7BohtFN7bCMoAq27stniyV) not found.
	at com.google.cloud.datastore.emulator.impl.firestore.CloudFirestoreV1.getDocument(CloudFirestoreV1.java:335)
	at com.google.cloud.datastore.emulator.impl.firestore.CloudFirestoreV1Router.getDocument(CloudFirestoreV1Router.java:129)
	at com.google.cloud.datastore.emulator.impl.firestore.CloudFirestoreV1Router.getOrListDocuments(CloudFirestoreV1Router.java:123)
	at com.google.cloud.datastore.emulator.firestore.v1.FirestoreV1GrpcAdapter$1.lambda$getOrListDocuments$0(FirestoreV1GrpcAdapter.java:108)
	at com.google.cloud.datastore.emulator.firestore.v1.FirestoreV1GrpcAdapter.unary(FirestoreV1GrpcAdapter.java:72)
	at com.google.cloud.datastore.emulator.firestore.v1.FirestoreV1GrpcAdapter$1.getOrListDocuments(FirestoreV1GrpcAdapter.java:108)
	at com.google.firestore.v1.FirestoreGrpc$MethodHandlers.invoke(FirestoreGrpc.java:1206)
	at io.grpc.stub.ServerCalls$UnaryServerCallHandler$UnaryServerCallListener.onHalfClose(ServerCalls.java:182)
	at io.grpc.PartialForwardingServerCallListener.onHalfClose(PartialForwardingServerCallListener.java:35)
	at io.grpc.ForwardingServerCallListener.onHalfClose(ForwardingServerCallListener.java:23)
	at io.grpc.ForwardingServerCallListener$SimpleForwardingServerCallListener.onHalfClose(ForwardingServerCallListener.java:40)
	at io.grpc.Contexts$ContextualizedServerCallListener.onHalfClose(Contexts.java:86)
	at io.grpc.PartialForwardingServerCallListener.onHalfClose(PartialForwardingServerCallListener.java:35)
	at io.grpc.ForwardingServerCallListener.onHalfClose(ForwardingServerCallListener.java:23)
	at io.grpc.ForwardingServerCallListener$SimpleForwardingServerCallListener.onHalfClose(ForwardingServerCallListener.java:40)
	at io.grpc.Contexts$ContextualizedServerCallListener.onHalfClose(Contexts.java:86)
	at io.grpc.internal.ServerCallImpl$ServerStreamListenerImpl.halfClosed(ServerCallImpl.java:356)
	at io.grpc.internal.ServerImpl$JumpToApplicationThreadServerStreamListener$1HalfClosed.runInContext(ServerImpl.java:861)
	at io.grpc.internal.ContextRunnable.run(ContextRunnable.java:37)
	at io.grpc.internal.SerializingExecutor.run(SerializingExecutor.java:133)
	at java.base/java.util.concurrent.ThreadPoolExecutor.runWorker(ThreadPoolExecutor.java:1144)
	at java.base/java.util.concurrent.ThreadPoolExecutor$Worker.run(ThreadPoolExecutor.java:642)
	at java.base/java.lang.Thread.run(Thread.java:1583)

 {"metadata":{"emulator":{"name":"firestore"},"message":"Aug 29, 2026 9:11:26 PM com.google.cloud.datastore.emulator.impl.util.WrappedStreamObserver onError\nWARNING: Operation failed: Document (projects/demo-cadence/databases/(default)/documents/friends/1jFJgXORBzTF48LMRtgYShFH7pzx/list/KOFG5v7BohtFN7bCMoAq27stniyV) not found.\ncom.google.cloud.datastore.core.exception.DatastoreException: Document (projects/demo-cadence/databases/(default)/documents/friends/1jFJgXORBzTF48LMRtgYShFH7pzx/list/KOFG5v7BohtFN7bCMoAq27stniyV) not found.\n\tat com.google.cloud.datastore.emulator.impl.firestore.CloudFirestoreV1.getDocument(CloudFirestoreV1.java:335)\n\tat com.google.cloud.datastore.emulator.impl.firestore.CloudFirestoreV1Router.getDocument(CloudFirestoreV1Router.java:129)\n\tat com.google.cloud.datastore.emulator.impl.firestore.CloudFirestoreV1Router.getOrListDocuments(CloudFirestoreV1Router.java:123)\n\tat com.google.cloud.datastore.emulator.firestore.v1.FirestoreV1GrpcAdapter$1.lambda$getOrListDocuments$0(FirestoreV1GrpcAdapter.java:108)\n\tat com.google.cloud.datastore.emulator.firestore.v1.FirestoreV1GrpcAdapter.unary(FirestoreV1GrpcAdapter.java:72)\n\tat com.google.cloud.datastore.emulator.firestore.v1.FirestoreV1GrpcAdapter$1.getOrListDocuments(FirestoreV1GrpcAdapter.java:108)\n\tat com.google.firestore.v1.FirestoreGrpc$MethodHandlers.invoke(FirestoreGrpc.java:1206)\n\tat io.grpc.stub.ServerCalls$UnaryServerCallHandler$UnaryServerCallListener.onHalfClose(ServerCalls.java:182)\n\tat io.grpc.PartialForwardingServerCallListener.onHalfClose(PartialForwardingServerCallListener.java:35)\n\tat io.grpc.ForwardingServerCallListener.onHalfClose(ForwardingServerCallListener.java:23)\n\tat io.grpc.ForwardingServerCallListener$SimpleForwardingServerCallListener.onHalfClose(ForwardingServerCallListener.java:40)\n\tat io.grpc.Contexts$ContextualizedServerCallListener.onHalfClose(Contexts.java:86)\n\tat io.grpc.PartialForwardingServerCallListener.onHalfClose(PartialForwardingServerCallListener.java:35)\n\tat io.grpc.ForwardingServerCallListener.onHalfClose(ForwardingServerCallListener.java:23)\n\tat io.grpc.ForwardingServerCallListener$SimpleForwardingServerCallListener.onHalfClose(ForwardingServerCallListener.java:40)\n\tat io.grpc.Contexts$ContextualizedServerCallListener.onHalfClose(Contexts.java:86)\n\tat io.grpc.internal.ServerCallImpl$ServerStreamListenerImpl.halfClosed(ServerCallImpl.java:356)\n\tat io.grpc.internal.ServerImpl$JumpToApplicationThreadServerStreamListener$1HalfClosed.runInContext(ServerImpl.java:861)\n\tat io.grpc.internal.ContextRunnable.run(ContextRunnable.java:37)\n\tat io.grpc.internal.SerializingExecutor.run(SerializingExecutor.java:133)\n\tat java.base/java.util.concurrent.ThreadPoolExecutor.runWorker(ThreadPoolExecutor.java:1144)\n\tat java.base/java.util.concurrent.ThreadPoolExecutor$Worker.run(ThreadPoolExecutor.java:642)\n\tat java.base/java.lang.Thread.run(Thread.java:1583)\n\n"}}
[debug] [2026-08-30T04:11:26.280Z] Aug 29, 2026 9:11:26 PM io.gapi.emulators.netty.HttpHandler$1 onError
INFO: Exception when handling request: NOT_FOUND: Document (projects/demo-cadence/databases/(default)/documents/friends/1jFJgXORBzTF48LMRtgYShFH7pzx/list/KOFG5v7BohtFN7bCMoAq27stniyV) not found.
 {"metadata":{"emulator":{"name":"firestore"},"message":"Aug 29, 2026 9:11:26 PM io.gapi.emulators.netty.HttpHandler$1 onError\nINFO: Exception when handling request: NOT_FOUND: Document (projects/demo-cadence/databases/(default)/documents/friends/1jFJgXORBzTF48LMRtgYShFH7pzx/list/KOFG5v7BohtFN7bCMoAq27stniyV) not found.\n"}}
[debug] [2026-08-30T04:11:26.283Z] Aug 29, 2026 9:11:26 PM com.google.cloud.datastore.emulator.impl.util.WrappedStreamObserver onError
WARNING: Operation failed: Document (projects/demo-cadence/databases/(default)/documents/users/1jFJgXORBzTF48LMRtgYShFH7pzx/requests/KOFG5v7BohtFN7bCMoAq27stniyV) not found.
com.google.cloud.datastore.core.exception.DatastoreException: Document (projects/demo-cadence/databases/(default)/documents/users/1jFJgXORBzTF48LMRtgYShFH7pzx/requests/KOFG5v7BohtFN7bCMoAq27stniyV) not found.
	at com.google.cloud.datastore.emulator.impl.firestore.CloudFirestoreV1.getDocument(CloudFirestoreV1.java:335)
	at com.google.cloud.datastore.emulator.impl.firestore.CloudFirestoreV1Router.getDocument(CloudFirestoreV1Router.java:129)
	at com.google.cloud.datastore.emulator.impl.firestore.CloudFirestoreV1Router.getOrListDocuments(CloudFirestoreV1Router.java:123)
	at com.google.cloud.datastore.emulator.firestore.v1.FirestoreV1GrpcAdapter$1.lambda$getOrListDocuments$0(FirestoreV1GrpcAdapter.java:108)
	at com.google.cloud.datastore.emulator.firestore.v1.FirestoreV1GrpcAdapter.unary(FirestoreV1GrpcAdapter.java:72)
	at com.google.cloud.datastore.emulator.firestore.v1.FirestoreV1GrpcAdapter$1.getOrListDocuments(FirestoreV1GrpcAdapter.java:108)
	at com.google.firestore.v1.FirestoreGrpc$MethodHandlers.invoke(FirestoreGrpc.java:1206)
	at io.grpc.stub.ServerCalls$UnaryServerCallHandler$UnaryServerCallListener.onHalfClose(ServerCalls.java:182)
	at io.grpc.PartialForwardingServerCallListener.onHalfClose(PartialForwardingServerCallListener.java:35)
	at io.grpc.ForwardingServerCallListener.onHalfClose(ForwardingServerCallListener.java:23)
	at io.grpc.ForwardingServerCallListener$SimpleForwardingServerCallListener.onHalfClose(ForwardingServerCallListener.java:40)
	at io.grpc.Contexts$ContextualizedServerCallListener.onHalfClose(Contexts.java:86)
	at io.grpc.PartialForwardingServerCallListener.onHalfClose(PartialForwardingServerCallListener.java:35)
	at io.grpc.ForwardingServerCallListener.onHalfClose(ForwardingServerCallListener.java:23)
	at io.grpc.ForwardingServerCallListener$SimpleForwardingServerCallListener.onHalfClose(ForwardingServerCallListener.java:40)
	at io.grpc.Contexts$ContextualizedServerCallListener.onHalfClose(Contexts.java:86)
	at io.grpc.internal.ServerCallImpl$ServerStreamListenerImpl.halfClosed(ServerCallImpl.java:356)
	at io.grpc.internal.ServerImpl$JumpToApplicationThreadServerStreamListener$1HalfClosed.runInContext(ServerImpl.java:861)
	at io.grpc.internal.ContextRunnable.run(ContextRunnable.java:37)
	at io.grpc.internal.SerializingExecutor.run(SerializingExecutor.java:133)
	at java.base/java.util.concurrent.ThreadPoolExecutor.runWorker(ThreadPoolExecutor.java:1144)
	at java.base/java.util.concurrent.ThreadPoolExecutor$Worker.run(ThreadPoolExecutor.java:642)
	at java.base/java.lang.Thread.run(Thread.java:1583)

 {"metadata":{"emulator":{"name":"firestore"},"message":"Aug 29, 2026 9:11:26 PM com.google.cloud.datastore.emulator.impl.util.WrappedStreamObserver onError\nWARNING: Operation failed: Document (projects/demo-cadence/databases/(default)/documents/users/1jFJgXORBzTF48LMRtgYShFH7pzx/requests/KOFG5v7BohtFN7bCMoAq27stniyV) not found.\ncom.google.cloud.datastore.core.exception.DatastoreException: Document (projects/demo-cadence/databases/(default)/documents/users/1jFJgXORBzTF48LMRtgYShFH7pzx/requests/KOFG5v7BohtFN7bCMoAq27stniyV) not found.\n\tat com.google.cloud.datastore.emulator.impl.firestore.CloudFirestoreV1.getDocument(CloudFirestoreV1.java:335)\n\tat com.google.cloud.datastore.emulator.impl.firestore.CloudFirestoreV1Router.getDocument(CloudFirestoreV1Router.java:129)\n\tat com.google.cloud.datastore.emulator.impl.firestore.CloudFirestoreV1Router.getOrListDocuments(CloudFirestoreV1Router.java:123)\n\tat com.google.cloud.datastore.emulator.firestore.v1.FirestoreV1GrpcAdapter$1.lambda$getOrListDocuments$0(FirestoreV1GrpcAdapter.java:108)\n\tat com.google.cloud.datastore.emulator.firestore.v1.FirestoreV1GrpcAdapter.unary(FirestoreV1GrpcAdapter.java:72)\n\tat com.google.cloud.datastore.emulator.firestore.v1.FirestoreV1GrpcAdapter$1.getOrListDocuments(FirestoreV1GrpcAdapter.java:108)\n\tat com.google.firestore.v1.FirestoreGrpc$MethodHandlers.invoke(FirestoreGrpc.java:1206)\n\tat io.grpc.stub.ServerCalls$UnaryServerCallHandler$UnaryServerCallListener.onHalfClose(ServerCalls.java:182)\n\tat io.grpc.PartialForwardingServerCallListener.onHalfClose(PartialForwardingServerCallListener.java:35)\n\tat io.grpc.ForwardingServerCallListener.onHalfClose(ForwardingServerCallListener.java:23)\n\tat io.grpc.ForwardingServerCallListener$SimpleForwardingServerCallListener.onHalfClose(ForwardingServerCallListener.java:40)\n\tat io.grpc.Contexts$ContextualizedServerCallListener.onHalfClose(Contexts.java:86)\n\tat io.grpc.PartialForwardingServerCallListener.onHalfClose(PartialForwardingServerCallListener.java:35)\n\tat io.grpc.ForwardingServerCallListener.onHalfClose(ForwardingServerCallListener.java:23)\n\tat io.grpc.ForwardingServerCallListener$SimpleForwardingServerCallListener.onHalfClose(ForwardingServerCallListener.java:40)\n\tat io.grpc.Contexts$ContextualizedServerCallListener.onHalfClose(Contexts.java:86)\n\tat io.grpc.internal.ServerCallImpl$ServerStreamListenerImpl.halfClosed(ServerCallImpl.java:356)\n\tat io.grpc.internal.ServerImpl$JumpToApplicationThreadServerStreamListener$1HalfClosed.runInContext(ServerImpl.java:861)\n\tat io.grpc.internal.ContextRunnable.run(ContextRunnable.java:37)\n\tat io.grpc.internal.SerializingExecutor.run(SerializingExecutor.java:133)\n\tat java.base/java.util.concurrent.ThreadPoolExecutor.runWorker(ThreadPoolExecutor.java:1144)\n\tat java.base/java.util.concurrent.ThreadPoolExecutor$Worker.run(ThreadPoolExecutor.java:642)\n\tat java.base/java.lang.Thread.run(Thread.java:1583)\n\n"}}
[debug] [2026-08-30T04:11:26.283Z] Aug 29, 2026 9:11:26 PM io.gapi.emulators.netty.HttpHandler$1 onError
INFO: Exception when handling request: NOT_FOUND: Document (projects/demo-cadence/databases/(default)/documents/users/1jFJgXORBzTF48LMRtgYShFH7pzx/requests/KOFG5v7BohtFN7bCMoAq27stniyV) not found.
 {"metadata":{"emulator":{"name":"firestore"},"message":"Aug 29, 2026 9:11:26 PM io.gapi.emulators.netty.HttpHandler$1 onError\nINFO: Exception when handling request: NOT_FOUND: Document (projects/demo-cadence/databases/(default)/documents/users/1jFJgXORBzTF48LMRtgYShFH7pzx/requests/KOFG5v7BohtFN7bCMoAq27stniyV) not found.\n"}}
[debug] [2026-08-30T04:11:26.295Z] Aug 29, 2026 9:11:26 PM com.google.cloud.datastore.emulator.impl.util.WrappedStreamObserver onError
WARNING: Operation failed: Document (projects/demo-cadence/databases/(default)/documents/friends/KOFG5v7BohtFN7bCMoAq27stniyV/list/1jFJgXORBzTF48LMRtgYShFH7pzx) not found.
com.google.cloud.datastore.core.exception.DatastoreException: Document (projects/demo-cadence/databases/(default)/documents/friends/KOFG5v7BohtFN7bCMoAq27stniyV/list/1jFJgXORBzTF48LMRtgYShFH7pzx) not found.
	at com.google.cloud.datastore.emulator.impl.firestore.CloudFirestoreV1.getDocument(CloudFirestoreV1.java:335)
	at com.google.cloud.datastore.emulator.impl.firestore.CloudFirestoreV1Router.getDocument(CloudFirestoreV1Router.java:129)
	at com.google.cloud.datastore.emulator.impl.firestore.CloudFirestoreV1Router.getOrListDocuments(CloudFirestoreV1Router.java:123)
	at com.google.cloud.datastore.emulator.firestore.v1.FirestoreV1GrpcAdapter$1.lambda$getOrListDocuments$0(FirestoreV1GrpcAdapter.java:108)
	at com.google.cloud.datastore.emulator.firestore.v1.FirestoreV1GrpcAdapter.unary(FirestoreV1GrpcAdapter.java:72)
	at com.google.cloud.datastore.emulator.firestore.v1.FirestoreV1GrpcAdapter$1.getOrListDocuments(FirestoreV1GrpcAdapter.java:108)
	at com.google.firestore.v1.FirestoreGrpc$MethodHandlers.invoke(FirestoreGrpc.java:1206)
	at io.grpc.stub.ServerCalls$UnaryServerCallHandler$UnaryServerCallListener.onHalfClose(ServerCalls.java:182)
	at io.grpc.PartialForwardingServerCallListener.onHalfClose(PartialForwardingServerCallListener.java:35)
	at io.grpc.ForwardingServerCallListener.onHalfClose(ForwardingServerCallListener.java:23)
	at io.grpc.ForwardingServerCallListener$SimpleForwardingServerCallListener.onHalfClose(ForwardingServerCallListener.java:40)
	at io.grpc.Contexts$ContextualizedServerCallListener.onHalfClose(Contexts.java:86)
	at io.grpc.PartialForwardingServerCallListener.onHalfClose(PartialForwardingServerCallListener.java:35)
	at io.grpc.ForwardingServerCallListener.onHalfClose(ForwardingServerCallListener.java:23)
	at io.grpc.ForwardingServerCallListener$SimpleForwardingServerCallListener.onHalfClose(ForwardingServerCallListener.java:40)
	at io.grpc.Contexts$ContextualizedServerCallListener.onHalfClose(Contexts.java:86)
	at io.grpc.internal.ServerCallImpl$ServerStreamListenerImpl.halfClosed(ServerCallImpl.java:356)
	at io.grpc.internal.ServerImpl$JumpToApplicationThreadServerStreamListener$1HalfClosed.runInContext(ServerImpl.java:861)
	at io.grpc.internal.ContextRunnable.run(ContextRunnable.java:37)
	at io.grpc.internal.SerializingExecutor.run(SerializingExecutor.java:133)
	at java.base/java.util.concurrent.ThreadPoolExecutor.runWorker(ThreadPoolExecutor.java:1144)
	at java.base/java.util.concurrent.ThreadPoolExecutor$Worker.run(ThreadPoolExecutor.java:642)
	at java.base/java.lang.Thread.run(Thread.java:1583)

 {"metadata":{"emulator":{"name":"firestore"},"message":"Aug 29, 2026 9:11:26 PM com.google.cloud.datastore.emulator.impl.util.WrappedStreamObserver onError\nWARNING: Operation failed: Document (projects/demo-cadence/databases/(default)/documents/friends/KOFG5v7BohtFN7bCMoAq27stniyV/list/1jFJgXORBzTF48LMRtgYShFH7pzx) not found.\ncom.google.cloud.datastore.core.exception.DatastoreException: Document (projects/demo-cadence/databases/(default)/documents/friends/KOFG5v7BohtFN7bCMoAq27stniyV/list/1jFJgXORBzTF48LMRtgYShFH7pzx) not found.\n\tat com.google.cloud.datastore.emulator.impl.firestore.CloudFirestoreV1.getDocument(CloudFirestoreV1.java:335)\n\tat com.google.cloud.datastore.emulator.impl.firestore.CloudFirestoreV1Router.getDocument(CloudFirestoreV1Router.java:129)\n\tat com.google.cloud.datastore.emulator.impl.firestore.CloudFirestoreV1Router.getOrListDocuments(CloudFirestoreV1Router.java:123)\n\tat com.google.cloud.datastore.emulator.firestore.v1.FirestoreV1GrpcAdapter$1.lambda$getOrListDocuments$0(FirestoreV1GrpcAdapter.java:108)\n\tat com.google.cloud.datastore.emulator.firestore.v1.FirestoreV1GrpcAdapter.unary(FirestoreV1GrpcAdapter.java:72)\n\tat com.google.cloud.datastore.emulator.firestore.v1.FirestoreV1GrpcAdapter$1.getOrListDocuments(FirestoreV1GrpcAdapter.java:108)\n\tat com.google.firestore.v1.FirestoreGrpc$MethodHandlers.invoke(FirestoreGrpc.java:1206)\n\tat io.grpc.stub.ServerCalls$UnaryServerCallHandler$UnaryServerCallListener.onHalfClose(ServerCalls.java:182)\n\tat io.grpc.PartialForwardingServerCallListener.onHalfClose(PartialForwardingServerCallListener.java:35)\n\tat io.grpc.ForwardingServerCallListener.onHalfClose(ForwardingServerCallListener.java:23)\n\tat io.grpc.ForwardingServerCallListener$SimpleForwardingServerCallListener.onHalfClose(ForwardingServerCallListener.java:40)\n\tat io.grpc.Contexts$ContextualizedServerCallListener.onHalfClose(Contexts.java:86)\n\tat io.grpc.PartialForwardingServerCallListener.onHalfClose(PartialForwardingServerCallListener.java:35)\n\tat io.grpc.ForwardingServerCallListener.onHalfClose(ForwardingServerCallListener.java:23)\n\tat io.grpc.ForwardingServerCallListener$SimpleForwardingServerCallListener.onHalfClose(ForwardingServerCallListener.java:40)\n\tat io.grpc.Contexts$ContextualizedServerCallListener.onHalfClose(Contexts.java:86)\n\tat io.grpc.internal.ServerCallImpl$ServerStreamListenerImpl.halfClosed(ServerCallImpl.java:356)\n\tat io.grpc.internal.ServerImpl$JumpToApplicationThreadServerStreamListener$1HalfClosed.runInContext(ServerImpl.java:861)\n\tat io.grpc.internal.ContextRunnable.run(ContextRunnable.java:37)\n\tat io.grpc.internal.SerializingExecutor.run(SerializingExecutor.java:133)\n\tat java.base/java.util.concurrent.ThreadPoolExecutor.runWorker(ThreadPoolExecutor.java:1144)\n\tat java.base/java.util.concurrent.ThreadPoolExecutor$Worker.run(ThreadPoolExecutor.java:642)\n\tat java.base/java.lang.Thread.run(Thread.java:1583)\n\n"}}
[debug] [2026-08-30T04:11:26.296Z] Aug 29, 2026 9:11:26 PM io.gapi.emulators.netty.HttpHandler$1 onError
INFO: Exception when handling request: NOT_FOUND: Document (projects/demo-cadence/databases/(default)/documents/friends/KOFG5v7BohtFN7bCMoAq27stniyV/list/1jFJgXORBzTF48LMRtgYShFH7pzx) not found.
 {"metadata":{"emulator":{"name":"firestore"},"message":"Aug 29, 2026 9:11:26 PM io.gapi.emulators.netty.HttpHandler$1 onError\nINFO: Exception when handling request: NOT_FOUND: Document (projects/demo-cadence/databases/(default)/documents/friends/KOFG5v7BohtFN7bCMoAq27stniyV/list/1jFJgXORBzTF48LMRtgYShFH7pzx) not found.\n"}}
[debug] [2026-08-30T04:11:26.315Z] Aug 29, 2026 9:11:26 PM io.gapi.emulators.netty.HttpVersionRoutingHandler channelRead
INFO: Detected non-HTTP/2 connection.
 {"metadata":{"emulator":{"name":"firestore"},"message":"Aug 29, 2026 9:11:26 PM io.gapi.emulators.netty.HttpVersionRoutingHandler channelRead\nINFO: Detected non-HTTP/2 connection.\n"}}
[debug] [2026-08-30T04:11:26.331Z] Aug 29, 2026 9:11:26 PM io.gapi.emulators.netty.HttpVersionRoutingHandler channelRead
INFO: Detected non-HTTP/2 connection.
 {"metadata":{"emulator":{"name":"firestore"},"message":"Aug 29, 2026 9:11:26 PM io.gapi.emulators.netty.HttpVersionRoutingHandler channelRead\nINFO: Detected non-HTTP/2 connection.\n"}}
[debug] [2026-08-30T04:11:26.354Z] Aug 29, 2026 9:11:26 PM com.google.cloud.datastore.emulator.impl.util.WrappedStreamObserver onError
WARNING: Operation failed: 
evaluation error at L54:22 for 'get' @ L54, false for 'get' @ L54
com.google.cloud.datastore.core.exception.DatastoreException: 
evaluation error at L54:22 for 'get' @ L54, false for 'get' @ L54
	at com.google.cloud.datastore.core.exception.DatastoreException$Builder.build(DatastoreException.java:121)
	at com.google.cloud.datastore.emulator.impl.rules.DefaultEmulatorRulesAuthorizer.verboseError(DefaultEmulatorRulesAuthorizer.java:318)
	at com.google.cloud.datastore.emulator.impl.rules.DefaultEmulatorRulesAuthorizer.withVerboseErrors(DefaultEmulatorRulesAuthorizer.java:295)
	at com.google.cloud.datastore.emulator.impl.rules.DefaultEmulatorRulesAuthorizer.checkLookup(DefaultEmulatorRulesAuthorizer.java:153)
	at com.google.cloud.datastore.emulator.impl.firestore.FirestoreEmulatorHelper.snapshotRead(FirestoreEmulatorHelper.java:286)
	at com.google.cloud.datastore.emulator.impl.firestore.FirestoreEmulatorHelper.lambda$read$0(FirestoreEmulatorHelper.java:245)
	at com.google.cloud.datastore.emulator.impl.transactions.EmulatorTransactionManager$ReadOnlyTransaction.fold(EmulatorTransactionManager.java:461)
	at com.google.cloud.datastore.emulator.impl.firestore.FirestoreEmulatorHelper.read(FirestoreEmulatorHelper.java:244)
	at com.google.cloud.datastore.emulator.impl.firestore.CloudFirestoreV1.getDocument(CloudFirestoreV1.java:331)
	at com.google.cloud.datastore.emulator.impl.firestore.CloudFirestoreV1Router.getDocument(CloudFirestoreV1Router.java:129)
	at com.google.cloud.datastore.emulator.impl.firestore.CloudFirestoreV1Router.getOrListDocuments(CloudFirestoreV1Router.java:123)
	at com.google.cloud.datastore.emulator.firestore.v1.FirestoreV1GrpcAdapter$1.lambda$getOrListDocuments$0(FirestoreV1GrpcAdapter.java:108)
	at com.google.cloud.datastore.emulator.firestore.v1.FirestoreV1GrpcAdapter.unary(FirestoreV1GrpcAdapter.java:72)
	at com.google.cloud.datastore.emulator.firestore.v1.FirestoreV1GrpcAdapter$1.getOrListDocuments(FirestoreV1GrpcAdapter.java:108)
	at com.google.firestore.v1.FirestoreGrpc$MethodHandlers.invoke(FirestoreGrpc.java:1206)
	at io.grpc.stub.ServerCalls$UnaryServerCallHandler$UnaryServerCallListener.onHalfClose(ServerCalls.java:182)
	at io.grpc.PartialForwardingServerCallListener.onHalfClose(PartialForwardingServerCallListener.java:35)
	at io.grpc.ForwardingServerCallListener.onHalfClose(ForwardingServerCallListener.java:23)
	at io.grpc.ForwardingServerCallListener$SimpleForwardingServerCallListener.onHalfClose(ForwardingServerCallListener.java:40)
	at io.grpc.Contexts$ContextualizedServerCallListener.onHalfClose(Contexts.java:86)
	at io.grpc.PartialForwardingServerCallListener.onHalfClose(PartialForwardingServerCallListener.java:35)
	at io.grpc.ForwardingServerCallListener.onHalfClose(ForwardingServerCallListener.java:23)
	at io.grpc.ForwardingServerCallListener$SimpleForwardingServerCallListener.onHalfClose(ForwardingServerCallListener.java:40)
	at io.grpc.Contexts$ContextualizedServerCallListener.onHalfClose(Contexts.java:86)
	at io.grpc.internal.ServerCallImpl$ServerStreamListenerImpl.halfClosed(ServerCallImpl.java:356)
	at io.grpc.internal.ServerImpl$JumpToApplicationThreadServerStreamListener$1HalfClosed.runInContext(ServerImpl.java:861)
	at io.grpc.internal.ContextRunnable.run(ContextRunnable.java:37)
	at io.grpc.internal.SerializingExecutor.run(SerializingExecutor.java:133)
	at java.base/java.util.concurrent.ThreadPoolExecutor.runWorker(ThreadPoolExecutor.java:1144)
	at java.base/java.util.concurrent.ThreadPoolExecutor$Worker.run(ThreadPoolExecutor.java:642)
	at java.base/java.lang.Thread.run(Thread.java:1583)

 {"metadata":{"emulator":{"name":"firestore"},"message":"Aug 29, 2026 9:11:26 PM com.google.cloud.datastore.emulator.impl.util.WrappedStreamObserver onError\nWARNING: Operation failed: \nevaluation error at L54:22 for 'get' @ L54, false for 'get' @ L54\ncom.google.cloud.datastore.core.exception.DatastoreException: \nevaluation error at L54:22 for 'get' @ L54, false for 'get' @ L54\n\tat com.google.cloud.datastore.core.exception.DatastoreException$Builder.build(DatastoreException.java:121)\n\tat com.google.cloud.datastore.emulator.impl.rules.DefaultEmulatorRulesAuthorizer.verboseError(DefaultEmulatorRulesAuthorizer.java:318)\n\tat com.google.cloud.datastore.emulator.impl.rules.DefaultEmulatorRulesAuthorizer.withVerboseErrors(DefaultEmulatorRulesAuthorizer.java:295)\n\tat com.google.cloud.datastore.emulator.impl.rules.DefaultEmulatorRulesAuthorizer.checkLookup(DefaultEmulatorRulesAuthorizer.java:153)\n\tat com.google.cloud.datastore.emulator.impl.firestore.FirestoreEmulatorHelper.snapshotRead(FirestoreEmulatorHelper.java:286)\n\tat com.google.cloud.datastore.emulator.impl.firestore.FirestoreEmulatorHelper.lambda$read$0(FirestoreEmulatorHelper.java:245)\n\tat com.google.cloud.datastore.emulator.impl.transactions.EmulatorTransactionManager$ReadOnlyTransaction.fold(EmulatorTransactionManager.java:461)\n\tat com.google.cloud.datastore.emulator.impl.firestore.FirestoreEmulatorHelper.read(FirestoreEmulatorHelper.java:244)\n\tat com.google.cloud.datastore.emulator.impl.firestore.CloudFirestoreV1.getDocument(CloudFirestoreV1.java:331)\n\tat com.google.cloud.datastore.emulator.impl.firestore.CloudFirestoreV1Router.getDocument(CloudFirestoreV1Router.java:129)\n\tat com.google.cloud.datastore.emulator.impl.firestore.CloudFirestoreV1Router.getOrListDocuments(CloudFirestoreV1Router.java:123)\n\tat com.google.cloud.datastore.emulator.firestore.v1.FirestoreV1GrpcAdapter$1.lambda$getOrListDocuments$0(FirestoreV1GrpcAdapter.java:108)\n\tat com.google.cloud.datastore.emulator.firestore.v1.FirestoreV1GrpcAdapter.unary(FirestoreV1GrpcAdapter.java:72)\n\tat com.google.cloud.datastore.emulator.firestore.v1.FirestoreV1GrpcAdapter$1.getOrListDocuments(FirestoreV1GrpcAdapter.java:108)\n\tat com.google.firestore.v1.FirestoreGrpc$MethodHandlers.invoke(FirestoreGrpc.java:1206)\n\tat io.grpc.stub.ServerCalls$UnaryServerCallHandler$UnaryServerCallListener.onHalfClose(ServerCalls.java:182)\n\tat io.grpc.PartialForwardingServerCallListener.onHalfClose(PartialForwardingServerCallListener.java:35)\n\tat io.grpc.ForwardingServerCallListener.onHalfClose(ForwardingServerCallListener.java:23)\n\tat io.grpc.ForwardingServerCallListener$SimpleForwardingServerCallListener.onHalfClose(ForwardingServerCallListener.java:40)\n\tat io.grpc.Contexts$ContextualizedServerCallListener.onHalfClose(Contexts.java:86)\n\tat io.grpc.PartialForwardingServerCallListener.onHalfClose(PartialForwardingServerCallListener.java:35)\n\tat io.grpc.ForwardingServerCallListener.onHalfClose(ForwardingServerCallListener.java:23)\n\tat io.grpc.ForwardingServerCallListener$SimpleForwardingServerCallListener.onHalfClose(ForwardingServerCallListener.java:40)\n\tat io.grpc.Contexts$ContextualizedServerCallListener.onHalfClose(Contexts.java:86)\n\tat io.grpc.internal.ServerCallImpl$ServerStreamListenerImpl.halfClosed(ServerCallImpl.java:356)\n\tat io.grpc.internal.ServerImpl$JumpToApplicationThreadServerStreamListener$1HalfClosed.runInContext(ServerImpl.java:861)\n\tat io.grpc.internal.ContextRunnable.run(ContextRunnable.java:37)\n\tat io.grpc.internal.SerializingExecutor.run(SerializingExecutor.java:133)\n\tat java.base/java.util.concurrent.ThreadPoolExecutor.runWorker(ThreadPoolExecutor.java:1144)\n\tat java.base/java.util.concurrent.ThreadPoolExecutor$Worker.run(ThreadPoolExecutor.java:642)\n\tat java.base/java.lang.Thread.run(Thread.java:1583)\n\n"}}
[debug] [2026-08-30T04:11:26.355Z] Aug 29, 2026 9:11:26 PM io.gapi.emulators.netty.HttpHandler$1 onError
INFO: Exception when handling request: PERMISSION_DENIED: 
evaluation error at L54:22 for 'get' @ L54, false for 'get' @ L54
 {"metadata":{"emulator":{"name":"firestore"},"message":"Aug 29, 2026 9:11:26 PM io.gapi.emulators.netty.HttpHandler$1 onError\nINFO: Exception when handling request: PERMISSION_DENIED: \nevaluation error at L54:22 for 'get' @ L54, false for 'get' @ L54\n"}}
[debug] [2026-08-30T04:11:26.359Z] Aug 29, 2026 9:11:26 PM com.google.cloud.datastore.emulator.impl.util.WrappedStreamObserver onError
WARNING: Operation failed: 
false for 'create' @ L55, false for 'update' @ L55
com.google.cloud.datastore.core.exception.DatastoreException: 
false for 'create' @ L55, false for 'update' @ L55
	at com.google.cloud.datastore.core.exception.DatastoreException$Builder.build(DatastoreException.java:121)
	at com.google.cloud.datastore.emulator.impl.rules.DefaultEmulatorRulesAuthorizer.verboseError(DefaultEmulatorRulesAuthorizer.java:318)
	at com.google.cloud.datastore.emulator.impl.rules.DefaultEmulatorRulesAuthorizer.withVerboseErrors(DefaultEmulatorRulesAuthorizer.java:295)
	at com.google.cloud.datastore.emulator.impl.rules.DefaultEmulatorRulesAuthorizer.checkCommit(DefaultEmulatorRulesAuthorizer.java:114)
	at com.google.cloud.datastore.emulator.impl.firestore.FirestoreEmulatorHelper.commitHelper(FirestoreEmulatorHelper.java:360)
	at com.google.cloud.datastore.emulator.impl.firestore.FirestoreEmulatorHelper.internalCommit(FirestoreEmulatorHelper.java:314)
	at com.google.cloud.datastore.emulator.impl.firestore.CloudFirestoreV1.internalCommit(CloudFirestoreV1.java:1077)
	at com.google.cloud.datastore.emulator.impl.firestore.CloudFirestoreV1.updateDocument(CloudFirestoreV1.java:458)
	at com.google.cloud.datastore.emulator.impl.firestore.CloudFirestoreV1Router.updateDocument(CloudFirestoreV1Router.java:149)
	at com.google.cloud.datastore.emulator.firestore.v1.FirestoreV1GrpcAdapter$1.lambda$updateDocument$4(FirestoreV1GrpcAdapter.java:132)
	at com.google.cloud.datastore.emulator.firestore.v1.FirestoreV1GrpcAdapter.unary(FirestoreV1GrpcAdapter.java:72)
	at com.google.cloud.datastore.emulator.firestore.v1.FirestoreV1GrpcAdapter$1.updateDocument(FirestoreV1GrpcAdapter.java:132)
	at com.google.firestore.v1.FirestoreGrpc$MethodHandlers.invoke(FirestoreGrpc.java:1218)
	at io.grpc.stub.ServerCalls$UnaryServerCallHandler$UnaryServerCallListener.onHalfClose(ServerCalls.java:182)
	at io.grpc.PartialForwardingServerCallListener.onHalfClose(PartialForwardingServerCallListener.java:35)
	at io.grpc.ForwardingServerCallListener.onHalfClose(ForwardingServerCallListener.java:23)
	at io.grpc.ForwardingServerCallListener$SimpleForwardingServerCallListener.onHalfClose(ForwardingServerCallListener.java:40)
	at io.grpc.Contexts$ContextualizedServerCallListener.onHalfClose(Contexts.java:86)
	at io.grpc.PartialForwardingServerCallListener.onHalfClose(PartialForwardingServerCallListener.java:35)
	at io.grpc.ForwardingServerCallListener.onHalfClose(ForwardingServerCallListener.java:23)
	at io.grpc.ForwardingServerCallListener$SimpleForwardingServerCallListener.onHalfClose(ForwardingServerCallListener.java:40)
	at io.grpc.Contexts$ContextualizedServerCallListener.onHalfClose(Contexts.java:86)
	at io.grpc.internal.ServerCallImpl$ServerStreamListenerImpl.halfClosed(ServerCallImpl.java:356)
	at io.grpc.internal.ServerImpl$JumpToApplicationThreadServerStreamListener$1HalfClosed.runInContext(ServerImpl.java:861)
	at io.grpc.internal.ContextRunnable.run(ContextRunnable.java:37)
	at io.grpc.internal.SerializingExecutor.run(SerializingExecutor.java:133)
	at java.base/java.util.concurrent.ThreadPoolExecutor.runWorker(ThreadPoolExecutor.java:1144)
	at java.base/java.util.concurrent.ThreadPoolExecutor$Worker.run(ThreadPoolExecutor.java:642)
	at java.base/java.lang.Thread.run(Thread.java:1583)

 {"metadata":{"emulator":{"name":"firestore"},"message":"Aug 29, 2026 9:11:26 PM com.google.cloud.datastore.emulator.impl.util.WrappedStreamObserver onError\nWARNING: Operation failed: \nfalse for 'create' @ L55, false for 'update' @ L55\ncom.google.cloud.datastore.core.exception.DatastoreException: \nfalse for 'create' @ L55, false for 'update' @ L55\n\tat com.google.cloud.datastore.core.exception.DatastoreException$Builder.build(DatastoreException.java:121)\n\tat com.google.cloud.datastore.emulator.impl.rules.DefaultEmulatorRulesAuthorizer.verboseError(DefaultEmulatorRulesAuthorizer.java:318)\n\tat com.google.cloud.datastore.emulator.impl.rules.DefaultEmulatorRulesAuthorizer.withVerboseErrors(DefaultEmulatorRulesAuthorizer.java:295)\n\tat com.google.cloud.datastore.emulator.impl.rules.DefaultEmulatorRulesAuthorizer.checkCommit(DefaultEmulatorRulesAuthorizer.java:114)\n\tat com.google.cloud.datastore.emulator.impl.firestore.FirestoreEmulatorHelper.commitHelper(FirestoreEmulatorHelper.java:360)\n\tat com.google.cloud.datastore.emulator.impl.firestore.FirestoreEmulatorHelper.internalCommit(FirestoreEmulatorHelper.java:314)\n\tat com.google.cloud.datastore.emulator.impl.firestore.CloudFirestoreV1.internalCommit(CloudFirestoreV1.java:1077)\n\tat com.google.cloud.datastore.emulator.impl.firestore.CloudFirestoreV1.updateDocument(CloudFirestoreV1.java:458)\n\tat com.google.cloud.datastore.emulator.impl.firestore.CloudFirestoreV1Router.updateDocument(CloudFirestoreV1Router.java:149)\n\tat com.google.cloud.datastore.emulator.firestore.v1.FirestoreV1GrpcAdapter$1.lambda$updateDocument$4(FirestoreV1GrpcAdapter.java:132)\n\tat com.google.cloud.datastore.emulator.firestore.v1.FirestoreV1GrpcAdapter.unary(FirestoreV1GrpcAdapter.java:72)\n\tat com.google.cloud.datastore.emulator.firestore.v1.FirestoreV1GrpcAdapter$1.updateDocument(FirestoreV1GrpcAdapter.java:132)\n\tat com.google.firestore.v1.FirestoreGrpc$MethodHandlers.invoke(FirestoreGrpc.java:1218)\n\tat io.grpc.stub.ServerCalls$UnaryServerCallHandler$UnaryServerCallListener.onHalfClose(ServerCalls.java:182)\n\tat io.grpc.PartialForwardingServerCallListener.onHalfClose(PartialForwardingServerCallListener.java:35)\n\tat io.grpc.ForwardingServerCallListener.onHalfClose(ForwardingServerCallListener.java:23)\n\tat io.grpc.ForwardingServerCallListener$SimpleForwardingServerCallListener.onHalfClose(ForwardingServerCallListener.java:40)\n\tat io.grpc.Contexts$ContextualizedServerCallListener.onHalfClose(Contexts.java:86)\n\tat io.grpc.PartialForwardingServerCallListener.onHalfClose(PartialForwardingServerCallListener.java:35)\n\tat io.grpc.ForwardingServerCallListener.onHalfClose(ForwardingServerCallListener.java:23)\n\tat io.grpc.ForwardingServerCallListener$SimpleForwardingServerCallListener.onHalfClose(ForwardingServerCallListener.java:40)\n\tat io.grpc.Contexts$ContextualizedServerCallListener.onHalfClose(Contexts.java:86)\n\tat io.grpc.internal.ServerCallImpl$ServerStreamListenerImpl.halfClosed(ServerCallImpl.java:356)\n\tat io.grpc.internal.ServerImpl$JumpToApplicationThreadServerStreamListener$1HalfClosed.runInContext(ServerImpl.java:861)\n\tat io.grpc.internal.ContextRunnable.run(ContextRunnable.java:37)\n\tat io.grpc.internal.SerializingExecutor.run(SerializingExecutor.java:133)\n\tat java.base/java.util.concurrent.ThreadPoolExecutor.runWorker(ThreadPoolExecutor.java:1144)\n\tat java.base/java.util.concurrent.ThreadPoolExecutor$Worker.run(ThreadPoolExecutor.java:642)\n\tat java.base/java.lang.Thread.run(Thread.java:1583)\n\n"}}
[debug] [2026-08-30T04:11:26.359Z] Aug 29, 2026 9:11:26 PM io.gapi.emulators.netty.HttpHandler$1 onError
INFO: Exception when handling request: PERMISSION_DENIED: 
false for 'create' @ L55, false for 'update' @ L55
 {"metadata":{"emulator":{"name":"firestore"},"message":"Aug 29, 2026 9:11:26 PM io.gapi.emulators.netty.HttpHandler$1 onError\nINFO: Exception when handling request: PERMISSION_DENIED: \nfalse for 'create' @ L55, false for 'update' @ L55\n"}}
[debug] [2026-08-30T04:11:26.365Z] Aug 29, 2026 9:11:26 PM com.google.cloud.datastore.emulator.impl.util.WrappedStreamObserver onError
WARNING: Operation failed: 
evaluation error at L46:9 for 'create' @ L46, false for 'create' @ L46
com.google.cloud.datastore.core.exception.DatastoreException: 
evaluation error at L46:9 for 'create' @ L46, false for 'create' @ L46
	at com.google.cloud.datastore.core.exception.DatastoreException$Builder.build(DatastoreException.java:121)
	at com.google.cloud.datastore.emulator.impl.rules.DefaultEmulatorRulesAuthorizer.verboseError(DefaultEmulatorRulesAuthorizer.java:318)
	at com.google.cloud.datastore.emulator.impl.rules.DefaultEmulatorRulesAuthorizer.withVerboseErrors(DefaultEmulatorRulesAuthorizer.java:295)
	at com.google.cloud.datastore.emulator.impl.rules.DefaultEmulatorRulesAuthorizer.checkCommit(DefaultEmulatorRulesAuthorizer.java:114)
	at com.google.cloud.datastore.emulator.impl.firestore.FirestoreEmulatorHelper.commitHelper(FirestoreEmulatorHelper.java:360)
	at com.google.cloud.datastore.emulator.impl.firestore.FirestoreEmulatorHelper.internalCommit(FirestoreEmulatorHelper.java:314)
	at com.google.cloud.datastore.emulator.impl.firestore.CloudFirestoreV1.internalCommit(CloudFirestoreV1.java:1077)
	at com.google.cloud.datastore.emulator.impl.firestore.CloudFirestoreV1.updateDocument(CloudFirestoreV1.java:458)
	at com.google.cloud.datastore.emulator.impl.firestore.CloudFirestoreV1Router.updateDocument(CloudFirestoreV1Router.java:149)
	at com.google.cloud.datastore.emulator.firestore.v1.FirestoreV1GrpcAdapter$1.lambda$updateDocument$4(FirestoreV1GrpcAdapter.java:132)
	at com.google.cloud.datastore.emulator.firestore.v1.FirestoreV1GrpcAdapter.unary(FirestoreV1GrpcAdapter.java:72)
	at com.google.cloud.datastore.emulator.firestore.v1.FirestoreV1GrpcAdapter$1.updateDocument(FirestoreV1GrpcAdapter.java:132)
	at com.google.firestore.v1.FirestoreGrpc$MethodHandlers.invoke(FirestoreGrpc.java:1218)
	at io.grpc.stub.ServerCalls$UnaryServerCallHandler$UnaryServerCallListener.onHalfClose(ServerCalls.java:182)
	at io.grpc.PartialForwardingServerCallListener.onHalfClose(PartialForwardingServerCallListener.java:35)
	at io.grpc.ForwardingServerCallListener.onHalfClose(ForwardingServerCallListener.java:23)
	at io.grpc.ForwardingServerCallListener$SimpleForwardingServerCallListener.onHalfClose(ForwardingServerCallListener.java:40)
	at io.grpc.Contexts$ContextualizedServerCallListener.onHalfClose(Contexts.java:86)
	at io.grpc.PartialForwardingServerCallListener.onHalfClose(PartialForwardingServerCallListener.java:35)
	at io.grpc.ForwardingServerCallListener.onHalfClose(ForwardingServerCallListener.java:23)
	at io.grpc.ForwardingServerCallListener$SimpleForwardingServerCallListener.onHalfClose(ForwardingServerCallListener.java:40)
	at io.grpc.Contexts$ContextualizedServerCallListener.onHalfClose(Contexts.java:86)
	at io.grpc.internal.ServerCallImpl$ServerStreamListenerImpl.halfClosed(ServerCallImpl.java:356)
	at io.grpc.internal.ServerImpl$JumpToApplicationThreadServerStreamListener$1HalfClosed.runInContext(ServerImpl.java:861)
	at io.grpc.internal.ContextRunnable.run(ContextRunnable.java:37)
	at io.grpc.internal.SerializingExecutor.run(SerializingExecutor.java:133)
	at java.base/java.util.concurrent.ThreadPoolExecutor.runWorker(ThreadPoolExecutor.java:1144)
	at java.base/java.util.concurrent.ThreadPoolExecutor$Worker.run(ThreadPoolExecutor.java:642)
	at java.base/java.lang.Thread.run(Thread.java:1583)

 {"metadata":{"emulator":{"name":"firestore"},"message":"Aug 29, 2026 9:11:26 PM com.google.cloud.datastore.emulator.impl.util.WrappedStreamObserver onError\nWARNING: Operation failed: \nevaluation error at L46:9 for 'create' @ L46, false for 'create' @ L46\ncom.google.cloud.datastore.core.exception.DatastoreException: \nevaluation error at L46:9 for 'create' @ L46, false for 'create' @ L46\n\tat com.google.cloud.datastore.core.exception.DatastoreException$Builder.build(DatastoreException.java:121)\n\tat com.google.cloud.datastore.emulator.impl.rules.DefaultEmulatorRulesAuthorizer.verboseError(DefaultEmulatorRulesAuthorizer.java:318)\n\tat com.google.cloud.datastore.emulator.impl.rules.DefaultEmulatorRulesAuthorizer.withVerboseErrors(DefaultEmulatorRulesAuthorizer.java:295)\n\tat com.google.cloud.datastore.emulator.impl.rules.DefaultEmulatorRulesAuthorizer.checkCommit(DefaultEmulatorRulesAuthorizer.java:114)\n\tat com.google.cloud.datastore.emulator.impl.firestore.FirestoreEmulatorHelper.commitHelper(FirestoreEmulatorHelper.java:360)\n\tat com.google.cloud.datastore.emulator.impl.firestore.FirestoreEmulatorHelper.internalCommit(FirestoreEmulatorHelper.java:314)\n\tat com.google.cloud.datastore.emulator.impl.firestore.CloudFirestoreV1.internalCommit(CloudFirestoreV1.java:1077)\n\tat com.google.cloud.datastore.emulator.impl.firestore.CloudFirestoreV1.updateDocument(CloudFirestoreV1.java:458)\n\tat com.google.cloud.datastore.emulator.impl.firestore.CloudFirestoreV1Router.updateDocument(CloudFirestoreV1Router.java:149)\n\tat com.google.cloud.datastore.emulator.firestore.v1.FirestoreV1GrpcAdapter$1.lambda$updateDocument$4(FirestoreV1GrpcAdapter.java:132)\n\tat com.google.cloud.datastore.emulator.firestore.v1.FirestoreV1GrpcAdapter.unary(FirestoreV1GrpcAdapter.java:72)\n\tat com.google.cloud.datastore.emulator.firestore.v1.FirestoreV1GrpcAdapter$1.updateDocument(FirestoreV1GrpcAdapter.java:132)\n\tat com.google.firestore.v1.FirestoreGrpc$MethodHandlers.invoke(FirestoreGrpc.java:1218)\n\tat io.grpc.stub.ServerCalls$UnaryServerCallHandler$UnaryServerCallListener.onHalfClose(ServerCalls.java:182)\n\tat io.grpc.PartialForwardingServerCallListener.onHalfClose(PartialForwardingServerCallListener.java:35)\n\tat io.grpc.ForwardingServerCallListener.onHalfClose(ForwardingServerCallListener.java:23)\n\tat io.grpc.ForwardingServerCallListener$SimpleForwardingServerCallListener.onHalfClose(ForwardingServerCallListener.java:40)\n\tat io.grpc.Contexts$ContextualizedServerCallListener.onHalfClose(Contexts.java:86)\n\tat io.grpc.PartialForwardingServerCallListener.onHalfClose(PartialForwardingServerCallListener.java:35)\n\tat io.grpc.ForwardingServerCallListener.onHalfClose(ForwardingServerCallListener.java:23)\n\tat io.grpc.ForwardingServerCallListener$SimpleForwardingServerCallListener.onHalfClose(ForwardingServerCallListener.java:40)\n\tat io.grpc.Contexts$ContextualizedServerCallListener.onHalfClose(Contexts.java:86)\n\tat io.grpc.internal.ServerCallImpl$ServerStreamListenerImpl.halfClosed(ServerCallImpl.java:356)\n\tat io.grpc.internal.ServerImpl$JumpToApplicationThreadServerStreamListener$1HalfClosed.runInContext(ServerImpl.java:861)\n\tat io.grpc.internal.ContextRunnable.run(ContextRunnable.java:37)\n\tat io.grpc.internal.SerializingExecutor.run(SerializingExecutor.java:133)\n\tat java.base/java.util.concurrent.ThreadPoolExecutor.runWorker(ThreadPoolExecutor.java:1144)\n\tat java.base/java.util.concurrent.ThreadPoolExecutor$Worker.run(ThreadPoolExecutor.java:642)\n\tat java.base/java.lang.Thread.run(Thread.java:1583)\n\n"}}
[debug] [2026-08-30T04:11:26.366Z] Aug 29, 2026 9:11:26 PM io.gapi.emulators.netty.HttpHandler$1 onError
INFO: Exception when handling request: PERMISSION_DENIED: 
evaluation error at L46:9 for 'create' @ L46, false for 'create' @ L46
 {"metadata":{"emulator":{"name":"firestore"},"message":"Aug 29, 2026 9:11:26 PM io.gapi.emulators.netty.HttpHandler$1 onError\nINFO: Exception when handling request: PERMISSION_DENIED: \nevaluation error at L46:9 for 'create' @ L46, false for 'create' @ L46\n"}}
[debug] [2026-08-30T04:11:26.371Z] Aug 29, 2026 9:11:26 PM com.google.cloud.datastore.emulator.impl.util.WrappedStreamObserver onError
WARNING: Operation failed: 
false for 'create' @ L16, false for 'update' @ L16
com.google.cloud.datastore.core.exception.DatastoreException: 
false for 'create' @ L16, false for 'update' @ L16
	at com.google.cloud.datastore.core.exception.DatastoreException$Builder.build(DatastoreException.java:121)
	at com.google.cloud.datastore.emulator.impl.rules.DefaultEmulatorRulesAuthorizer.verboseError(DefaultEmulatorRulesAuthorizer.java:318)
	at com.google.cloud.datastore.emulator.impl.rules.DefaultEmulatorRulesAuthorizer.withVerboseErrors(DefaultEmulatorRulesAuthorizer.java:295)
	at com.google.cloud.datastore.emulator.impl.rules.DefaultEmulatorRulesAuthorizer.checkCommit(DefaultEmulatorRulesAuthorizer.java:114)
	at com.google.cloud.datastore.emulator.impl.firestore.FirestoreEmulatorHelper.commitHelper(FirestoreEmulatorHelper.java:360)
	at com.google.cloud.datastore.emulator.impl.firestore.FirestoreEmulatorHelper.internalCommit(FirestoreEmulatorHelper.java:314)
	at com.google.cloud.datastore.emulator.impl.firestore.CloudFirestoreV1.internalCommit(CloudFirestoreV1.java:1077)
	at com.google.cloud.datastore.emulator.impl.firestore.CloudFirestoreV1.updateDocument(CloudFirestoreV1.java:458)
	at com.google.cloud.datastore.emulator.impl.firestore.CloudFirestoreV1Router.updateDocument(CloudFirestoreV1Router.java:149)
	at com.google.cloud.datastore.emulator.firestore.v1.FirestoreV1GrpcAdapter$1.lambda$updateDocument$4(FirestoreV1GrpcAdapter.java:132)
	at com.google.cloud.datastore.emulator.firestore.v1.FirestoreV1GrpcAdapter.unary(FirestoreV1GrpcAdapter.java:72)
	at com.google.cloud.datastore.emulator.firestore.v1.FirestoreV1GrpcAdapter$1.updateDocument(FirestoreV1GrpcAdapter.java:132)
	at com.google.firestore.v1.FirestoreGrpc$MethodHandlers.invoke(FirestoreGrpc.java:1218)
	at io.grpc.stub.ServerCalls$UnaryServerCallHandler$UnaryServerCallListener.onHalfClose(ServerCalls.java:182)
	at io.grpc.PartialForwardingServerCallListener.onHalfClose(PartialForwardingServerCallListener.java:35)
	at io.grpc.ForwardingServerCallListener.onHalfClose(ForwardingServerCallListener.java:23)
	at io.grpc.ForwardingServerCallListener$SimpleForwardingServerCallListener.onHalfClose(ForwardingServerCallListener.java:40)
	at io.grpc.Contexts$ContextualizedServerCallListener.onHalfClose(Contexts.java:86)
	at io.grpc.PartialForwardingServerCallListener.onHalfClose(PartialForwardingServerCallListener.java:35)
	at io.grpc.ForwardingServerCallListener.onHalfClose(ForwardingServerCallListener.java:23)
	at io.grpc.ForwardingServerCallListener$SimpleForwardingServerCallListener.onHalfClose(ForwardingServerCallListener.java:40)
	at io.grpc.Contexts$ContextualizedServerCallListener.onHalfClose(Contexts.java:86)
	at io.grpc.internal.ServerCallImpl$ServerStreamListenerImpl.halfClosed(ServerCallImpl.java:356)
	at io.grpc.internal.ServerImpl$JumpToApplicationThreadServerStreamListener$1HalfClosed.runInContext(ServerImpl.java:861)
	at io.grpc.internal.ContextRunnable.run(ContextRunnable.java:37)
	at io.grpc.internal.SerializingExecutor.run(SerializingExecutor.java:133)
	at java.base/java.util.concurrent.ThreadPoolExecutor.runWorker(ThreadPoolExecutor.java:1144)
	at java.base/java.util.concurrent.ThreadPoolExecutor$Worker.run(ThreadPoolExecutor.java:642)
	at java.base/java.lang.Thread.run(Thread.java:1583)

 {"metadata":{"emulator":{"name":"firestore"},"message":"Aug 29, 2026 9:11:26 PM com.google.cloud.datastore.emulator.impl.util.WrappedStreamObserver onError\nWARNING: Operation failed: \nfalse for 'create' @ L16, false for 'update' @ L16\ncom.google.cloud.datastore.core.exception.DatastoreException: \nfalse for 'create' @ L16, false for 'update' @ L16\n\tat com.google.cloud.datastore.core.exception.DatastoreException$Builder.build(DatastoreException.java:121)\n\tat com.google.cloud.datastore.emulator.impl.rules.DefaultEmulatorRulesAuthorizer.verboseError(DefaultEmulatorRulesAuthorizer.java:318)\n\tat com.google.cloud.datastore.emulator.impl.rules.DefaultEmulatorRulesAuthorizer.withVerboseErrors(DefaultEmulatorRulesAuthorizer.java:295)\n\tat com.google.cloud.datastore.emulator.impl.rules.DefaultEmulatorRulesAuthorizer.checkCommit(DefaultEmulatorRulesAuthorizer.java:114)\n\tat com.google.cloud.datastore.emulator.impl.firestore.FirestoreEmulatorHelper.commitHelper(FirestoreEmulatorHelper.java:360)\n\tat com.google.cloud.datastore.emulator.impl.firestore.FirestoreEmulatorHelper.internalCommit(FirestoreEmulatorHelper.java:314)\n\tat com.google.cloud.datastore.emulator.impl.firestore.CloudFirestoreV1.internalCommit(CloudFirestoreV1.java:1077)\n\tat com.google.cloud.datastore.emulator.impl.firestore.CloudFirestoreV1.updateDocument(CloudFirestoreV1.java:458)\n\tat com.google.cloud.datastore.emulator.impl.firestore.CloudFirestoreV1Router.updateDocument(CloudFirestoreV1Router.java:149)\n\tat com.google.cloud.datastore.emulator.firestore.v1.FirestoreV1GrpcAdapter$1.lambda$updateDocument$4(FirestoreV1GrpcAdapter.java:132)\n\tat com.google.cloud.datastore.emulator.firestore.v1.FirestoreV1GrpcAdapter.unary(FirestoreV1GrpcAdapter.java:72)\n\tat com.google.cloud.datastore.emulator.firestore.v1.FirestoreV1GrpcAdapter$1.updateDocument(FirestoreV1GrpcAdapter.java:132)\n\tat com.google.firestore.v1.FirestoreGrpc$MethodHandlers.invoke(FirestoreGrpc.java:1218)\n\tat io.grpc.stub.ServerCalls$UnaryServerCallHandler$UnaryServerCallListener.onHalfClose(ServerCalls.java:182)\n\tat io.grpc.PartialForwardingServerCallListener.onHalfClose(PartialForwardingServerCallListener.java:35)\n\tat io.grpc.ForwardingServerCallListener.onHalfClose(ForwardingServerCallListener.java:23)\n\tat io.grpc.ForwardingServerCallListener$SimpleForwardingServerCallListener.onHalfClose(ForwardingServerCallListener.java:40)\n\tat io.grpc.Contexts$ContextualizedServerCallListener.onHalfClose(Contexts.java:86)\n\tat io.grpc.PartialForwardingServerCallListener.onHalfClose(PartialForwardingServerCallListener.java:35)\n\tat io.grpc.ForwardingServerCallListener.onHalfClose(ForwardingServerCallListener.java:23)\n\tat io.grpc.ForwardingServerCallListener$SimpleForwardingServerCallListener.onHalfClose(ForwardingServerCallListener.java:40)\n\tat io.grpc.Contexts$ContextualizedServerCallListener.onHalfClose(Contexts.java:86)\n\tat io.grpc.internal.ServerCallImpl$ServerStreamListenerImpl.halfClosed(ServerCallImpl.java:356)\n\tat io.grpc.internal.ServerImpl$JumpToApplicationThreadServerStreamListener$1HalfClosed.runInContext(ServerImpl.java:861)\n\tat io.grpc.internal.ContextRunnable.run(ContextRunnable.java:37)\n\tat io.grpc.internal.SerializingExecutor.run(SerializingExecutor.java:133)\n\tat java.base/java.util.concurrent.ThreadPoolExecutor.runWorker(ThreadPoolExecutor.java:1144)\n\tat java.base/java.util.concurrent.ThreadPoolExecutor$Worker.run(ThreadPoolExecutor.java:642)\n\tat java.base/java.lang.Thread.run(Thread.java:1583)\n\n"}}
[debug] [2026-08-30T04:11:26.371Z] Aug 29, 2026 9:11:26 PM io.gapi.emulators.netty.HttpHandler$1 onError
INFO: Exception when handling request: PERMISSION_DENIED: 
false for 'create' @ L16, false for 'update' @ L16
 {"metadata":{"emulator":{"name":"firestore"},"message":"Aug 29, 2026 9:11:26 PM io.gapi.emulators.netty.HttpHandler$1 onError\nINFO: Exception when handling request: PERMISSION_DENIED: \nfalse for 'create' @ L16, false for 'update' @ L16\n"}}
[debug] [2026-08-30T04:11:26.378Z] Aug 29, 2026 9:11:26 PM com.google.cloud.datastore.emulator.impl.util.WrappedStreamObserver onError
WARNING: Operation failed: entity already exists: EntityRef{partitionRef=dev~demo-cadence, path=/handles/jopark}
com.google.cloud.datastore.core.exception.DatastoreException: entity already exists: EntityRef{partitionRef=dev~demo-cadence, path=/handles/jopark}
	at com.google.cloud.datastore.core.exception.DatastoreException.withProblem(DatastoreException.java:207)
	at com.google.cloud.datastore.emulator.impl.util.FirestoreEmulatorConverters.alreadyExists(FirestoreEmulatorConverters.java:725)
	at com.google.cloud.datastore.emulator.impl.util.FirestoreEmulatorConverters.checkMutation(FirestoreEmulatorConverters.java:211)
	at com.google.cloud.datastore.emulator.impl.firestore.FirestoreEmulatorHelper.commitHelper(FirestoreEmulatorHelper.java:365)
	at com.google.cloud.datastore.emulator.impl.firestore.FirestoreEmulatorHelper.internalCommit(FirestoreEmulatorHelper.java:314)
	at com.google.cloud.datastore.emulator.impl.firestore.CloudFirestoreV1.internalCommit(CloudFirestoreV1.java:1077)
	at com.google.cloud.datastore.emulator.impl.firestore.CloudFirestoreV1.updateDocument(CloudFirestoreV1.java:458)
	at com.google.cloud.datastore.emulator.impl.firestore.CloudFirestoreV1Router.updateDocument(CloudFirestoreV1Router.java:149)
	at com.google.cloud.datastore.emulator.firestore.v1.FirestoreV1GrpcAdapter$1.lambda$updateDocument$4(FirestoreV1GrpcAdapter.java:132)
	at com.google.cloud.datastore.emulator.firestore.v1.FirestoreV1GrpcAdapter.unary(FirestoreV1GrpcAdapter.java:72)
	at com.google.cloud.datastore.emulator.firestore.v1.FirestoreV1GrpcAdapter$1.updateDocument(FirestoreV1GrpcAdapter.java:132)
	at com.google.firestore.v1.FirestoreGrpc$MethodHandlers.invoke(FirestoreGrpc.java:1218)
	at io.grpc.stub.ServerCalls$UnaryServerCallHandler$UnaryServerCallListener.onHalfClose(ServerCalls.java:182)
	at io.grpc.PartialForwardingServerCallListener.onHalfClose(PartialForwardingServerCallListener.java:35)
	at io.grpc.ForwardingServerCallListener.onHalfClose(ForwardingServerCallListener.java:23)
	at io.grpc.ForwardingServerCallListener$SimpleForwardingServerCallListener.onHalfClose(ForwardingServerCallListener.java:40)
	at io.grpc.Contexts$ContextualizedServerCallListener.onHalfClose(Contexts.java:86)
	at io.grpc.PartialForwardingServerCallListener.onHalfClose(PartialForwardingServerCallListener.java:35)
	at io.grpc.ForwardingServerCallListener.onHalfClose(ForwardingServerCallListener.java:23)
	at io.grpc.ForwardingServerCallListener$SimpleForwardingServerCallListener.onHalfClose(ForwardingServerCallListener.java:40)
	at io.grpc.Contexts$ContextualizedServerCallListener.onHalfClose(Contexts.java:86)
	at io.grpc.internal.ServerCallImpl$ServerStreamListenerImpl.halfClosed(ServerCallImpl.java:356)
	at io.grpc.internal.ServerImpl$JumpToApplicationThreadServerStreamListener$1HalfClosed.runInContext(ServerImpl.java:861)
	at io.grpc.internal.ContextRunnable.run(ContextRunnable.java:37)
	at io.grpc.internal.SerializingExecutor.run(SerializingExecutor.java:133)
	at java.base/java.util.concurrent.ThreadPoolExecutor.runWorker(ThreadPoolExecutor.java:1144)
	at java.base/java.util.concurrent.ThreadPoolExecutor$Worker.run(ThreadPoolExecutor.java:642)
	at java.base/java.lang.Thread.run(Thread.java:1583)

 {"metadata":{"emulator":{"name":"firestore"},"message":"Aug 29, 2026 9:11:26 PM com.google.cloud.datastore.emulator.impl.util.WrappedStreamObserver onError\nWARNING: Operation failed: entity already exists: EntityRef{partitionRef=dev~demo-cadence, path=/handles/jopark}\ncom.google.cloud.datastore.core.exception.DatastoreException: entity already exists: EntityRef{partitionRef=dev~demo-cadence, path=/handles/jopark}\n\tat com.google.cloud.datastore.core.exception.DatastoreException.withProblem(DatastoreException.java:207)\n\tat com.google.cloud.datastore.emulator.impl.util.FirestoreEmulatorConverters.alreadyExists(FirestoreEmulatorConverters.java:725)\n\tat com.google.cloud.datastore.emulator.impl.util.FirestoreEmulatorConverters.checkMutation(FirestoreEmulatorConverters.java:211)\n\tat com.google.cloud.datastore.emulator.impl.firestore.FirestoreEmulatorHelper.commitHelper(FirestoreEmulatorHelper.java:365)\n\tat com.google.cloud.datastore.emulator.impl.firestore.FirestoreEmulatorHelper.internalCommit(FirestoreEmulatorHelper.java:314)\n\tat com.google.cloud.datastore.emulator.impl.firestore.CloudFirestoreV1.internalCommit(CloudFirestoreV1.java:1077)\n\tat com.google.cloud.datastore.emulator.impl.firestore.CloudFirestoreV1.updateDocument(CloudFirestoreV1.java:458)\n\tat com.google.cloud.datastore.emulator.impl.firestore.CloudFirestoreV1Router.updateDocument(CloudFirestoreV1Router.java:149)\n\tat com.google.cloud.datastore.emulator.firestore.v1.FirestoreV1GrpcAdapter$1.lambda$updateDocument$4(FirestoreV1GrpcAdapter.java:132)\n\tat com.google.cloud.datastore.emulator.firestore.v1.FirestoreV1GrpcAdapter.unary(FirestoreV1GrpcAdapter.java:72)\n\tat com.google.cloud.datastore.emulator.firestore.v1.FirestoreV1GrpcAdapter$1.updateDocument(FirestoreV1GrpcAdapter.java:132)\n\tat com.google.firestore.v1.FirestoreGrpc$MethodHandlers.invoke(FirestoreGrpc.java:1218)\n\tat io.grpc.stub.ServerCalls$UnaryServerCallHandler$UnaryServerCallListener.onHalfClose(ServerCalls.java:182)\n\tat io.grpc.PartialForwardingServerCallListener.onHalfClose(PartialForwardingServerCallListener.java:35)\n\tat io.grpc.ForwardingServerCallListener.onHalfClose(ForwardingServerCallListener.java:23)\n\tat io.grpc.ForwardingServerCallListener$SimpleForwardingServerCallListener.onHalfClose(ForwardingServerCallListener.java:40)\n\tat io.grpc.Contexts$ContextualizedServerCallListener.onHalfClose(Contexts.java:86)\n\tat io.grpc.PartialForwardingServerCallListener.onHalfClose(PartialForwardingServerCallListener.java:35)\n\tat io.grpc.ForwardingServerCallListener.onHalfClose(ForwardingServerCallListener.java:23)\n\tat io.grpc.ForwardingServerCallListener$SimpleForwardingServerCallListener.onHalfClose(ForwardingServerCallListener.java:40)\n\tat io.grpc.Contexts$ContextualizedServerCallListener.onHalfClose(Contexts.java:86)\n\tat io.grpc.internal.ServerCallImpl$ServerStreamListenerImpl.halfClosed(ServerCallImpl.java:356)\n\tat io.grpc.internal.ServerImpl$JumpToApplicationThreadServerStreamListener$1HalfClosed.runInContext(ServerImpl.java:861)\n\tat io.grpc.internal.ContextRunnable.run(ContextRunnable.java:37)\n\tat io.grpc.internal.SerializingExecutor.run(SerializingExecutor.java:133)\n\tat java.base/java.util.concurrent.ThreadPoolExecutor.runWorker(ThreadPoolExecutor.java:1144)\n\tat java.base/java.util.concurrent.ThreadPoolExecutor$Worker.run(ThreadPoolExecutor.java:642)\n\tat java.base/java.lang.Thread.run(Thread.java:1583)\n\n"}}
[debug] [2026-08-30T04:11:26.378Z] Aug 29, 2026 9:11:26 PM io.gapi.emulators.netty.HttpHandler$1 onError
INFO: Exception when handling request: ALREADY_EXISTS: entity already exists: EntityRef{partitionRef=dev~demo-cadence, path=/handles/jopark}
 {"metadata":{"emulator":{"name":"firestore"},"message":"Aug 29, 2026 9:11:26 PM io.gapi.emulators.netty.HttpHandler$1 onError\nINFO: Exception when handling request: ALREADY_EXISTS: entity already exists: EntityRef{partitionRef=dev~demo-cadence, path=/handles/jopark}\n"}}
[debug] [2026-08-30T04:11:26.395Z] Aug 29, 2026 9:11:26 PM com.google.cloud.datastore.emulator.impl.util.WrappedStreamObserver onError
WARNING: Operation failed: Document (projects/demo-cadence/databases/(default)/documents/handles/rileychen) not found.
com.google.cloud.datastore.core.exception.DatastoreException: Document (projects/demo-cadence/databases/(default)/documents/handles/rileychen) not found.
	at com.google.cloud.datastore.emulator.impl.firestore.CloudFirestoreV1.getDocument(CloudFirestoreV1.java:335)
	at com.google.cloud.datastore.emulator.impl.firestore.CloudFirestoreV1Router.getDocument(CloudFirestoreV1Router.java:129)
	at com.google.cloud.datastore.emulator.impl.firestore.CloudFirestoreV1Router.getOrListDocuments(CloudFirestoreV1Router.java:123)
	at com.google.cloud.datastore.emulator.firestore.v1.FirestoreV1GrpcAdapter$1.lambda$getOrListDocuments$0(FirestoreV1GrpcAdapter.java:108)
	at com.google.cloud.datastore.emulator.firestore.v1.FirestoreV1GrpcAdapter.unary(FirestoreV1GrpcAdapter.java:72)
	at com.google.cloud.datastore.emulator.firestore.v1.FirestoreV1GrpcAdapter$1.getOrListDocuments(FirestoreV1GrpcAdapter.java:108)
	at com.google.firestore.v1.FirestoreGrpc$MethodHandlers.invoke(FirestoreGrpc.java:1206)
	at io.grpc.stub.ServerCalls$UnaryServerCallHandler$UnaryServerCallListener.onHalfClose(ServerCalls.java:182)
	at io.grpc.PartialForwardingServerCallListener.onHalfClose(PartialForwardingServerCallListener.java:35)
	at io.grpc.ForwardingServerCallListener.onHalfClose(ForwardingServerCallListener.java:23)
	at io.grpc.ForwardingServerCallListener$SimpleForwardingServerCallListener.onHalfClose(ForwardingServerCallListener.java:40)
	at io.grpc.Contexts$ContextualizedServerCallListener.onHalfClose(Contexts.java:86)
	at io.grpc.PartialForwardingServerCallListener.onHalfClose(PartialForwardingServerCallListener.java:35)
	at io.grpc.ForwardingServerCallListener.onHalfClose(ForwardingServerCallListener.java:23)
	at io.grpc.ForwardingServerCallListener$SimpleForwardingServerCallListener.onHalfClose(ForwardingServerCallListener.java:40)
	at io.grpc.Contexts$ContextualizedServerCallListener.onHalfClose(Contexts.java:86)
	at io.grpc.internal.ServerCallImpl$ServerStreamListenerImpl.halfClosed(ServerCallImpl.java:356)
	at io.grpc.internal.ServerImpl$JumpToApplicationThreadServerStreamListener$1HalfClosed.runInContext(ServerImpl.java:861)
	at io.grpc.internal.ContextRunnable.run(ContextRunnable.java:37)
	at io.grpc.internal.SerializingExecutor.run(SerializingExecutor.java:133)
	at java.base/java.util.concurrent.ThreadPoolExecutor.runWorker(ThreadPoolExecutor.java:1144)
	at java.base/java.util.concurrent.ThreadPoolExecutor$Worker.run(ThreadPoolExecutor.java:642)
	at java.base/java.lang.Thread.run(Thread.java:1583)

 {"metadata":{"emulator":{"name":"firestore"},"message":"Aug 29, 2026 9:11:26 PM com.google.cloud.datastore.emulator.impl.util.WrappedStreamObserver onError\nWARNING: Operation failed: Document (projects/demo-cadence/databases/(default)/documents/handles/rileychen) not found.\ncom.google.cloud.datastore.core.exception.DatastoreException: Document (projects/demo-cadence/databases/(default)/documents/handles/rileychen) not found.\n\tat com.google.cloud.datastore.emulator.impl.firestore.CloudFirestoreV1.getDocument(CloudFirestoreV1.java:335)\n\tat com.google.cloud.datastore.emulator.impl.firestore.CloudFirestoreV1Router.getDocument(CloudFirestoreV1Router.java:129)\n\tat com.google.cloud.datastore.emulator.impl.firestore.CloudFirestoreV1Router.getOrListDocuments(CloudFirestoreV1Router.java:123)\n\tat com.google.cloud.datastore.emulator.firestore.v1.FirestoreV1GrpcAdapter$1.lambda$getOrListDocuments$0(FirestoreV1GrpcAdapter.java:108)\n\tat com.google.cloud.datastore.emulator.firestore.v1.FirestoreV1GrpcAdapter.unary(FirestoreV1GrpcAdapter.java:72)\n\tat com.google.cloud.datastore.emulator.firestore.v1.FirestoreV1GrpcAdapter$1.getOrListDocuments(FirestoreV1GrpcAdapter.java:108)\n\tat com.google.firestore.v1.FirestoreGrpc$MethodHandlers.invoke(FirestoreGrpc.java:1206)\n\tat io.grpc.stub.ServerCalls$UnaryServerCallHandler$UnaryServerCallListener.onHalfClose(ServerCalls.java:182)\n\tat io.grpc.PartialForwardingServerCallListener.onHalfClose(PartialForwardingServerCallListener.java:35)\n\tat io.grpc.ForwardingServerCallListener.onHalfClose(ForwardingServerCallListener.java:23)\n\tat io.grpc.ForwardingServerCallListener$SimpleForwardingServerCallListener.onHalfClose(ForwardingServerCallListener.java:40)\n\tat io.grpc.Contexts$ContextualizedServerCallListener.onHalfClose(Contexts.java:86)\n\tat io.grpc.PartialForwardingServerCallListener.onHalfClose(PartialForwardingServerCallListener.java:35)\n\tat io.grpc.ForwardingServerCallListener.onHalfClose(ForwardingServerCallListener.java:23)\n\tat io.grpc.ForwardingServerCallListener$SimpleForwardingServerCallListener.onHalfClose(ForwardingServerCallListener.java:40)\n\tat io.grpc.Contexts$ContextualizedServerCallListener.onHalfClose(Contexts.java:86)\n\tat io.grpc.internal.ServerCallImpl$ServerStreamListenerImpl.halfClosed(ServerCallImpl.java:356)\n\tat io.grpc.internal.ServerImpl$JumpToApplicationThreadServerStreamListener$1HalfClosed.runInContext(ServerImpl.java:861)\n\tat io.grpc.internal.ContextRunnable.run(ContextRunnable.java:37)\n\tat io.grpc.internal.SerializingExecutor.run(SerializingExecutor.java:133)\n\tat java.base/java.util.concurrent.ThreadPoolExecutor.runWorker(ThreadPoolExecutor.java:1144)\n\tat java.base/java.util.concurrent.ThreadPoolExecutor$Worker.run(ThreadPoolExecutor.java:642)\n\tat java.base/java.lang.Thread.run(Thread.java:1583)\n\n"}}
[debug] [2026-08-30T04:11:26.396Z] Aug 29, 2026 9:11:26 PM io.gapi.emulators.netty.HttpHandler$1 onError
INFO: Exception when handling request: NOT_FOUND: Document (projects/demo-cadence/databases/(default)/documents/handles/rileychen) not found.
 {"metadata":{"emulator":{"name":"firestore"},"message":"Aug 29, 2026 9:11:26 PM io.gapi.emulators.netty.HttpHandler$1 onError\nINFO: Exception when handling request: NOT_FOUND: Document (projects/demo-cadence/databases/(default)/documents/handles/rileychen) not found.\n"}}
[info] i  storage: Change detected, updating rules for Cloud Storage... {"metadata":{"emulator":{"name":"storage"},"message":"Change detected, updating rules for Cloud Storage..."}}
[info] i  storage: Change detected, updating rules for Cloud Storage... {"metadata":{"emulator":{"name":"storage"},"message":"Change detected, updating rules for Cloud Storage..."}}
[debug] [2026-08-30T04:11:31.507Z] Aug 29, 2026 9:11:31 PM io.gapi.emulators.netty.HttpVersionRoutingHandler channelRead
INFO: Detected non-HTTP/2 connection.
 {"metadata":{"emulator":{"name":"firestore"},"message":"Aug 29, 2026 9:11:31 PM io.gapi.emulators.netty.HttpVersionRoutingHandler channelRead\nINFO: Detected non-HTTP/2 connection.\n"}}
[debug] [2026-08-30T04:11:31.523Z] Aug 29, 2026 9:11:31 PM com.google.cloud.datastore.emulator.impl.util.WrappedStreamObserver onError
WARNING: Operation failed: Document (projects/demo-cadence/databases/(default)/documents/friends/SLRiQEoPyADuPn2jKCX48Vk2SaaJ/list/KOFG5v7BohtFN7bCMoAq27stniyV) not found.
com.google.cloud.datastore.core.exception.DatastoreException: Document (projects/demo-cadence/databases/(default)/documents/friends/SLRiQEoPyADuPn2jKCX48Vk2SaaJ/list/KOFG5v7BohtFN7bCMoAq27stniyV) not found.
	at com.google.cloud.datastore.emulator.impl.firestore.CloudFirestoreV1.getDocument(CloudFirestoreV1.java:335)
	at com.google.cloud.datastore.emulator.impl.firestore.CloudFirestoreV1Router.getDocument(CloudFirestoreV1Router.java:129)
	at com.google.cloud.datastore.emulator.impl.firestore.CloudFirestoreV1Router.getOrListDocuments(CloudFirestoreV1Router.java:123)
	at com.google.cloud.datastore.emulator.firestore.v1.FirestoreV1GrpcAdapter$1.lambda$getOrListDocuments$0(FirestoreV1GrpcAdapter.java:108)
	at com.google.cloud.datastore.emulator.firestore.v1.FirestoreV1GrpcAdapter.unary(FirestoreV1GrpcAdapter.java:72)
	at com.google.cloud.datastore.emulator.firestore.v1.FirestoreV1GrpcAdapter$1.getOrListDocuments(FirestoreV1GrpcAdapter.java:108)
	at com.google.firestore.v1.FirestoreGrpc$MethodHandlers.invoke(FirestoreGrpc.java:1206)
	at io.grpc.stub.ServerCalls$UnaryServerCallHandler$UnaryServerCallListener.onHalfClose(ServerCalls.java:182)
	at io.grpc.PartialForwardingServerCallListener.onHalfClose(PartialForwardingServerCallListener.java:35)
	at io.grpc.ForwardingServerCallListener.onHalfClose(ForwardingServerCallListener.java:23)
	at io.grpc.ForwardingServerCallListener$SimpleForwardingServerCallListener.onHalfClose(ForwardingServerCallListener.java:40)
	at io.grpc.Contexts$ContextualizedServerCallListener.onHalfClose(Contexts.java:86)
	at io.grpc.PartialForwardingServerCallListener.onHalfClose(PartialForwardingServerCallListener.java:35)
	at io.grpc.ForwardingServerCallListener.onHalfClose(ForwardingServerCallListener.java:23)
	at io.grpc.ForwardingServerCallListener$SimpleForwardingServerCallListener.onHalfClose(ForwardingServerCallListener.java:40)
	at io.grpc.Contexts$ContextualizedServerCallListener.onHalfClose(Contexts.java:86)
	at io.grpc.internal.ServerCallImpl$ServerStreamListenerImpl.halfClosed(ServerCallImpl.java:356)
	at io.grpc.internal.ServerImpl$JumpToApplicationThreadServerStreamListener$1HalfClosed.runInContext(ServerImpl.java:861)
	at io.grpc.internal.ContextRunnable.run(ContextRunnable.java:37)
	at io.grpc.internal.SerializingExecutor.run(SerializingExecutor.java:133)
	at java.base/java.util.concurrent.ThreadPoolExecutor.runWorker(ThreadPoolExecutor.java:1144)
	at java.base/java.util.concurrent.ThreadPoolExecutor$Worker.run(ThreadPoolExecutor.java:642)
	at java.base/java.lang.Thread.run(Thread.java:1583)

 {"metadata":{"emulator":{"name":"firestore"},"message":"Aug 29, 2026 9:11:31 PM com.google.cloud.datastore.emulator.impl.util.WrappedStreamObserver onError\nWARNING: Operation failed: Document (projects/demo-cadence/databases/(default)/documents/friends/SLRiQEoPyADuPn2jKCX48Vk2SaaJ/list/KOFG5v7BohtFN7bCMoAq27stniyV) not found.\ncom.google.cloud.datastore.core.exception.DatastoreException: Document (projects/demo-cadence/databases/(default)/documents/friends/SLRiQEoPyADuPn2jKCX48Vk2SaaJ/list/KOFG5v7BohtFN7bCMoAq27stniyV) not found.\n\tat com.google.cloud.datastore.emulator.impl.firestore.CloudFirestoreV1.getDocument(CloudFirestoreV1.java:335)\n\tat com.google.cloud.datastore.emulator.impl.firestore.CloudFirestoreV1Router.getDocument(CloudFirestoreV1Router.java:129)\n\tat com.google.cloud.datastore.emulator.impl.firestore.CloudFirestoreV1Router.getOrListDocuments(CloudFirestoreV1Router.java:123)\n\tat com.google.cloud.datastore.emulator.firestore.v1.FirestoreV1GrpcAdapter$1.lambda$getOrListDocuments$0(FirestoreV1GrpcAdapter.java:108)\n\tat com.google.cloud.datastore.emulator.firestore.v1.FirestoreV1GrpcAdapter.unary(FirestoreV1GrpcAdapter.java:72)\n\tat com.google.cloud.datastore.emulator.firestore.v1.FirestoreV1GrpcAdapter$1.getOrListDocuments(FirestoreV1GrpcAdapter.java:108)\n\tat com.google.firestore.v1.FirestoreGrpc$MethodHandlers.invoke(FirestoreGrpc.java:1206)\n\tat io.grpc.stub.ServerCalls$UnaryServerCallHandler$UnaryServerCallListener.onHalfClose(ServerCalls.java:182)\n\tat io.grpc.PartialForwardingServerCallListener.onHalfClose(PartialForwardingServerCallListener.java:35)\n\tat io.grpc.ForwardingServerCallListener.onHalfClose(ForwardingServerCallListener.java:23)\n\tat io.grpc.ForwardingServerCallListener$SimpleForwardingServerCallListener.onHalfClose(ForwardingServerCallListener.java:40)\n\tat io.grpc.Contexts$ContextualizedServerCallListener.onHalfClose(Contexts.java:86)\n\tat io.grpc.PartialForwardingServerCallListener.onHalfClose(PartialForwardingServerCallListener.java:35)\n\tat io.grpc.ForwardingServerCallListener.onHalfClose(ForwardingServerCallListener.java:23)\n\tat io.grpc.ForwardingServerCallListener$SimpleForwardingServerCallListener.onHalfClose(ForwardingServerCallListener.java:40)\n\tat io.grpc.Contexts$ContextualizedServerCallListener.onHalfClose(Contexts.java:86)\n\tat io.grpc.internal.ServerCallImpl$ServerStreamListenerImpl.halfClosed(ServerCallImpl.java:356)\n\tat io.grpc.internal.ServerImpl$JumpToApplicationThreadServerStreamListener$1HalfClosed.runInContext(ServerImpl.java:861)\n\tat io.grpc.internal.ContextRunnable.run(ContextRunnable.java:37)\n\tat io.grpc.internal.SerializingExecutor.run(SerializingExecutor.java:133)\n\tat java.base/java.util.concurrent.ThreadPoolExecutor.runWorker(ThreadPoolExecutor.java:1144)\n\tat java.base/java.util.concurrent.ThreadPoolExecutor$Worker.run(ThreadPoolExecutor.java:642)\n\tat java.base/java.lang.Thread.run(Thread.java:1583)\n\n"}}
[debug] [2026-08-30T04:11:31.524Z] Aug 29, 2026 9:11:31 PM io.gapi.emulators.netty.HttpHandler$1 onError
INFO: Exception when handling request: NOT_FOUND: Document (projects/demo-cadence/databases/(default)/documents/friends/SLRiQEoPyADuPn2jKCX48Vk2SaaJ/list/KOFG5v7BohtFN7bCMoAq27stniyV) not found.
 {"metadata":{"emulator":{"name":"firestore"},"message":"Aug 29, 2026 9:11:31 PM io.gapi.emulators.netty.HttpHandler$1 onError\nINFO: Exception when handling request: NOT_FOUND: Document (projects/demo-cadence/databases/(default)/documents/friends/SLRiQEoPyADuPn2jKCX48Vk2SaaJ/list/KOFG5v7BohtFN7bCMoAq27stniyV) not found.\n"}}
[debug] [2026-08-30T04:11:31.528Z] Aug 29, 2026 9:11:31 PM com.google.cloud.datastore.emulator.impl.util.WrappedStreamObserver onError
WARNING: Operation failed: Document (projects/demo-cadence/databases/(default)/documents/users/SLRiQEoPyADuPn2jKCX48Vk2SaaJ/requests/KOFG5v7BohtFN7bCMoAq27stniyV) not found.
com.google.cloud.datastore.core.exception.DatastoreException: Document (projects/demo-cadence/databases/(default)/documents/users/SLRiQEoPyADuPn2jKCX48Vk2SaaJ/requests/KOFG5v7BohtFN7bCMoAq27stniyV) not found.
	at com.google.cloud.datastore.emulator.impl.firestore.CloudFirestoreV1.getDocument(CloudFirestoreV1.java:335)
	at com.google.cloud.datastore.emulator.impl.firestore.CloudFirestoreV1Router.getDocument(CloudFirestoreV1Router.java:129)
	at com.google.cloud.datastore.emulator.impl.firestore.CloudFirestoreV1Router.getOrListDocuments(CloudFirestoreV1Router.java:123)
	at com.google.cloud.datastore.emulator.firestore.v1.FirestoreV1GrpcAdapter$1.lambda$getOrListDocuments$0(FirestoreV1GrpcAdapter.java:108)
	at com.google.cloud.datastore.emulator.firestore.v1.FirestoreV1GrpcAdapter.unary(FirestoreV1GrpcAdapter.java:72)
	at com.google.cloud.datastore.emulator.firestore.v1.FirestoreV1GrpcAdapter$1.getOrListDocuments(FirestoreV1GrpcAdapter.java:108)
	at com.google.firestore.v1.FirestoreGrpc$MethodHandlers.invoke(FirestoreGrpc.java:1206)
	at io.grpc.stub.ServerCalls$UnaryServerCallHandler$UnaryServerCallListener.onHalfClose(ServerCalls.java:182)
	at io.grpc.PartialForwardingServerCallListener.onHalfClose(PartialForwardingServerCallListener.java:35)
	at io.grpc.ForwardingServerCallListener.onHalfClose(ForwardingServerCallListener.java:23)
	at io.grpc.ForwardingServerCallListener$SimpleForwardingServerCallListener.onHalfClose(ForwardingServerCallListener.java:40)
	at io.grpc.Contexts$ContextualizedServerCallListener.onHalfClose(Contexts.java:86)
	at io.grpc.PartialForwardingServerCallListener.onHalfClose(PartialForwardingServerCallListener.java:35)
	at io.grpc.ForwardingServerCallListener.onHalfClose(ForwardingServerCallListener.java:23)
	at io.grpc.ForwardingServerCallListener$SimpleForwardingServerCallListener.onHalfClose(ForwardingServerCallListener.java:40)
	at io.grpc.Contexts$ContextualizedServerCallListener.onHalfClose(Contexts.java:86)
	at io.grpc.internal.ServerCallImpl$ServerStreamListenerImpl.halfClosed(ServerCallImpl.java:356)
	at io.grpc.internal.ServerImpl$JumpToApplicationThreadServerStreamListener$1HalfClosed.runInContext(ServerImpl.java:861)
	at io.grpc.internal.ContextRunnable.run(ContextRunnable.java:37)
	at io.grpc.internal.SerializingExecutor.run(SerializingExecutor.java:133)
	at java.base/java.util.concurrent.ThreadPoolExecutor.runWorker(ThreadPoolExecutor.java:1144)
	at java.base/java.util.concurrent.ThreadPoolExecutor$Worker.run(ThreadPoolExecutor.java:642)
	at java.base/java.lang.Thread.run(Thread.java:1583)

 {"metadata":{"emulator":{"name":"firestore"},"message":"Aug 29, 2026 9:11:31 PM com.google.cloud.datastore.emulator.impl.util.WrappedStreamObserver onError\nWARNING: Operation failed: Document (projects/demo-cadence/databases/(default)/documents/users/SLRiQEoPyADuPn2jKCX48Vk2SaaJ/requests/KOFG5v7BohtFN7bCMoAq27stniyV) not found.\ncom.google.cloud.datastore.core.exception.DatastoreException: Document (projects/demo-cadence/databases/(default)/documents/users/SLRiQEoPyADuPn2jKCX48Vk2SaaJ/requests/KOFG5v7BohtFN7bCMoAq27stniyV) not found.\n\tat com.google.cloud.datastore.emulator.impl.firestore.CloudFirestoreV1.getDocument(CloudFirestoreV1.java:335)\n\tat com.google.cloud.datastore.emulator.impl.firestore.CloudFirestoreV1Router.getDocument(CloudFirestoreV1Router.java:129)\n\tat com.google.cloud.datastore.emulator.impl.firestore.CloudFirestoreV1Router.getOrListDocuments(CloudFirestoreV1Router.java:123)\n\tat com.google.cloud.datastore.emulator.firestore.v1.FirestoreV1GrpcAdapter$1.lambda$getOrListDocuments$0(FirestoreV1GrpcAdapter.java:108)\n\tat com.google.cloud.datastore.emulator.firestore.v1.FirestoreV1GrpcAdapter.unary(FirestoreV1GrpcAdapter.java:72)\n\tat com.google.cloud.datastore.emulator.firestore.v1.FirestoreV1GrpcAdapter$1.getOrListDocuments(FirestoreV1GrpcAdapter.java:108)\n\tat com.google.firestore.v1.FirestoreGrpc$MethodHandlers.invoke(FirestoreGrpc.java:1206)\n\tat io.grpc.stub.ServerCalls$UnaryServerCallHandler$UnaryServerCallListener.onHalfClose(ServerCalls.java:182)\n\tat io.grpc.PartialForwardingServerCallListener.onHalfClose(PartialForwardingServerCallListener.java:35)\n\tat io.grpc.ForwardingServerCallListener.onHalfClose(ForwardingServerCallListener.java:23)\n\tat io.grpc.ForwardingServerCallListener$SimpleForwardingServerCallListener.onHalfClose(ForwardingServerCallListener.java:40)\n\tat io.grpc.Contexts$ContextualizedServerCallListener.onHalfClose(Contexts.java:86)\n\tat io.grpc.PartialForwardingServerCallListener.onHalfClose(PartialForwardingServerCallListener.java:35)\n\tat io.grpc.ForwardingServerCallListener.onHalfClose(ForwardingServerCallListener.java:23)\n\tat io.grpc.ForwardingServerCallListener$SimpleForwardingServerCallListener.onHalfClose(ForwardingServerCallListener.java:40)\n\tat io.grpc.Contexts$ContextualizedServerCallListener.onHalfClose(Contexts.java:86)\n\tat io.grpc.internal.ServerCallImpl$ServerStreamListenerImpl.halfClosed(ServerCallImpl.java:356)\n\tat io.grpc.internal.ServerImpl$JumpToApplicationThreadServerStreamListener$1HalfClosed.runInContext(ServerImpl.java:861)\n\tat io.grpc.internal.ContextRunnable.run(ContextRunnable.java:37)\n\tat io.grpc.internal.SerializingExecutor.run(SerializingExecutor.java:133)\n\tat java.base/java.util.concurrent.ThreadPoolExecutor.runWorker(ThreadPoolExecutor.java:1144)\n\tat java.base/java.util.concurrent.ThreadPoolExecutor$Worker.run(ThreadPoolExecutor.java:642)\n\tat java.base/java.lang.Thread.run(Thread.java:1583)\n\n"}}
[debug] [2026-08-30T04:11:31.529Z] Aug 29, 2026 9:11:31 PM io.gapi.emulators.netty.HttpHandler$1 onError
INFO: Exception when handling request: NOT_FOUND: Document (projects/demo-cadence/databases/(default)/documents/users/SLRiQEoPyADuPn2jKCX48Vk2SaaJ/requests/KOFG5v7BohtFN7bCMoAq27stniyV) not found.
 {"metadata":{"emulator":{"name":"firestore"},"message":"Aug 29, 2026 9:11:31 PM io.gapi.emulators.netty.HttpHandler$1 onError\nINFO: Exception when handling request: NOT_FOUND: Document (projects/demo-cadence/databases/(default)/documents/users/SLRiQEoPyADuPn2jKCX48Vk2SaaJ/requests/KOFG5v7BohtFN7bCMoAq27stniyV) not found.\n"}}
[debug] [2026-08-30T04:11:31.533Z] Aug 29, 2026 9:11:31 PM com.google.cloud.datastore.emulator.impl.util.WrappedStreamObserver onError
WARNING: Operation failed: Document (projects/demo-cadence/databases/(default)/documents/users/KOFG5v7BohtFN7bCMoAq27stniyV/requests/SLRiQEoPyADuPn2jKCX48Vk2SaaJ) not found.
com.google.cloud.datastore.core.exception.DatastoreException: Document (projects/demo-cadence/databases/(default)/documents/users/KOFG5v7BohtFN7bCMoAq27stniyV/requests/SLRiQEoPyADuPn2jKCX48Vk2SaaJ) not found.
	at com.google.cloud.datastore.emulator.impl.firestore.CloudFirestoreV1.getDocument(CloudFirestoreV1.java:335)
	at com.google.cloud.datastore.emulator.impl.firestore.CloudFirestoreV1Router.getDocument(CloudFirestoreV1Router.java:129)
	at com.google.cloud.datastore.emulator.impl.firestore.CloudFirestoreV1Router.getOrListDocuments(CloudFirestoreV1Router.java:123)
	at com.google.cloud.datastore.emulator.firestore.v1.FirestoreV1GrpcAdapter$1.lambda$getOrListDocuments$0(FirestoreV1GrpcAdapter.java:108)
	at com.google.cloud.datastore.emulator.firestore.v1.FirestoreV1GrpcAdapter.unary(FirestoreV1GrpcAdapter.java:72)
	at com.google.cloud.datastore.emulator.firestore.v1.FirestoreV1GrpcAdapter$1.getOrListDocuments(FirestoreV1GrpcAdapter.java:108)
	at com.google.firestore.v1.FirestoreGrpc$MethodHandlers.invoke(FirestoreGrpc.java:1206)
	at io.grpc.stub.ServerCalls$UnaryServerCallHandler$UnaryServerCallListener.onHalfClose(ServerCalls.java:182)
	at io.grpc.PartialForwardingServerCallListener.onHalfClose(PartialForwardingServerCallListener.java:35)
	at io.grpc.ForwardingServerCallListener.onHalfClose(ForwardingServerCallListener.java:23)
	at io.grpc.ForwardingServerCallListener$SimpleForwardingServerCallListener.onHalfClose(ForwardingServerCallListener.java:40)
	at io.grpc.Contexts$ContextualizedServerCallListener.onHalfClose(Contexts.java:86)
	at io.grpc.PartialForwardingServerCallListener.onHalfClose(PartialForwardingServerCallListener.java:35)
	at io.grpc.ForwardingServerCallListener.onHalfClose(ForwardingServerCallListener.java:23)
	at io.grpc.ForwardingServerCallListener$SimpleForwardingServerCallListener.onHalfClose(ForwardingServerCallListener.java:40)
	at io.grpc.Contexts$ContextualizedServerCallListener.onHalfClose(Contexts.java:86)
	at io.grpc.internal.ServerCallImpl$ServerStreamListenerImpl.halfClosed(ServerCallImpl.java:356)
	at io.grpc.internal.ServerImpl$JumpToApplicationThreadServerStreamListener$1HalfClosed.runInContext(ServerImpl.java:861)
	at io.grpc.internal.ContextRunnable.run(ContextRunnable.java:37)
	at io.grpc.internal.SerializingExecutor.run(SerializingExecutor.java:133)
	at java.base/java.util.concurrent.ThreadPoolExecutor.runWorker(ThreadPoolExecutor.java:1144)
	at java.base/java.util.concurrent.ThreadPoolExecutor$Worker.run(ThreadPoolExecutor.java:642)
	at java.base/java.lang.Thread.run(Thread.java:1583)

 {"metadata":{"emulator":{"name":"firestore"},"message":"Aug 29, 2026 9:11:31 PM com.google.cloud.datastore.emulator.impl.util.WrappedStreamObserver onError\nWARNING: Operation failed: Document (projects/demo-cadence/databases/(default)/documents/users/KOFG5v7BohtFN7bCMoAq27stniyV/requests/SLRiQEoPyADuPn2jKCX48Vk2SaaJ) not found.\ncom.google.cloud.datastore.core.exception.DatastoreException: Document (projects/demo-cadence/databases/(default)/documents/users/KOFG5v7BohtFN7bCMoAq27stniyV/requests/SLRiQEoPyADuPn2jKCX48Vk2SaaJ) not found.\n\tat com.google.cloud.datastore.emulator.impl.firestore.CloudFirestoreV1.getDocument(CloudFirestoreV1.java:335)\n\tat com.google.cloud.datastore.emulator.impl.firestore.CloudFirestoreV1Router.getDocument(CloudFirestoreV1Router.java:129)\n\tat com.google.cloud.datastore.emulator.impl.firestore.CloudFirestoreV1Router.getOrListDocuments(CloudFirestoreV1Router.java:123)\n\tat com.google.cloud.datastore.emulator.firestore.v1.FirestoreV1GrpcAdapter$1.lambda$getOrListDocuments$0(FirestoreV1GrpcAdapter.java:108)\n\tat com.google.cloud.datastore.emulator.firestore.v1.FirestoreV1GrpcAdapter.unary(FirestoreV1GrpcAdapter.java:72)\n\tat com.google.cloud.datastore.emulator.firestore.v1.FirestoreV1GrpcAdapter$1.getOrListDocuments(FirestoreV1GrpcAdapter.java:108)\n\tat com.google.firestore.v1.FirestoreGrpc$MethodHandlers.invoke(FirestoreGrpc.java:1206)\n\tat io.grpc.stub.ServerCalls$UnaryServerCallHandler$UnaryServerCallListener.onHalfClose(ServerCalls.java:182)\n\tat io.grpc.PartialForwardingServerCallListener.onHalfClose(PartialForwardingServerCallListener.java:35)\n\tat io.grpc.ForwardingServerCallListener.onHalfClose(ForwardingServerCallListener.java:23)\n\tat io.grpc.ForwardingServerCallListener$SimpleForwardingServerCallListener.onHalfClose(ForwardingServerCallListener.java:40)\n\tat io.grpc.Contexts$ContextualizedServerCallListener.onHalfClose(Contexts.java:86)\n\tat io.grpc.PartialForwardingServerCallListener.onHalfClose(PartialForwardingServerCallListener.java:35)\n\tat io.grpc.ForwardingServerCallListener.onHalfClose(ForwardingServerCallListener.java:23)\n\tat io.grpc.ForwardingServerCallListener$SimpleForwardingServerCallListener.onHalfClose(ForwardingServerCallListener.java:40)\n\tat io.grpc.Contexts$ContextualizedServerCallListener.onHalfClose(Contexts.java:86)\n\tat io.grpc.internal.ServerCallImpl$ServerStreamListenerImpl.halfClosed(ServerCallImpl.java:356)\n\tat io.grpc.internal.ServerImpl$JumpToApplicationThreadServerStreamListener$1HalfClosed.runInContext(ServerImpl.java:861)\n\tat io.grpc.internal.ContextRunnable.run(ContextRunnable.java:37)\n\tat io.grpc.internal.SerializingExecutor.run(SerializingExecutor.java:133)\n\tat java.base/java.util.concurrent.ThreadPoolExecutor.runWorker(ThreadPoolExecutor.java:1144)\n\tat java.base/java.util.concurrent.ThreadPoolExecutor$Worker.run(ThreadPoolExecutor.java:642)\n\tat java.base/java.lang.Thread.run(Thread.java:1583)\n\n"}}
[debug] [2026-08-30T04:11:31.533Z] Aug 29, 2026 9:11:31 PM io.gapi.emulators.netty.HttpHandler$1 onError
INFO: Exception when handling request: NOT_FOUND: Document (projects/demo-cadence/databases/(default)/documents/users/KOFG5v7BohtFN7bCMoAq27stniyV/requests/SLRiQEoPyADuPn2jKCX48Vk2SaaJ) not found.
 {"metadata":{"emulator":{"name":"firestore"},"message":"Aug 29, 2026 9:11:31 PM io.gapi.emulators.netty.HttpHandler$1 onError\nINFO: Exception when handling request: NOT_FOUND: Document (projects/demo-cadence/databases/(default)/documents/users/KOFG5v7BohtFN7bCMoAq27stniyV/requests/SLRiQEoPyADuPn2jKCX48Vk2SaaJ) not found.\n"}}
[debug] [2026-08-30T04:11:31.556Z] Aug 29, 2026 9:11:31 PM io.gapi.emulators.netty.HttpVersionRoutingHandler channelRead
INFO: Detected non-HTTP/2 connection.
 {"metadata":{"emulator":{"name":"firestore"},"message":"Aug 29, 2026 9:11:31 PM io.gapi.emulators.netty.HttpVersionRoutingHandler channelRead\nINFO: Detected non-HTTP/2 connection.\n"}}
[debug] [2026-08-30T04:11:50.593Z] Aug 29, 2026 9:11:50 PM io.gapi.emulators.netty.HttpVersionRoutingHandler channelRead
INFO: Detected non-HTTP/2 connection.
 {"metadata":{"emulator":{"name":"firestore"},"message":"Aug 29, 2026 9:11:50 PM io.gapi.emulators.netty.HttpVersionRoutingHandler channelRead\nINFO: Detected non-HTTP/2 connection.\n"}}
[debug] [2026-08-30T04:11:50.607Z] Aug 29, 2026 9:11:50 PM com.google.cloud.datastore.emulator.impl.util.WrappedStreamObserver onError
WARNING: Operation failed: Document (projects/demo-cadence/databases/(default)/documents/users/M9ZAOpwWcTwAFOS5uxK4DUZbMWcV) not found.
com.google.cloud.datastore.core.exception.DatastoreException: Document (projects/demo-cadence/databases/(default)/documents/users/M9ZAOpwWcTwAFOS5uxK4DUZbMWcV) not found.
	at com.google.cloud.datastore.emulator.impl.firestore.CloudFirestoreV1.getDocument(CloudFirestoreV1.java:335)
	at com.google.cloud.datastore.emulator.impl.firestore.CloudFirestoreV1Router.getDocument(CloudFirestoreV1Router.java:129)
	at com.google.cloud.datastore.emulator.impl.firestore.CloudFirestoreV1Router.getOrListDocuments(CloudFirestoreV1Router.java:123)
	at com.google.cloud.datastore.emulator.firestore.v1.FirestoreV1GrpcAdapter$1.lambda$getOrListDocuments$0(FirestoreV1GrpcAdapter.java:108)
	at com.google.cloud.datastore.emulator.firestore.v1.FirestoreV1GrpcAdapter.unary(FirestoreV1GrpcAdapter.java:72)
	at com.google.cloud.datastore.emulator.firestore.v1.FirestoreV1GrpcAdapter$1.getOrListDocuments(FirestoreV1GrpcAdapter.java:108)
	at com.google.firestore.v1.FirestoreGrpc$MethodHandlers.invoke(FirestoreGrpc.java:1206)
	at io.grpc.stub.ServerCalls$UnaryServerCallHandler$UnaryServerCallListener.onHalfClose(ServerCalls.java:182)
	at io.grpc.PartialForwardingServerCallListener.onHalfClose(PartialForwardingServerCallListener.java:35)
	at io.grpc.ForwardingServerCallListener.onHalfClose(ForwardingServerCallListener.java:23)
	at io.grpc.ForwardingServerCallListener$SimpleForwardingServerCallListener.onHalfClose(ForwardingServerCallListener.java:40)
	at io.grpc.Contexts$ContextualizedServerCallListener.onHalfClose(Contexts.java:86)
	at io.grpc.PartialForwardingServerCallListener.onHalfClose(PartialForwardingServerCallListener.java:35)
	at io.grpc.ForwardingServerCallListener.onHalfClose(ForwardingServerCallListener.java:23)
	at io.grpc.ForwardingServerCallListener$SimpleForwardingServerCallListener.onHalfClose(ForwardingServerCallListener.java:40)
	at io.grpc.Contexts$ContextualizedServerCallListener.onHalfClose(Contexts.java:86)
	at io.grpc.internal.ServerCallImpl$ServerStreamListenerImpl.halfClosed(ServerCallImpl.java:356)
	at io.grpc.internal.ServerImpl$JumpToApplicationThreadServerStreamListener$1HalfClosed.runInContext(ServerImpl.java:861)
	at io.grpc.internal.ContextRunnable.run(ContextRunnable.java:37)
	at io.grpc.internal.SerializingExecutor.run(SerializingExecutor.java:133)
	at java.base/java.util.concurrent.ThreadPoolExecutor.runWorker(ThreadPoolExecutor.java:1144)
	at java.base/java.util.concurrent.ThreadPoolExecutor$Worker.run(ThreadPoolExecutor.java:642)
	at java.base/java.lang.Thread.run(Thread.java:1583)

 {"metadata":{"emulator":{"name":"firestore"},"message":"Aug 29, 2026 9:11:50 PM com.google.cloud.datastore.emulator.impl.util.WrappedStreamObserver onError\nWARNING: Operation failed: Document (projects/demo-cadence/databases/(default)/documents/users/M9ZAOpwWcTwAFOS5uxK4DUZbMWcV) not found.\ncom.google.cloud.datastore.core.exception.DatastoreException: Document (projects/demo-cadence/databases/(default)/documents/users/M9ZAOpwWcTwAFOS5uxK4DUZbMWcV) not found.\n\tat com.google.cloud.datastore.emulator.impl.firestore.CloudFirestoreV1.getDocument(CloudFirestoreV1.java:335)\n\tat com.google.cloud.datastore.emulator.impl.firestore.CloudFirestoreV1Router.getDocument(CloudFirestoreV1Router.java:129)\n\tat com.google.cloud.datastore.emulator.impl.firestore.CloudFirestoreV1Router.getOrListDocuments(CloudFirestoreV1Router.java:123)\n\tat com.google.cloud.datastore.emulator.firestore.v1.FirestoreV1GrpcAdapter$1.lambda$getOrListDocuments$0(FirestoreV1GrpcAdapter.java:108)\n\tat com.google.cloud.datastore.emulator.firestore.v1.FirestoreV1GrpcAdapter.unary(FirestoreV1GrpcAdapter.java:72)\n\tat com.google.cloud.datastore.emulator.firestore.v1.FirestoreV1GrpcAdapter$1.getOrListDocuments(FirestoreV1GrpcAdapter.java:108)\n\tat com.google.firestore.v1.FirestoreGrpc$MethodHandlers.invoke(FirestoreGrpc.java:1206)\n\tat io.grpc.stub.ServerCalls$UnaryServerCallHandler$UnaryServerCallListener.onHalfClose(ServerCalls.java:182)\n\tat io.grpc.PartialForwardingServerCallListener.onHalfClose(PartialForwardingServerCallListener.java:35)\n\tat io.grpc.ForwardingServerCallListener.onHalfClose(ForwardingServerCallListener.java:23)\n\tat io.grpc.ForwardingServerCallListener$SimpleForwardingServerCallListener.onHalfClose(ForwardingServerCallListener.java:40)\n\tat io.grpc.Contexts$ContextualizedServerCallListener.onHalfClose(Contexts.java:86)\n\tat io.grpc.PartialForwardingServerCallListener.onHalfClose(PartialForwardingServerCallListener.java:35)\n\tat io.grpc.ForwardingServerCallListener.onHalfClose(ForwardingServerCallListener.java:23)\n\tat io.grpc.ForwardingServerCallListener$SimpleForwardingServerCallListener.onHalfClose(ForwardingServerCallListener.java:40)\n\tat io.grpc.Contexts$ContextualizedServerCallListener.onHalfClose(Contexts.java:86)\n\tat io.grpc.internal.ServerCallImpl$ServerStreamListenerImpl.halfClosed(ServerCallImpl.java:356)\n\tat io.grpc.internal.ServerImpl$JumpToApplicationThreadServerStreamListener$1HalfClosed.runInContext(ServerImpl.java:861)\n\tat io.grpc.internal.ContextRunnable.run(ContextRunnable.java:37)\n\tat io.grpc.internal.SerializingExecutor.run(SerializingExecutor.java:133)\n\tat java.base/java.util.concurrent.ThreadPoolExecutor.runWorker(ThreadPoolExecutor.java:1144)\n\tat java.base/java.util.concurrent.ThreadPoolExecutor$Worker.run(ThreadPoolExecutor.java:642)\n\tat java.base/java.lang.Thread.run(Thread.java:1583)\n\n"}}
[debug] [2026-08-30T04:11:50.608Z] Aug 29, 2026 9:11:50 PM io.gapi.emulators.netty.HttpHandler$1 onError
INFO: Exception when handling request: NOT_FOUND: Document (projects/demo-cadence/databases/(default)/documents/users/M9ZAOpwWcTwAFOS5uxK4DUZbMWcV) not found.
 {"metadata":{"emulator":{"name":"firestore"},"message":"Aug 29, 2026 9:11:50 PM io.gapi.emulators.netty.HttpHandler$1 onError\nINFO: Exception when handling request: NOT_FOUND: Document (projects/demo-cadence/databases/(default)/documents/users/M9ZAOpwWcTwAFOS5uxK4DUZbMWcV) not found.\n"}}
[debug] [2026-08-30T04:11:50.610Z] Aug 29, 2026 9:11:50 PM io.gapi.emulators.netty.HttpVersionRoutingHandler channelRead
INFO: Detected non-HTTP/2 connection.
 {"metadata":{"emulator":{"name":"firestore"},"message":"Aug 29, 2026 9:11:50 PM io.gapi.emulators.netty.HttpVersionRoutingHandler channelRead\nINFO: Detected non-HTTP/2 connection.\n"}}
[debug] [2026-08-30T04:11:50.626Z] Aug 29, 2026 9:11:50 PM com.google.cloud.datastore.emulator.impl.util.WrappedStreamObserver onError
WARNING: Operation failed: Document (projects/demo-cadence/databases/(default)/documents/users/W2a2GSKv4dNpnmSUA9dQH0HIbKfn) not found.
com.google.cloud.datastore.core.exception.DatastoreException: Document (projects/demo-cadence/databases/(default)/documents/users/W2a2GSKv4dNpnmSUA9dQH0HIbKfn) not found.
	at com.google.cloud.datastore.emulator.impl.firestore.CloudFirestoreV1.getDocument(CloudFirestoreV1.java:335)
	at com.google.cloud.datastore.emulator.impl.firestore.CloudFirestoreV1Router.getDocument(CloudFirestoreV1Router.java:129)
	at com.google.cloud.datastore.emulator.impl.firestore.CloudFirestoreV1Router.getOrListDocuments(CloudFirestoreV1Router.java:123)
	at com.google.cloud.datastore.emulator.firestore.v1.FirestoreV1GrpcAdapter$1.lambda$getOrListDocuments$0(FirestoreV1GrpcAdapter.java:108)
	at com.google.cloud.datastore.emulator.firestore.v1.FirestoreV1GrpcAdapter.unary(FirestoreV1GrpcAdapter.java:72)
	at com.google.cloud.datastore.emulator.firestore.v1.FirestoreV1GrpcAdapter$1.getOrListDocuments(FirestoreV1GrpcAdapter.java:108)
	at com.google.firestore.v1.FirestoreGrpc$MethodHandlers.invoke(FirestoreGrpc.java:1206)
	at io.grpc.stub.ServerCalls$UnaryServerCallHandler$UnaryServerCallListener.onHalfClose(ServerCalls.java:182)
	at io.grpc.PartialForwardingServerCallListener.onHalfClose(PartialForwardingServerCallListener.java:35)
	at io.grpc.ForwardingServerCallListener.onHalfClose(ForwardingServerCallListener.java:23)
	at io.grpc.ForwardingServerCallListener$SimpleForwardingServerCallListener.onHalfClose(ForwardingServerCallListener.java:40)
	at io.grpc.Contexts$ContextualizedServerCallListener.onHalfClose(Contexts.java:86)
	at io.grpc.PartialForwardingServerCallListener.onHalfClose(PartialForwardingServerCallListener.java:35)
	at io.grpc.ForwardingServerCallListener.onHalfClose(ForwardingServerCallListener.java:23)
	at io.grpc.ForwardingServerCallListener$SimpleForwardingServerCallListener.onHalfClose(ForwardingServerCallListener.java:40)
	at io.grpc.Contexts$ContextualizedServerCallListener.onHalfClose(Contexts.java:86)
	at io.grpc.internal.ServerCallImpl$ServerStreamListenerImpl.halfClosed(ServerCallImpl.java:356)
	at io.grpc.internal.ServerImpl$JumpToApplicationThreadServerStreamListener$1HalfClosed.runInContext(ServerImpl.java:861)
	at io.grpc.internal.ContextRunnable.run(ContextRunnable.java:37)
	at io.grpc.internal.SerializingExecutor.run(SerializingExecutor.java:133)
	at java.base/java.util.concurrent.ThreadPoolExecutor.runWorker(ThreadPoolExecutor.java:1144)
	at java.base/java.util.concurrent.ThreadPoolExecutor$Worker.run(ThreadPoolExecutor.java:642)
	at java.base/java.lang.Thread.run(Thread.java:1583)

 {"metadata":{"emulator":{"name":"firestore"},"message":"Aug 29, 2026 9:11:50 PM com.google.cloud.datastore.emulator.impl.util.WrappedStreamObserver onError\nWARNING: Operation failed: Document (projects/demo-cadence/databases/(default)/documents/users/W2a2GSKv4dNpnmSUA9dQH0HIbKfn) not found.\ncom.google.cloud.datastore.core.exception.DatastoreException: Document (projects/demo-cadence/databases/(default)/documents/users/W2a2GSKv4dNpnmSUA9dQH0HIbKfn) not found.\n\tat com.google.cloud.datastore.emulator.impl.firestore.CloudFirestoreV1.getDocument(CloudFirestoreV1.java:335)\n\tat com.google.cloud.datastore.emulator.impl.firestore.CloudFirestoreV1Router.getDocument(CloudFirestoreV1Router.java:129)\n\tat com.google.cloud.datastore.emulator.impl.firestore.CloudFirestoreV1Router.getOrListDocuments(CloudFirestoreV1Router.java:123)\n\tat com.google.cloud.datastore.emulator.firestore.v1.FirestoreV1GrpcAdapter$1.lambda$getOrListDocuments$0(FirestoreV1GrpcAdapter.java:108)\n\tat com.google.cloud.datastore.emulator.firestore.v1.FirestoreV1GrpcAdapter.unary(FirestoreV1GrpcAdapter.java:72)\n\tat com.google.cloud.datastore.emulator.firestore.v1.FirestoreV1GrpcAdapter$1.getOrListDocuments(FirestoreV1GrpcAdapter.java:108)\n\tat com.google.firestore.v1.FirestoreGrpc$MethodHandlers.invoke(FirestoreGrpc.java:1206)\n\tat io.grpc.stub.ServerCalls$UnaryServerCallHandler$UnaryServerCallListener.onHalfClose(ServerCalls.java:182)\n\tat io.grpc.PartialForwardingServerCallListener.onHalfClose(PartialForwardingServerCallListener.java:35)\n\tat io.grpc.ForwardingServerCallListener.onHalfClose(ForwardingServerCallListener.java:23)\n\tat io.grpc.ForwardingServerCallListener$SimpleForwardingServerCallListener.onHalfClose(ForwardingServerCallListener.java:40)\n\tat io.grpc.Contexts$ContextualizedServerCallListener.onHalfClose(Contexts.java:86)\n\tat io.grpc.PartialForwardingServerCallListener.onHalfClose(PartialForwardingServerCallListener.java:35)\n\tat io.grpc.ForwardingServerCallListener.onHalfClose(ForwardingServerCallListener.java:23)\n\tat io.grpc.ForwardingServerCallListener$SimpleForwardingServerCallListener.onHalfClose(ForwardingServerCallListener.java:40)\n\tat io.grpc.Contexts$ContextualizedServerCallListener.onHalfClose(Contexts.java:86)\n\tat io.grpc.internal.ServerCallImpl$ServerStreamListenerImpl.halfClosed(ServerCallImpl.java:356)\n\tat io.grpc.internal.ServerImpl$JumpToApplicationThreadServerStreamListener$1HalfClosed.runInContext(ServerImpl.java:861)\n\tat io.grpc.internal.ContextRunnable.run(ContextRunnable.java:37)\n\tat io.grpc.internal.SerializingExecutor.run(SerializingExecutor.java:133)\n\tat java.base/java.util.concurrent.ThreadPoolExecutor.runWorker(ThreadPoolExecutor.java:1144)\n\tat java.base/java.util.concurrent.ThreadPoolExecutor$Worker.run(ThreadPoolExecutor.java:642)\n\tat java.base/java.lang.Thread.run(Thread.java:1583)\n\n"}}
[debug] [2026-08-30T04:11:50.627Z] Aug 29, 2026 9:11:50 PM io.gapi.emulators.netty.HttpHandler$1 onError
INFO: Exception when handling request: NOT_FOUND: Document (projects/demo-cadence/databases/(default)/documents/users/W2a2GSKv4dNpnmSUA9dQH0HIbKfn) not found.
 {"metadata":{"emulator":{"name":"firestore"},"message":"Aug 29, 2026 9:11:50 PM io.gapi.emulators.netty.HttpHandler$1 onError\nINFO: Exception when handling request: NOT_FOUND: Document (projects/demo-cadence/databases/(default)/documents/users/W2a2GSKv4dNpnmSUA9dQH0HIbKfn) not found.\n"}}
[debug] [2026-08-30T04:11:50.641Z] Aug 29, 2026 9:11:50 PM com.google.cloud.datastore.emulator.impl.util.WrappedStreamObserver onError
WARNING: Operation failed: Document (projects/demo-cadence/databases/(default)/documents/users/Cydra0hi5ipkeMxIMVFtVsnkAyQ3) not found.
com.google.cloud.datastore.core.exception.DatastoreException: Document (projects/demo-cadence/databases/(default)/documents/users/Cydra0hi5ipkeMxIMVFtVsnkAyQ3) not found.
	at com.google.cloud.datastore.emulator.impl.firestore.CloudFirestoreV1.getDocument(CloudFirestoreV1.java:335)
	at com.google.cloud.datastore.emulator.impl.firestore.CloudFirestoreV1Router.getDocument(CloudFirestoreV1Router.java:129)
	at com.google.cloud.datastore.emulator.impl.firestore.CloudFirestoreV1Router.getOrListDocuments(CloudFirestoreV1Router.java:123)
	at com.google.cloud.datastore.emulator.firestore.v1.FirestoreV1GrpcAdapter$1.lambda$getOrListDocuments$0(FirestoreV1GrpcAdapter.java:108)
	at com.google.cloud.datastore.emulator.firestore.v1.FirestoreV1GrpcAdapter.unary(FirestoreV1GrpcAdapter.java:72)
	at com.google.cloud.datastore.emulator.firestore.v1.FirestoreV1GrpcAdapter$1.getOrListDocuments(FirestoreV1GrpcAdapter.java:108)
	at com.google.firestore.v1.FirestoreGrpc$MethodHandlers.invoke(FirestoreGrpc.java:1206)
	at io.grpc.stub.ServerCalls$UnaryServerCallHandler$UnaryServerCallListener.onHalfClose(ServerCalls.java:182)
	at io.grpc.PartialForwardingServerCallListener.onHalfClose(PartialForwardingServerCallListener.java:35)
	at io.grpc.ForwardingServerCallListener.onHalfClose(ForwardingServerCallListener.java:23)
	at io.grpc.ForwardingServerCallListener$SimpleForwardingServerCallListener.onHalfClose(ForwardingServerCallListener.java:40)
	at io.grpc.Contexts$ContextualizedServerCallListener.onHalfClose(Contexts.java:86)
	at io.grpc.PartialForwardingServerCallListener.onHalfClose(PartialForwardingServerCallListener.java:35)
	at io.grpc.ForwardingServerCallListener.onHalfClose(ForwardingServerCallListener.java:23)
	at io.grpc.ForwardingServerCallListener$SimpleForwardingServerCallListener.onHalfClose(ForwardingServerCallListener.java:40)
	at io.grpc.Contexts$ContextualizedServerCallListener.onHalfClose(Contexts.java:86)
	at io.grpc.internal.ServerCallImpl$ServerStreamListenerImpl.halfClosed(ServerCallImpl.java:356)
	at io.grpc.internal.ServerImpl$JumpToApplicationThreadServerStreamListener$1HalfClosed.runInContext(ServerImpl.java:861)
	at io.grpc.internal.ContextRunnable.run(ContextRunnable.java:37)
	at io.grpc.internal.SerializingExecutor.run(SerializingExecutor.java:133)
	at java.base/java.util.concurrent.ThreadPoolExecutor.runWorker(ThreadPoolExecutor.java:1144)
	at java.base/java.util.concurrent.ThreadPoolExecutor$Worker.run(ThreadPoolExecutor.java:642)
	at java.base/java.lang.Thread.run(Thread.java:1583)

 {"metadata":{"emulator":{"name":"firestore"},"message":"Aug 29, 2026 9:11:50 PM com.google.cloud.datastore.emulator.impl.util.WrappedStreamObserver onError\nWARNING: Operation failed: Document (projects/demo-cadence/databases/(default)/documents/users/Cydra0hi5ipkeMxIMVFtVsnkAyQ3) not found.\ncom.google.cloud.datastore.core.exception.DatastoreException: Document (projects/demo-cadence/databases/(default)/documents/users/Cydra0hi5ipkeMxIMVFtVsnkAyQ3) not found.\n\tat com.google.cloud.datastore.emulator.impl.firestore.CloudFirestoreV1.getDocument(CloudFirestoreV1.java:335)\n\tat com.google.cloud.datastore.emulator.impl.firestore.CloudFirestoreV1Router.getDocument(CloudFirestoreV1Router.java:129)\n\tat com.google.cloud.datastore.emulator.impl.firestore.CloudFirestoreV1Router.getOrListDocuments(CloudFirestoreV1Router.java:123)\n\tat com.google.cloud.datastore.emulator.firestore.v1.FirestoreV1GrpcAdapter$1.lambda$getOrListDocuments$0(FirestoreV1GrpcAdapter.java:108)\n\tat com.google.cloud.datastore.emulator.firestore.v1.FirestoreV1GrpcAdapter.unary(FirestoreV1GrpcAdapter.java:72)\n\tat com.google.cloud.datastore.emulator.firestore.v1.FirestoreV1GrpcAdapter$1.getOrListDocuments(FirestoreV1GrpcAdapter.java:108)\n\tat com.google.firestore.v1.FirestoreGrpc$MethodHandlers.invoke(FirestoreGrpc.java:1206)\n\tat io.grpc.stub.ServerCalls$UnaryServerCallHandler$UnaryServerCallListener.onHalfClose(ServerCalls.java:182)\n\tat io.grpc.PartialForwardingServerCallListener.onHalfClose(PartialForwardingServerCallListener.java:35)\n\tat io.grpc.ForwardingServerCallListener.onHalfClose(ForwardingServerCallListener.java:23)\n\tat io.grpc.ForwardingServerCallListener$SimpleForwardingServerCallListener.onHalfClose(ForwardingServerCallListener.java:40)\n\tat io.grpc.Contexts$ContextualizedServerCallListener.onHalfClose(Contexts.java:86)\n\tat io.grpc.PartialForwardingServerCallListener.onHalfClose(PartialForwardingServerCallListener.java:35)\n\tat io.grpc.ForwardingServerCallListener.onHalfClose(ForwardingServerCallListener.java:23)\n\tat io.grpc.ForwardingServerCallListener$SimpleForwardingServerCallListener.onHalfClose(ForwardingServerCallListener.java:40)\n\tat io.grpc.Contexts$ContextualizedServerCallListener.onHalfClose(Contexts.java:86)\n\tat io.grpc.internal.ServerCallImpl$ServerStreamListenerImpl.halfClosed(ServerCallImpl.java:356)\n\tat io.grpc.internal.ServerImpl$JumpToApplicationThreadServerStreamListener$1HalfClosed.runInContext(ServerImpl.java:861)\n\tat io.grpc.internal.ContextRunnable.run(ContextRunnable.java:37)\n\tat io.grpc.internal.SerializingExecutor.run(SerializingExecutor.java:133)\n\tat java.base/java.util.concurrent.ThreadPoolExecutor.runWorker(ThreadPoolExecutor.java:1144)\n\tat java.base/java.util.concurrent.ThreadPoolExecutor$Worker.run(ThreadPoolExecutor.java:642)\n\tat java.base/java.lang.Thread.run(Thread.java:1583)\n\n"}}
[debug] [2026-08-30T04:11:50.642Z] Aug 29, 2026 9:11:50 PM io.gapi.emulators.netty.HttpHandler$1 onError
INFO: Exception when handling request: NOT_FOUND: Document (projects/demo-cadence/databases/(default)/documents/users/Cydra0hi5ipkeMxIMVFtVsnkAyQ3) not found.
 {"metadata":{"emulator":{"name":"firestore"},"message":"Aug 29, 2026 9:11:50 PM io.gapi.emulators.netty.HttpHandler$1 onError\nINFO: Exception when handling request: NOT_FOUND: Document (projects/demo-cadence/databases/(default)/documents/users/Cydra0hi5ipkeMxIMVFtVsnkAyQ3) not found.\n"}}
[debug] [2026-08-30T04:11:50.645Z] Aug 29, 2026 9:11:50 PM com.google.cloud.datastore.emulator.impl.util.WrappedStreamObserver onError
WARNING: Operation failed: entity already exists: EntityRef{partitionRef=dev~demo-cadence, path=/handles/rileychen}
com.google.cloud.datastore.core.exception.DatastoreException: entity already exists: EntityRef{partitionRef=dev~demo-cadence, path=/handles/rileychen}
	at com.google.cloud.datastore.core.exception.DatastoreException.withProblem(DatastoreException.java:207)
	at com.google.cloud.datastore.emulator.impl.util.FirestoreEmulatorConverters.alreadyExists(FirestoreEmulatorConverters.java:725)
	at com.google.cloud.datastore.emulator.impl.util.FirestoreEmulatorConverters.checkMutation(FirestoreEmulatorConverters.java:211)
	at com.google.cloud.datastore.emulator.impl.firestore.FirestoreEmulatorHelper.commitHelper(FirestoreEmulatorHelper.java:365)
	at com.google.cloud.datastore.emulator.impl.firestore.FirestoreEmulatorHelper.internalCommit(FirestoreEmulatorHelper.java:314)
	at com.google.cloud.datastore.emulator.impl.firestore.CloudFirestoreV1.internalCommit(CloudFirestoreV1.java:1077)
	at com.google.cloud.datastore.emulator.impl.firestore.CloudFirestoreV1.updateDocument(CloudFirestoreV1.java:458)
	at com.google.cloud.datastore.emulator.impl.firestore.CloudFirestoreV1Router.updateDocument(CloudFirestoreV1Router.java:149)
	at com.google.cloud.datastore.emulator.firestore.v1.FirestoreV1GrpcAdapter$1.lambda$updateDocument$4(FirestoreV1GrpcAdapter.java:132)
	at com.google.cloud.datastore.emulator.firestore.v1.FirestoreV1GrpcAdapter.unary(FirestoreV1GrpcAdapter.java:72)
	at com.google.cloud.datastore.emulator.firestore.v1.FirestoreV1GrpcAdapter$1.updateDocument(FirestoreV1GrpcAdapter.java:132)
	at com.google.firestore.v1.FirestoreGrpc$MethodHandlers.invoke(FirestoreGrpc.java:1218)
	at io.grpc.stub.ServerCalls$UnaryServerCallHandler$UnaryServerCallListener.onHalfClose(ServerCalls.java:182)
	at io.grpc.PartialForwardingServerCallListener.onHalfClose(PartialForwardingServerCallListener.java:35)
	at io.grpc.ForwardingServerCallListener.onHalfClose(ForwardingServerCallListener.java:23)
	at io.grpc.ForwardingServerCallListener$SimpleForwardingServerCallListener.onHalfClose(ForwardingServerCallListener.java:40)
	at io.grpc.Contexts$ContextualizedServerCallListener.onHalfClose(Contexts.java:86)
	at io.grpc.PartialForwardingServerCallListener.onHalfClose(PartialForwardingServerCallListener.java:35)
	at io.grpc.ForwardingServerCallListener.onHalfClose(ForwardingServerCallListener.java:23)
	at io.grpc.ForwardingServerCallListener$SimpleForwardingServerCallListener.onHalfClose(ForwardingServerCallListener.java:40)
	at io.grpc.Contexts$ContextualizedServerCallListener.onHalfClose(Contexts.java:86)
	at io.grpc.internal.ServerCallImpl$ServerStreamListenerImpl.halfClosed(ServerCallImpl.java:356)
	at io.grpc.internal.ServerImpl$JumpToApplicationThreadServerStreamListener$1HalfClosed.runInContext(ServerImpl.java:861)
	at io.grpc.internal.ContextRunnable.run(ContextRunnable.java:37)
	at io.grpc.internal.SerializingExecutor.run(SerializingExecutor.java:133)
	at java.base/java.util.concurrent.ThreadPoolExecutor.runWorker(ThreadPoolExecutor.java:1144)
	at java.base/java.util.concurrent.ThreadPoolExecutor$Worker.run(ThreadPoolExecutor.java:642)
	at java.base/java.lang.Thread.run(Thread.java:1583)

 {"metadata":{"emulator":{"name":"firestore"},"message":"Aug 29, 2026 9:11:50 PM com.google.cloud.datastore.emulator.impl.util.WrappedStreamObserver onError\nWARNING: Operation failed: entity already exists: EntityRef{partitionRef=dev~demo-cadence, path=/handles/rileychen}\ncom.google.cloud.datastore.core.exception.DatastoreException: entity already exists: EntityRef{partitionRef=dev~demo-cadence, path=/handles/rileychen}\n\tat com.google.cloud.datastore.core.exception.DatastoreException.withProblem(DatastoreException.java:207)\n\tat com.google.cloud.datastore.emulator.impl.util.FirestoreEmulatorConverters.alreadyExists(FirestoreEmulatorConverters.java:725)\n\tat com.google.cloud.datastore.emulator.impl.util.FirestoreEmulatorConverters.checkMutation(FirestoreEmulatorConverters.java:211)\n\tat com.google.cloud.datastore.emulator.impl.firestore.FirestoreEmulatorHelper.commitHelper(FirestoreEmulatorHelper.java:365)\n\tat com.google.cloud.datastore.emulator.impl.firestore.FirestoreEmulatorHelper.internalCommit(FirestoreEmulatorHelper.java:314)\n\tat com.google.cloud.datastore.emulator.impl.firestore.CloudFirestoreV1.internalCommit(CloudFirestoreV1.java:1077)\n\tat com.google.cloud.datastore.emulator.impl.firestore.CloudFirestoreV1.updateDocument(CloudFirestoreV1.java:458)\n\tat com.google.cloud.datastore.emulator.impl.firestore.CloudFirestoreV1Router.updateDocument(CloudFirestoreV1Router.java:149)\n\tat com.google.cloud.datastore.emulator.firestore.v1.FirestoreV1GrpcAdapter$1.lambda$updateDocument$4(FirestoreV1GrpcAdapter.java:132)\n\tat com.google.cloud.datastore.emulator.firestore.v1.FirestoreV1GrpcAdapter.unary(FirestoreV1GrpcAdapter.java:72)\n\tat com.google.cloud.datastore.emulator.firestore.v1.FirestoreV1GrpcAdapter$1.updateDocument(FirestoreV1GrpcAdapter.java:132)\n\tat com.google.firestore.v1.FirestoreGrpc$MethodHandlers.invoke(FirestoreGrpc.java:1218)\n\tat io.grpc.stub.ServerCalls$UnaryServerCallHandler$UnaryServerCallListener.onHalfClose(ServerCalls.java:182)\n\tat io.grpc.PartialForwardingServerCallListener.onHalfClose(PartialForwardingServerCallListener.java:35)\n\tat io.grpc.ForwardingServerCallListener.onHalfClose(ForwardingServerCallListener.java:23)\n\tat io.grpc.ForwardingServerCallListener$SimpleForwardingServerCallListener.onHalfClose(ForwardingServerCallListener.java:40)\n\tat io.grpc.Contexts$ContextualizedServerCallListener.onHalfClose(Contexts.java:86)\n\tat io.grpc.PartialForwardingServerCallListener.onHalfClose(PartialForwardingServerCallListener.java:35)\n\tat io.grpc.ForwardingServerCallListener.onHalfClose(ForwardingServerCallListener.java:23)\n\tat io.grpc.ForwardingServerCallListener$SimpleForwardingServerCallListener.onHalfClose(ForwardingServerCallListener.java:40)\n\tat io.grpc.Contexts$ContextualizedServerCallListener.onHalfClose(Contexts.java:86)\n\tat io.grpc.internal.ServerCallImpl$ServerStreamListenerImpl.halfClosed(ServerCallImpl.java:356)\n\tat io.grpc.internal.ServerImpl$JumpToApplicationThreadServerStreamListener$1HalfClosed.runInContext(ServerImpl.java:861)\n\tat io.grpc.internal.ContextRunnable.run(ContextRunnable.java:37)\n\tat io.grpc.internal.SerializingExecutor.run(SerializingExecutor.java:133)\n\tat java.base/java.util.concurrent.ThreadPoolExecutor.runWorker(ThreadPoolExecutor.java:1144)\n\tat java.base/java.util.concurrent.ThreadPoolExecutor$Worker.run(ThreadPoolExecutor.java:642)\n\tat java.base/java.lang.Thread.run(Thread.java:1583)\n\n"}}
[debug] [2026-08-30T04:11:50.646Z] Aug 29, 2026 9:11:50 PM io.gapi.emulators.netty.HttpHandler$1 onError
INFO: Exception when handling request: ALREADY_EXISTS: entity already exists: EntityRef{partitionRef=dev~demo-cadence, path=/handles/rileychen}
 {"metadata":{"emulator":{"name":"firestore"},"message":"Aug 29, 2026 9:11:50 PM io.gapi.emulators.netty.HttpHandler$1 onError\nINFO: Exception when handling request: ALREADY_EXISTS: entity already exists: EntityRef{partitionRef=dev~demo-cadence, path=/handles/rileychen}\n"}}
[debug] [2026-08-30T04:11:50.663Z] Aug 29, 2026 9:11:50 PM com.google.cloud.datastore.emulator.impl.util.WrappedStreamObserver onError
WARNING: Operation failed: Document (projects/demo-cadence/databases/(default)/documents/handles/nobodyhere) not found.
com.google.cloud.datastore.core.exception.DatastoreException: Document (projects/demo-cadence/databases/(default)/documents/handles/nobodyhere) not found.
	at com.google.cloud.datastore.emulator.impl.firestore.CloudFirestoreV1.getDocument(CloudFirestoreV1.java:335)
	at com.google.cloud.datastore.emulator.impl.firestore.CloudFirestoreV1Router.getDocument(CloudFirestoreV1Router.java:129)
	at com.google.cloud.datastore.emulator.impl.firestore.CloudFirestoreV1Router.getOrListDocuments(CloudFirestoreV1Router.java:123)
	at com.google.cloud.datastore.emulator.firestore.v1.FirestoreV1GrpcAdapter$1.lambda$getOrListDocuments$0(FirestoreV1GrpcAdapter.java:108)
	at com.google.cloud.datastore.emulator.firestore.v1.FirestoreV1GrpcAdapter.unary(FirestoreV1GrpcAdapter.java:72)
	at com.google.cloud.datastore.emulator.firestore.v1.FirestoreV1GrpcAdapter$1.getOrListDocuments(FirestoreV1GrpcAdapter.java:108)
	at com.google.firestore.v1.FirestoreGrpc$MethodHandlers.invoke(FirestoreGrpc.java:1206)
	at io.grpc.stub.ServerCalls$UnaryServerCallHandler$UnaryServerCallListener.onHalfClose(ServerCalls.java:182)
	at io.grpc.PartialForwardingServerCallListener.onHalfClose(PartialForwardingServerCallListener.java:35)
	at io.grpc.ForwardingServerCallListener.onHalfClose(ForwardingServerCallListener.java:23)
	at io.grpc.ForwardingServerCallListener$SimpleForwardingServerCallListener.onHalfClose(ForwardingServerCallListener.java:40)
	at io.grpc.Contexts$ContextualizedServerCallListener.onHalfClose(Contexts.java:86)
	at io.grpc.PartialForwardingServerCallListener.onHalfClose(PartialForwardingServerCallListener.java:35)
	at io.grpc.ForwardingServerCallListener.onHalfClose(ForwardingServerCallListener.java:23)
	at io.grpc.ForwardingServerCallListener$SimpleForwardingServerCallListener.onHalfClose(ForwardingServerCallListener.java:40)
	at io.grpc.Contexts$ContextualizedServerCallListener.onHalfClose(Contexts.java:86)
	at io.grpc.internal.ServerCallImpl$ServerStreamListenerImpl.halfClosed(ServerCallImpl.java:356)
	at io.grpc.internal.ServerImpl$JumpToApplicationThreadServerStreamListener$1HalfClosed.runInContext(ServerImpl.java:861)
	at io.grpc.internal.ContextRunnable.run(ContextRunnable.java:37)
	at io.grpc.internal.SerializingExecutor.run(SerializingExecutor.java:133)
	at java.base/java.util.concurrent.ThreadPoolExecutor.runWorker(ThreadPoolExecutor.java:1144)
	at java.base/java.util.concurrent.ThreadPoolExecutor$Worker.run(ThreadPoolExecutor.java:642)
	at java.base/java.lang.Thread.run(Thread.java:1583)

 {"metadata":{"emulator":{"name":"firestore"},"message":"Aug 29, 2026 9:11:50 PM com.google.cloud.datastore.emulator.impl.util.WrappedStreamObserver onError\nWARNING: Operation failed: Document (projects/demo-cadence/databases/(default)/documents/handles/nobodyhere) not found.\ncom.google.cloud.datastore.core.exception.DatastoreException: Document (projects/demo-cadence/databases/(default)/documents/handles/nobodyhere) not found.\n\tat com.google.cloud.datastore.emulator.impl.firestore.CloudFirestoreV1.getDocument(CloudFirestoreV1.java:335)\n\tat com.google.cloud.datastore.emulator.impl.firestore.CloudFirestoreV1Router.getDocument(CloudFirestoreV1Router.java:129)\n\tat com.google.cloud.datastore.emulator.impl.firestore.CloudFirestoreV1Router.getOrListDocuments(CloudFirestoreV1Router.java:123)\n\tat com.google.cloud.datastore.emulator.firestore.v1.FirestoreV1GrpcAdapter$1.lambda$getOrListDocuments$0(FirestoreV1GrpcAdapter.java:108)\n\tat com.google.cloud.datastore.emulator.firestore.v1.FirestoreV1GrpcAdapter.unary(FirestoreV1GrpcAdapter.java:72)\n\tat com.google.cloud.datastore.emulator.firestore.v1.FirestoreV1GrpcAdapter$1.getOrListDocuments(FirestoreV1GrpcAdapter.java:108)\n\tat com.google.firestore.v1.FirestoreGrpc$MethodHandlers.invoke(FirestoreGrpc.java:1206)\n\tat io.grpc.stub.ServerCalls$UnaryServerCallHandler$UnaryServerCallListener.onHalfClose(ServerCalls.java:182)\n\tat io.grpc.PartialForwardingServerCallListener.onHalfClose(PartialForwardingServerCallListener.java:35)\n\tat io.grpc.ForwardingServerCallListener.onHalfClose(ForwardingServerCallListener.java:23)\n\tat io.grpc.ForwardingServerCallListener$SimpleForwardingServerCallListener.onHalfClose(ForwardingServerCallListener.java:40)\n\tat io.grpc.Contexts$ContextualizedServerCallListener.onHalfClose(Contexts.java:86)\n\tat io.grpc.PartialForwardingServerCallListener.onHalfClose(PartialForwardingServerCallListener.java:35)\n\tat io.grpc.ForwardingServerCallListener.onHalfClose(ForwardingServerCallListener.java:23)\n\tat io.grpc.ForwardingServerCallListener$SimpleForwardingServerCallListener.onHalfClose(ForwardingServerCallListener.java:40)\n\tat io.grpc.Contexts$ContextualizedServerCallListener.onHalfClose(Contexts.java:86)\n\tat io.grpc.internal.ServerCallImpl$ServerStreamListenerImpl.halfClosed(ServerCallImpl.java:356)\n\tat io.grpc.internal.ServerImpl$JumpToApplicationThreadServerStreamListener$1HalfClosed.runInContext(ServerImpl.java:861)\n\tat io.grpc.internal.ContextRunnable.run(ContextRunnable.java:37)\n\tat io.grpc.internal.SerializingExecutor.run(SerializingExecutor.java:133)\n\tat java.base/java.util.concurrent.ThreadPoolExecutor.runWorker(ThreadPoolExecutor.java:1144)\n\tat java.base/java.util.concurrent.ThreadPoolExecutor$Worker.run(ThreadPoolExecutor.java:642)\n\tat java.base/java.lang.Thread.run(Thread.java:1583)\n\n"}}
[debug] [2026-08-30T04:11:50.663Z] Aug 29, 2026 9:11:50 PM io.gapi.emulators.netty.HttpHandler$1 onError
INFO: Exception when handling request: NOT_FOUND: Document (projects/demo-cadence/databases/(default)/documents/handles/nobodyhere) not found.
 {"metadata":{"emulator":{"name":"firestore"},"message":"Aug 29, 2026 9:11:50 PM io.gapi.emulators.netty.HttpHandler$1 onError\nINFO: Exception when handling request: NOT_FOUND: Document (projects/demo-cadence/databases/(default)/documents/handles/nobodyhere) not found.\n"}}
[debug] [2026-08-30T04:11:50.678Z] Aug 29, 2026 9:11:50 PM com.google.cloud.datastore.emulator.impl.util.WrappedStreamObserver onError
WARNING: Operation failed: Document (projects/demo-cadence/databases/(default)/documents/friends/W2a2GSKv4dNpnmSUA9dQH0HIbKfn/list/M9ZAOpwWcTwAFOS5uxK4DUZbMWcV) not found.
com.google.cloud.datastore.core.exception.DatastoreException: Document (projects/demo-cadence/databases/(default)/documents/friends/W2a2GSKv4dNpnmSUA9dQH0HIbKfn/list/M9ZAOpwWcTwAFOS5uxK4DUZbMWcV) not found.
	at com.google.cloud.datastore.emulator.impl.firestore.CloudFirestoreV1.getDocument(CloudFirestoreV1.java:335)
	at com.google.cloud.datastore.emulator.impl.firestore.CloudFirestoreV1Router.getDocument(CloudFirestoreV1Router.java:129)
	at com.google.cloud.datastore.emulator.impl.firestore.CloudFirestoreV1Router.getOrListDocuments(CloudFirestoreV1Router.java:123)
	at com.google.cloud.datastore.emulator.firestore.v1.FirestoreV1GrpcAdapter$1.lambda$getOrListDocuments$0(FirestoreV1GrpcAdapter.java:108)
	at com.google.cloud.datastore.emulator.firestore.v1.FirestoreV1GrpcAdapter.unary(FirestoreV1GrpcAdapter.java:72)
	at com.google.cloud.datastore.emulator.firestore.v1.FirestoreV1GrpcAdapter$1.getOrListDocuments(FirestoreV1GrpcAdapter.java:108)
	at com.google.firestore.v1.FirestoreGrpc$MethodHandlers.invoke(FirestoreGrpc.java:1206)
	at io.grpc.stub.ServerCalls$UnaryServerCallHandler$UnaryServerCallListener.onHalfClose(ServerCalls.java:182)
	at io.grpc.PartialForwardingServerCallListener.onHalfClose(PartialForwardingServerCallListener.java:35)
	at io.grpc.ForwardingServerCallListener.onHalfClose(ForwardingServerCallListener.java:23)
	at io.grpc.ForwardingServerCallListener$SimpleForwardingServerCallListener.onHalfClose(ForwardingServerCallListener.java:40)
	at io.grpc.Contexts$ContextualizedServerCallListener.onHalfClose(Contexts.java:86)
	at io.grpc.PartialForwardingServerCallListener.onHalfClose(PartialForwardingServerCallListener.java:35)
	at io.grpc.ForwardingServerCallListener.onHalfClose(ForwardingServerCallListener.java:23)
	at io.grpc.ForwardingServerCallListener$SimpleForwardingServerCallListener.onHalfClose(ForwardingServerCallListener.java:40)
	at io.grpc.Contexts$ContextualizedServerCallListener.onHalfClose(Contexts.java:86)
	at io.grpc.internal.ServerCallImpl$ServerStreamListenerImpl.halfClosed(ServerCallImpl.java:356)
	at io.grpc.internal.ServerImpl$JumpToApplicationThreadServerStreamListener$1HalfClosed.runInContext(ServerImpl.java:861)
	at io.grpc.internal.ContextRunnable.run(ContextRunnable.java:37)
	at io.grpc.internal.SerializingExecutor.run(SerializingExecutor.java:133)
	at java.base/java.util.concurrent.ThreadPoolExecutor.runWorker(ThreadPoolExecutor.java:1144)
	at java.base/java.util.concurrent.ThreadPoolExecutor$Worker.run(ThreadPoolExecutor.java:642)
	at java.base/java.lang.Thread.run(Thread.java:1583)

 {"metadata":{"emulator":{"name":"firestore"},"message":"Aug 29, 2026 9:11:50 PM com.google.cloud.datastore.emulator.impl.util.WrappedStreamObserver onError\nWARNING: Operation failed: Document (projects/demo-cadence/databases/(default)/documents/friends/W2a2GSKv4dNpnmSUA9dQH0HIbKfn/list/M9ZAOpwWcTwAFOS5uxK4DUZbMWcV) not found.\ncom.google.cloud.datastore.core.exception.DatastoreException: Document (projects/demo-cadence/databases/(default)/documents/friends/W2a2GSKv4dNpnmSUA9dQH0HIbKfn/list/M9ZAOpwWcTwAFOS5uxK4DUZbMWcV) not found.\n\tat com.google.cloud.datastore.emulator.impl.firestore.CloudFirestoreV1.getDocument(CloudFirestoreV1.java:335)\n\tat com.google.cloud.datastore.emulator.impl.firestore.CloudFirestoreV1Router.getDocument(CloudFirestoreV1Router.java:129)\n\tat com.google.cloud.datastore.emulator.impl.firestore.CloudFirestoreV1Router.getOrListDocuments(CloudFirestoreV1Router.java:123)\n\tat com.google.cloud.datastore.emulator.firestore.v1.FirestoreV1GrpcAdapter$1.lambda$getOrListDocuments$0(FirestoreV1GrpcAdapter.java:108)\n\tat com.google.cloud.datastore.emulator.firestore.v1.FirestoreV1GrpcAdapter.unary(FirestoreV1GrpcAdapter.java:72)\n\tat com.google.cloud.datastore.emulator.firestore.v1.FirestoreV1GrpcAdapter$1.getOrListDocuments(FirestoreV1GrpcAdapter.java:108)\n\tat com.google.firestore.v1.FirestoreGrpc$MethodHandlers.invoke(FirestoreGrpc.java:1206)\n\tat io.grpc.stub.ServerCalls$UnaryServerCallHandler$UnaryServerCallListener.onHalfClose(ServerCalls.java:182)\n\tat io.grpc.PartialForwardingServerCallListener.onHalfClose(PartialForwardingServerCallListener.java:35)\n\tat io.grpc.ForwardingServerCallListener.onHalfClose(ForwardingServerCallListener.java:23)\n\tat io.grpc.ForwardingServerCallListener$SimpleForwardingServerCallListener.onHalfClose(ForwardingServerCallListener.java:40)\n\tat io.grpc.Contexts$ContextualizedServerCallListener.onHalfClose(Contexts.java:86)\n\tat io.grpc.PartialForwardingServerCallListener.onHalfClose(PartialForwardingServerCallListener.java:35)\n\tat io.grpc.ForwardingServerCallListener.onHalfClose(ForwardingServerCallListener.java:23)\n\tat io.grpc.ForwardingServerCallListener$SimpleForwardingServerCallListener.onHalfClose(ForwardingServerCallListener.java:40)\n\tat io.grpc.Contexts$ContextualizedServerCallListener.onHalfClose(Contexts.java:86)\n\tat io.grpc.internal.ServerCallImpl$ServerStreamListenerImpl.halfClosed(ServerCallImpl.java:356)\n\tat io.grpc.internal.ServerImpl$JumpToApplicationThreadServerStreamListener$1HalfClosed.runInContext(ServerImpl.java:861)\n\tat io.grpc.internal.ContextRunnable.run(ContextRunnable.java:37)\n\tat io.grpc.internal.SerializingExecutor.run(SerializingExecutor.java:133)\n\tat java.base/java.util.concurrent.ThreadPoolExecutor.runWorker(ThreadPoolExecutor.java:1144)\n\tat java.base/java.util.concurrent.ThreadPoolExecutor$Worker.run(ThreadPoolExecutor.java:642)\n\tat java.base/java.lang.Thread.run(Thread.java:1583)\n\n"}}
[debug] [2026-08-30T04:11:50.679Z] Aug 29, 2026 9:11:50 PM io.gapi.emulators.netty.HttpHandler$1 onError
INFO: Exception when handling request: NOT_FOUND: Document (projects/demo-cadence/databases/(default)/documents/friends/W2a2GSKv4dNpnmSUA9dQH0HIbKfn/list/M9ZAOpwWcTwAFOS5uxK4DUZbMWcV) not found.
 {"metadata":{"emulator":{"name":"firestore"},"message":"Aug 29, 2026 9:11:50 PM io.gapi.emulators.netty.HttpHandler$1 onError\nINFO: Exception when handling request: NOT_FOUND: Document (projects/demo-cadence/databases/(default)/documents/friends/W2a2GSKv4dNpnmSUA9dQH0HIbKfn/list/M9ZAOpwWcTwAFOS5uxK4DUZbMWcV) not found.\n"}}
[debug] [2026-08-30T04:11:50.682Z] Aug 29, 2026 9:11:50 PM com.google.cloud.datastore.emulator.impl.util.WrappedStreamObserver onError
WARNING: Operation failed: Document (projects/demo-cadence/databases/(default)/documents/users/W2a2GSKv4dNpnmSUA9dQH0HIbKfn/requests/M9ZAOpwWcTwAFOS5uxK4DUZbMWcV) not found.
com.google.cloud.datastore.core.exception.DatastoreException: Document (projects/demo-cadence/databases/(default)/documents/users/W2a2GSKv4dNpnmSUA9dQH0HIbKfn/requests/M9ZAOpwWcTwAFOS5uxK4DUZbMWcV) not found.
	at com.google.cloud.datastore.emulator.impl.firestore.CloudFirestoreV1.getDocument(CloudFirestoreV1.java:335)
	at com.google.cloud.datastore.emulator.impl.firestore.CloudFirestoreV1Router.getDocument(CloudFirestoreV1Router.java:129)
	at com.google.cloud.datastore.emulator.impl.firestore.CloudFirestoreV1Router.getOrListDocuments(CloudFirestoreV1Router.java:123)
	at com.google.cloud.datastore.emulator.firestore.v1.FirestoreV1GrpcAdapter$1.lambda$getOrListDocuments$0(FirestoreV1GrpcAdapter.java:108)
	at com.google.cloud.datastore.emulator.firestore.v1.FirestoreV1GrpcAdapter.unary(FirestoreV1GrpcAdapter.java:72)
	at com.google.cloud.datastore.emulator.firestore.v1.FirestoreV1GrpcAdapter$1.getOrListDocuments(FirestoreV1GrpcAdapter.java:108)
	at com.google.firestore.v1.FirestoreGrpc$MethodHandlers.invoke(FirestoreGrpc.java:1206)
	at io.grpc.stub.ServerCalls$UnaryServerCallHandler$UnaryServerCallListener.onHalfClose(ServerCalls.java:182)
	at io.grpc.PartialForwardingServerCallListener.onHalfClose(PartialForwardingServerCallListener.java:35)
	at io.grpc.ForwardingServerCallListener.onHalfClose(ForwardingServerCallListener.java:23)
	at io.grpc.ForwardingServerCallListener$SimpleForwardingServerCallListener.onHalfClose(ForwardingServerCallListener.java:40)
	at io.grpc.Contexts$ContextualizedServerCallListener.onHalfClose(Contexts.java:86)
	at io.grpc.PartialForwardingServerCallListener.onHalfClose(PartialForwardingServerCallListener.java:35)
	at io.grpc.ForwardingServerCallListener.onHalfClose(ForwardingServerCallListener.java:23)
	at io.grpc.ForwardingServerCallListener$SimpleForwardingServerCallListener.onHalfClose(ForwardingServerCallListener.java:40)
	at io.grpc.Contexts$ContextualizedServerCallListener.onHalfClose(Contexts.java:86)
	at io.grpc.internal.ServerCallImpl$ServerStreamListenerImpl.halfClosed(ServerCallImpl.java:356)
	at io.grpc.internal.ServerImpl$JumpToApplicationThreadServerStreamListener$1HalfClosed.runInContext(ServerImpl.java:861)
	at io.grpc.internal.ContextRunnable.run(ContextRunnable.java:37)
	at io.grpc.internal.SerializingExecutor.run(SerializingExecutor.java:133)
	at java.base/java.util.concurrent.ThreadPoolExecutor.runWorker(ThreadPoolExecutor.java:1144)
	at java.base/java.util.concurrent.ThreadPoolExecutor$Worker.run(ThreadPoolExecutor.java:642)
	at java.base/java.lang.Thread.run(Thread.java:1583)

 {"metadata":{"emulator":{"name":"firestore"},"message":"Aug 29, 2026 9:11:50 PM com.google.cloud.datastore.emulator.impl.util.WrappedStreamObserver onError\nWARNING: Operation failed: Document (projects/demo-cadence/databases/(default)/documents/users/W2a2GSKv4dNpnmSUA9dQH0HIbKfn/requests/M9ZAOpwWcTwAFOS5uxK4DUZbMWcV) not found.\ncom.google.cloud.datastore.core.exception.DatastoreException: Document (projects/demo-cadence/databases/(default)/documents/users/W2a2GSKv4dNpnmSUA9dQH0HIbKfn/requests/M9ZAOpwWcTwAFOS5uxK4DUZbMWcV) not found.\n\tat com.google.cloud.datastore.emulator.impl.firestore.CloudFirestoreV1.getDocument(CloudFirestoreV1.java:335)\n\tat com.google.cloud.datastore.emulator.impl.firestore.CloudFirestoreV1Router.getDocument(CloudFirestoreV1Router.java:129)\n\tat com.google.cloud.datastore.emulator.impl.firestore.CloudFirestoreV1Router.getOrListDocuments(CloudFirestoreV1Router.java:123)\n\tat com.google.cloud.datastore.emulator.firestore.v1.FirestoreV1GrpcAdapter$1.lambda$getOrListDocuments$0(FirestoreV1GrpcAdapter.java:108)\n\tat com.google.cloud.datastore.emulator.firestore.v1.FirestoreV1GrpcAdapter.unary(FirestoreV1GrpcAdapter.java:72)\n\tat com.google.cloud.datastore.emulator.firestore.v1.FirestoreV1GrpcAdapter$1.getOrListDocuments(FirestoreV1GrpcAdapter.java:108)\n\tat com.google.firestore.v1.FirestoreGrpc$MethodHandlers.invoke(FirestoreGrpc.java:1206)\n\tat io.grpc.stub.ServerCalls$UnaryServerCallHandler$UnaryServerCallListener.onHalfClose(ServerCalls.java:182)\n\tat io.grpc.PartialForwardingServerCallListener.onHalfClose(PartialForwardingServerCallListener.java:35)\n\tat io.grpc.ForwardingServerCallListener.onHalfClose(ForwardingServerCallListener.java:23)\n\tat io.grpc.ForwardingServerCallListener$SimpleForwardingServerCallListener.onHalfClose(ForwardingServerCallListener.java:40)\n\tat io.grpc.Contexts$ContextualizedServerCallListener.onHalfClose(Contexts.java:86)\n\tat io.grpc.PartialForwardingServerCallListener.onHalfClose(PartialForwardingServerCallListener.java:35)\n\tat io.grpc.ForwardingServerCallListener.onHalfClose(ForwardingServerCallListener.java:23)\n\tat io.grpc.ForwardingServerCallListener$SimpleForwardingServerCallListener.onHalfClose(ForwardingServerCallListener.java:40)\n\tat io.grpc.Contexts$ContextualizedServerCallListener.onHalfClose(Contexts.java:86)\n\tat io.grpc.internal.ServerCallImpl$ServerStreamListenerImpl.halfClosed(ServerCallImpl.java:356)\n\tat io.grpc.internal.ServerImpl$JumpToApplicationThreadServerStreamListener$1HalfClosed.runInContext(ServerImpl.java:861)\n\tat io.grpc.internal.ContextRunnable.run(ContextRunnable.java:37)\n\tat io.grpc.internal.SerializingExecutor.run(SerializingExecutor.java:133)\n\tat java.base/java.util.concurrent.ThreadPoolExecutor.runWorker(ThreadPoolExecutor.java:1144)\n\tat java.base/java.util.concurrent.ThreadPoolExecutor$Worker.run(ThreadPoolExecutor.java:642)\n\tat java.base/java.lang.Thread.run(Thread.java:1583)\n\n"}}
[debug] [2026-08-30T04:11:50.682Z] Aug 29, 2026 9:11:50 PM io.gapi.emulators.netty.HttpHandler$1 onError
INFO: Exception when handling request: NOT_FOUND: Document (projects/demo-cadence/databases/(default)/documents/users/W2a2GSKv4dNpnmSUA9dQH0HIbKfn/requests/M9ZAOpwWcTwAFOS5uxK4DUZbMWcV) not found.
 {"metadata":{"emulator":{"name":"firestore"},"message":"Aug 29, 2026 9:11:50 PM io.gapi.emulators.netty.HttpHandler$1 onError\nINFO: Exception when handling request: NOT_FOUND: Document (projects/demo-cadence/databases/(default)/documents/users/W2a2GSKv4dNpnmSUA9dQH0HIbKfn/requests/M9ZAOpwWcTwAFOS5uxK4DUZbMWcV) not found.\n"}}
[debug] [2026-08-30T04:11:50.685Z] Aug 29, 2026 9:11:50 PM com.google.cloud.datastore.emulator.impl.util.WrappedStreamObserver onError
WARNING: Operation failed: Document (projects/demo-cadence/databases/(default)/documents/users/M9ZAOpwWcTwAFOS5uxK4DUZbMWcV/requests/W2a2GSKv4dNpnmSUA9dQH0HIbKfn) not found.
com.google.cloud.datastore.core.exception.DatastoreException: Document (projects/demo-cadence/databases/(default)/documents/users/M9ZAOpwWcTwAFOS5uxK4DUZbMWcV/requests/W2a2GSKv4dNpnmSUA9dQH0HIbKfn) not found.
	at com.google.cloud.datastore.emulator.impl.firestore.CloudFirestoreV1.getDocument(CloudFirestoreV1.java:335)
	at com.google.cloud.datastore.emulator.impl.firestore.CloudFirestoreV1Router.getDocument(CloudFirestoreV1Router.java:129)
	at com.google.cloud.datastore.emulator.impl.firestore.CloudFirestoreV1Router.getOrListDocuments(CloudFirestoreV1Router.java:123)
	at com.google.cloud.datastore.emulator.firestore.v1.FirestoreV1GrpcAdapter$1.lambda$getOrListDocuments$0(FirestoreV1GrpcAdapter.java:108)
	at com.google.cloud.datastore.emulator.firestore.v1.FirestoreV1GrpcAdapter.unary(FirestoreV1GrpcAdapter.java:72)
	at com.google.cloud.datastore.emulator.firestore.v1.FirestoreV1GrpcAdapter$1.getOrListDocuments(FirestoreV1GrpcAdapter.java:108)
	at com.google.firestore.v1.FirestoreGrpc$MethodHandlers.invoke(FirestoreGrpc.java:1206)
	at io.grpc.stub.ServerCalls$UnaryServerCallHandler$UnaryServerCallListener.onHalfClose(ServerCalls.java:182)
	at io.grpc.PartialForwardingServerCallListener.onHalfClose(PartialForwardingServerCallListener.java:35)
	at io.grpc.ForwardingServerCallListener.onHalfClose(ForwardingServerCallListener.java:23)
	at io.grpc.ForwardingServerCallListener$SimpleForwardingServerCallListener.onHalfClose(ForwardingServerCallListener.java:40)
	at io.grpc.Contexts$ContextualizedServerCallListener.onHalfClose(Contexts.java:86)
	at io.grpc.PartialForwardingServerCallListener.onHalfClose(PartialForwardingServerCallListener.java:35)
	at io.grpc.ForwardingServerCallListener.onHalfClose(ForwardingServerCallListener.java:23)
	at io.grpc.ForwardingServerCallListener$SimpleForwardingServerCallListener.onHalfClose(ForwardingServerCallListener.java:40)
	at io.grpc.Contexts$ContextualizedServerCallListener.onHalfClose(Contexts.java:86)
	at io.grpc.internal.ServerCallImpl$ServerStreamListenerImpl.halfClosed(ServerCallImpl.java:356)
	at io.grpc.internal.ServerImpl$JumpToApplicationThreadServerStreamListener$1HalfClosed.runInContext(ServerImpl.java:861)
	at io.grpc.internal.ContextRunnable.run(ContextRunnable.java:37)
	at io.grpc.internal.SerializingExecutor.run(SerializingExecutor.java:133)
	at java.base/java.util.concurrent.ThreadPoolExecutor.runWorker(ThreadPoolExecutor.java:1144)
	at java.base/java.util.concurrent.ThreadPoolExecutor$Worker.run(ThreadPoolExecutor.java:642)
	at java.base/java.lang.Thread.run(Thread.java:1583)

 {"metadata":{"emulator":{"name":"firestore"},"message":"Aug 29, 2026 9:11:50 PM com.google.cloud.datastore.emulator.impl.util.WrappedStreamObserver onError\nWARNING: Operation failed: Document (projects/demo-cadence/databases/(default)/documents/users/M9ZAOpwWcTwAFOS5uxK4DUZbMWcV/requests/W2a2GSKv4dNpnmSUA9dQH0HIbKfn) not found.\ncom.google.cloud.datastore.core.exception.DatastoreException: Document (projects/demo-cadence/databases/(default)/documents/users/M9ZAOpwWcTwAFOS5uxK4DUZbMWcV/requests/W2a2GSKv4dNpnmSUA9dQH0HIbKfn) not found.\n\tat com.google.cloud.datastore.emulator.impl.firestore.CloudFirestoreV1.getDocument(CloudFirestoreV1.java:335)\n\tat com.google.cloud.datastore.emulator.impl.firestore.CloudFirestoreV1Router.getDocument(CloudFirestoreV1Router.java:129)\n\tat com.google.cloud.datastore.emulator.impl.firestore.CloudFirestoreV1Router.getOrListDocuments(CloudFirestoreV1Router.java:123)\n\tat com.google.cloud.datastore.emulator.firestore.v1.FirestoreV1GrpcAdapter$1.lambda$getOrListDocuments$0(FirestoreV1GrpcAdapter.java:108)\n\tat com.google.cloud.datastore.emulator.firestore.v1.FirestoreV1GrpcAdapter.unary(FirestoreV1GrpcAdapter.java:72)\n\tat com.google.cloud.datastore.emulator.firestore.v1.FirestoreV1GrpcAdapter$1.getOrListDocuments(FirestoreV1GrpcAdapter.java:108)\n\tat com.google.firestore.v1.FirestoreGrpc$MethodHandlers.invoke(FirestoreGrpc.java:1206)\n\tat io.grpc.stub.ServerCalls$UnaryServerCallHandler$UnaryServerCallListener.onHalfClose(ServerCalls.java:182)\n\tat io.grpc.PartialForwardingServerCallListener.onHalfClose(PartialForwardingServerCallListener.java:35)\n\tat io.grpc.ForwardingServerCallListener.onHalfClose(ForwardingServerCallListener.java:23)\n\tat io.grpc.ForwardingServerCallListener$SimpleForwardingServerCallListener.onHalfClose(ForwardingServerCallListener.java:40)\n\tat io.grpc.Contexts$ContextualizedServerCallListener.onHalfClose(Contexts.java:86)\n\tat io.grpc.PartialForwardingServerCallListener.onHalfClose(PartialForwardingServerCallListener.java:35)\n\tat io.grpc.ForwardingServerCallListener.onHalfClose(ForwardingServerCallListener.java:23)\n\tat io.grpc.ForwardingServerCallListener$SimpleForwardingServerCallListener.onHalfClose(ForwardingServerCallListener.java:40)\n\tat io.grpc.Contexts$ContextualizedServerCallListener.onHalfClose(Contexts.java:86)\n\tat io.grpc.internal.ServerCallImpl$ServerStreamListenerImpl.halfClosed(ServerCallImpl.java:356)\n\tat io.grpc.internal.ServerImpl$JumpToApplicationThreadServerStreamListener$1HalfClosed.runInContext(ServerImpl.java:861)\n\tat io.grpc.internal.ContextRunnable.run(ContextRunnable.java:37)\n\tat io.grpc.internal.SerializingExecutor.run(SerializingExecutor.java:133)\n\tat java.base/java.util.concurrent.ThreadPoolExecutor.runWorker(ThreadPoolExecutor.java:1144)\n\tat java.base/java.util.concurrent.ThreadPoolExecutor$Worker.run(ThreadPoolExecutor.java:642)\n\tat java.base/java.lang.Thread.run(Thread.java:1583)\n\n"}}
[debug] [2026-08-30T04:11:50.685Z] Aug 29, 2026 9:11:50 PM io.gapi.emulators.netty.HttpHandler$1 onError
INFO: Exception when handling request: NOT_FOUND: Document (projects/demo-cadence/databases/(default)/documents/users/M9ZAOpwWcTwAFOS5uxK4DUZbMWcV/requests/W2a2GSKv4dNpnmSUA9dQH0HIbKfn) not found.
 {"metadata":{"emulator":{"name":"firestore"},"message":"Aug 29, 2026 9:11:50 PM io.gapi.emulators.netty.HttpHandler$1 onError\nINFO: Exception when handling request: NOT_FOUND: Document (projects/demo-cadence/databases/(default)/documents/users/M9ZAOpwWcTwAFOS5uxK4DUZbMWcV/requests/W2a2GSKv4dNpnmSUA9dQH0HIbKfn) not found.\n"}}
[debug] [2026-08-30T04:11:50.702Z] Aug 29, 2026 9:11:50 PM com.google.cloud.datastore.emulator.impl.util.WrappedStreamObserver onError
WARNING: Operation failed: Document (projects/demo-cadence/databases/(default)/documents/friends/W2a2GSKv4dNpnmSUA9dQH0HIbKfn/list/M9ZAOpwWcTwAFOS5uxK4DUZbMWcV) not found.
com.google.cloud.datastore.core.exception.DatastoreException: Document (projects/demo-cadence/databases/(default)/documents/friends/W2a2GSKv4dNpnmSUA9dQH0HIbKfn/list/M9ZAOpwWcTwAFOS5uxK4DUZbMWcV) not found.
	at com.google.cloud.datastore.emulator.impl.firestore.CloudFirestoreV1.getDocument(CloudFirestoreV1.java:335)
	at com.google.cloud.datastore.emulator.impl.firestore.CloudFirestoreV1Router.getDocument(CloudFirestoreV1Router.java:129)
	at com.google.cloud.datastore.emulator.impl.firestore.CloudFirestoreV1Router.getOrListDocuments(CloudFirestoreV1Router.java:123)
	at com.google.cloud.datastore.emulator.firestore.v1.FirestoreV1GrpcAdapter$1.lambda$getOrListDocuments$0(FirestoreV1GrpcAdapter.java:108)
	at com.google.cloud.datastore.emulator.firestore.v1.FirestoreV1GrpcAdapter.unary(FirestoreV1GrpcAdapter.java:72)
	at com.google.cloud.datastore.emulator.firestore.v1.FirestoreV1GrpcAdapter$1.getOrListDocuments(FirestoreV1GrpcAdapter.java:108)
	at com.google.firestore.v1.FirestoreGrpc$MethodHandlers.invoke(FirestoreGrpc.java:1206)
	at io.grpc.stub.ServerCalls$UnaryServerCallHandler$UnaryServerCallListener.onHalfClose(ServerCalls.java:182)
	at io.grpc.PartialForwardingServerCallListener.onHalfClose(PartialForwardingServerCallListener.java:35)
	at io.grpc.ForwardingServerCallListener.onHalfClose(ForwardingServerCallListener.java:23)
	at io.grpc.ForwardingServerCallListener$SimpleForwardingServerCallListener.onHalfClose(ForwardingServerCallListener.java:40)
	at io.grpc.Contexts$ContextualizedServerCallListener.onHalfClose(Contexts.java:86)
	at io.grpc.PartialForwardingServerCallListener.onHalfClose(PartialForwardingServerCallListener.java:35)
	at io.grpc.ForwardingServerCallListener.onHalfClose(ForwardingServerCallListener.java:23)
	at io.grpc.ForwardingServerCallListener$SimpleForwardingServerCallListener.onHalfClose(ForwardingServerCallListener.java:40)
	at io.grpc.Contexts$ContextualizedServerCallListener.onHalfClose(Contexts.java:86)
	at io.grpc.internal.ServerCallImpl$ServerStreamListenerImpl.halfClosed(ServerCallImpl.java:356)
	at io.grpc.internal.ServerImpl$JumpToApplicationThreadServerStreamListener$1HalfClosed.runInContext(ServerImpl.java:861)
	at io.grpc.internal.ContextRunnable.run(ContextRunnable.java:37)
	at io.grpc.internal.SerializingExecutor.run(SerializingExecutor.java:133)
	at java.base/java.util.concurrent.ThreadPoolExecutor.runWorker(ThreadPoolExecutor.java:1144)
	at java.base/java.util.concurrent.ThreadPoolExecutor$Worker.run(ThreadPoolExecutor.java:642)
	at java.base/java.lang.Thread.run(Thread.java:1583)

 {"metadata":{"emulator":{"name":"firestore"},"message":"Aug 29, 2026 9:11:50 PM com.google.cloud.datastore.emulator.impl.util.WrappedStreamObserver onError\nWARNING: Operation failed: Document (projects/demo-cadence/databases/(default)/documents/friends/W2a2GSKv4dNpnmSUA9dQH0HIbKfn/list/M9ZAOpwWcTwAFOS5uxK4DUZbMWcV) not found.\ncom.google.cloud.datastore.core.exception.DatastoreException: Document (projects/demo-cadence/databases/(default)/documents/friends/W2a2GSKv4dNpnmSUA9dQH0HIbKfn/list/M9ZAOpwWcTwAFOS5uxK4DUZbMWcV) not found.\n\tat com.google.cloud.datastore.emulator.impl.firestore.CloudFirestoreV1.getDocument(CloudFirestoreV1.java:335)\n\tat com.google.cloud.datastore.emulator.impl.firestore.CloudFirestoreV1Router.getDocument(CloudFirestoreV1Router.java:129)\n\tat com.google.cloud.datastore.emulator.impl.firestore.CloudFirestoreV1Router.getOrListDocuments(CloudFirestoreV1Router.java:123)\n\tat com.google.cloud.datastore.emulator.firestore.v1.FirestoreV1GrpcAdapter$1.lambda$getOrListDocuments$0(FirestoreV1GrpcAdapter.java:108)\n\tat com.google.cloud.datastore.emulator.firestore.v1.FirestoreV1GrpcAdapter.unary(FirestoreV1GrpcAdapter.java:72)\n\tat com.google.cloud.datastore.emulator.firestore.v1.FirestoreV1GrpcAdapter$1.getOrListDocuments(FirestoreV1GrpcAdapter.java:108)\n\tat com.google.firestore.v1.FirestoreGrpc$MethodHandlers.invoke(FirestoreGrpc.java:1206)\n\tat io.grpc.stub.ServerCalls$UnaryServerCallHandler$UnaryServerCallListener.onHalfClose(ServerCalls.java:182)\n\tat io.grpc.PartialForwardingServerCallListener.onHalfClose(PartialForwardingServerCallListener.java:35)\n\tat io.grpc.ForwardingServerCallListener.onHalfClose(ForwardingServerCallListener.java:23)\n\tat io.grpc.ForwardingServerCallListener$SimpleForwardingServerCallListener.onHalfClose(ForwardingServerCallListener.java:40)\n\tat io.grpc.Contexts$ContextualizedServerCallListener.onHalfClose(Contexts.java:86)\n\tat io.grpc.PartialForwardingServerCallListener.onHalfClose(PartialForwardingServerCallListener.java:35)\n\tat io.grpc.ForwardingServerCallListener.onHalfClose(ForwardingServerCallListener.java:23)\n\tat io.grpc.ForwardingServerCallListener$SimpleForwardingServerCallListener.onHalfClose(ForwardingServerCallListener.java:40)\n\tat io.grpc.Contexts$ContextualizedServerCallListener.onHalfClose(Contexts.java:86)\n\tat io.grpc.internal.ServerCallImpl$ServerStreamListenerImpl.halfClosed(ServerCallImpl.java:356)\n\tat io.grpc.internal.ServerImpl$JumpToApplicationThreadServerStreamListener$1HalfClosed.runInContext(ServerImpl.java:861)\n\tat io.grpc.internal.ContextRunnable.run(ContextRunnable.java:37)\n\tat io.grpc.internal.SerializingExecutor.run(SerializingExecutor.java:133)\n\tat java.base/java.util.concurrent.ThreadPoolExecutor.runWorker(ThreadPoolExecutor.java:1144)\n\tat java.base/java.util.concurrent.ThreadPoolExecutor$Worker.run(ThreadPoolExecutor.java:642)\n\tat java.base/java.lang.Thread.run(Thread.java:1583)\n\n"}}
[debug] [2026-08-30T04:11:50.703Z] Aug 29, 2026 9:11:50 PM io.gapi.emulators.netty.HttpHandler$1 onError
INFO: Exception when handling request: NOT_FOUND: Document (projects/demo-cadence/databases/(default)/documents/friends/W2a2GSKv4dNpnmSUA9dQH0HIbKfn/list/M9ZAOpwWcTwAFOS5uxK4DUZbMWcV) not found.
 {"metadata":{"emulator":{"name":"firestore"},"message":"Aug 29, 2026 9:11:50 PM io.gapi.emulators.netty.HttpHandler$1 onError\nINFO: Exception when handling request: NOT_FOUND: Document (projects/demo-cadence/databases/(default)/documents/friends/W2a2GSKv4dNpnmSUA9dQH0HIbKfn/list/M9ZAOpwWcTwAFOS5uxK4DUZbMWcV) not found.\n"}}
[debug] [2026-08-30T04:11:50.705Z] Aug 29, 2026 9:11:50 PM com.google.cloud.datastore.emulator.impl.util.WrappedStreamObserver onError
WARNING: Operation failed: Document (projects/demo-cadence/databases/(default)/documents/users/W2a2GSKv4dNpnmSUA9dQH0HIbKfn/requests/M9ZAOpwWcTwAFOS5uxK4DUZbMWcV) not found.
com.google.cloud.datastore.core.exception.DatastoreException: Document (projects/demo-cadence/databases/(default)/documents/users/W2a2GSKv4dNpnmSUA9dQH0HIbKfn/requests/M9ZAOpwWcTwAFOS5uxK4DUZbMWcV) not found.
	at com.google.cloud.datastore.emulator.impl.firestore.CloudFirestoreV1.getDocument(CloudFirestoreV1.java:335)
	at com.google.cloud.datastore.emulator.impl.firestore.CloudFirestoreV1Router.getDocument(CloudFirestoreV1Router.java:129)
	at com.google.cloud.datastore.emulator.impl.firestore.CloudFirestoreV1Router.getOrListDocuments(CloudFirestoreV1Router.java:123)
	at com.google.cloud.datastore.emulator.firestore.v1.FirestoreV1GrpcAdapter$1.lambda$getOrListDocuments$0(FirestoreV1GrpcAdapter.java:108)
	at com.google.cloud.datastore.emulator.firestore.v1.FirestoreV1GrpcAdapter.unary(FirestoreV1GrpcAdapter.java:72)
	at com.google.cloud.datastore.emulator.firestore.v1.FirestoreV1GrpcAdapter$1.getOrListDocuments(FirestoreV1GrpcAdapter.java:108)
	at com.google.firestore.v1.FirestoreGrpc$MethodHandlers.invoke(FirestoreGrpc.java:1206)
	at io.grpc.stub.ServerCalls$UnaryServerCallHandler$UnaryServerCallListener.onHalfClose(ServerCalls.java:182)
	at io.grpc.PartialForwardingServerCallListener.onHalfClose(PartialForwardingServerCallListener.java:35)
	at io.grpc.ForwardingServerCallListener.onHalfClose(ForwardingServerCallListener.java:23)
	at io.grpc.ForwardingServerCallListener$SimpleForwardingServerCallListener.onHalfClose(ForwardingServerCallListener.java:40)
	at io.grpc.Contexts$ContextualizedServerCallListener.onHalfClose(Contexts.java:86)
	at io.grpc.PartialForwardingServerCallListener.onHalfClose(PartialForwardingServerCallListener.java:35)
	at io.grpc.ForwardingServerCallListener.onHalfClose(ForwardingServerCallListener.java:23)
	at io.grpc.ForwardingServerCallListener$SimpleForwardingServerCallListener.onHalfClose(ForwardingServerCallListener.java:40)
	at io.grpc.Contexts$ContextualizedServerCallListener.onHalfClose(Contexts.java:86)
	at io.grpc.internal.ServerCallImpl$ServerStreamListenerImpl.halfClosed(ServerCallImpl.java:356)
	at io.grpc.internal.ServerImpl$JumpToApplicationThreadServerStreamListener$1HalfClosed.runInContext(ServerImpl.java:861)
	at io.grpc.internal.ContextRunnable.run(ContextRunnable.java:37)
	at io.grpc.internal.SerializingExecutor.run(SerializingExecutor.java:133)
	at java.base/java.util.concurrent.ThreadPoolExecutor.runWorker(ThreadPoolExecutor.java:1144)
	at java.base/java.util.concurrent.ThreadPoolExecutor$Worker.run(ThreadPoolExecutor.java:642)
	at java.base/java.lang.Thread.run(Thread.java:1583)

 {"metadata":{"emulator":{"name":"firestore"},"message":"Aug 29, 2026 9:11:50 PM com.google.cloud.datastore.emulator.impl.util.WrappedStreamObserver onError\nWARNING: Operation failed: Document (projects/demo-cadence/databases/(default)/documents/users/W2a2GSKv4dNpnmSUA9dQH0HIbKfn/requests/M9ZAOpwWcTwAFOS5uxK4DUZbMWcV) not found.\ncom.google.cloud.datastore.core.exception.DatastoreException: Document (projects/demo-cadence/databases/(default)/documents/users/W2a2GSKv4dNpnmSUA9dQH0HIbKfn/requests/M9ZAOpwWcTwAFOS5uxK4DUZbMWcV) not found.\n\tat com.google.cloud.datastore.emulator.impl.firestore.CloudFirestoreV1.getDocument(CloudFirestoreV1.java:335)\n\tat com.google.cloud.datastore.emulator.impl.firestore.CloudFirestoreV1Router.getDocument(CloudFirestoreV1Router.java:129)\n\tat com.google.cloud.datastore.emulator.impl.firestore.CloudFirestoreV1Router.getOrListDocuments(CloudFirestoreV1Router.java:123)\n\tat com.google.cloud.datastore.emulator.firestore.v1.FirestoreV1GrpcAdapter$1.lambda$getOrListDocuments$0(FirestoreV1GrpcAdapter.java:108)\n\tat com.google.cloud.datastore.emulator.firestore.v1.FirestoreV1GrpcAdapter.unary(FirestoreV1GrpcAdapter.java:72)\n\tat com.google.cloud.datastore.emulator.firestore.v1.FirestoreV1GrpcAdapter$1.getOrListDocuments(FirestoreV1GrpcAdapter.java:108)\n\tat com.google.firestore.v1.FirestoreGrpc$MethodHandlers.invoke(FirestoreGrpc.java:1206)\n\tat io.grpc.stub.ServerCalls$UnaryServerCallHandler$UnaryServerCallListener.onHalfClose(ServerCalls.java:182)\n\tat io.grpc.PartialForwardingServerCallListener.onHalfClose(PartialForwardingServerCallListener.java:35)\n\tat io.grpc.ForwardingServerCallListener.onHalfClose(ForwardingServerCallListener.java:23)\n\tat io.grpc.ForwardingServerCallListener$SimpleForwardingServerCallListener.onHalfClose(ForwardingServerCallListener.java:40)\n\tat io.grpc.Contexts$ContextualizedServerCallListener.onHalfClose(Contexts.java:86)\n\tat io.grpc.PartialForwardingServerCallListener.onHalfClose(PartialForwardingServerCallListener.java:35)\n\tat io.grpc.ForwardingServerCallListener.onHalfClose(ForwardingServerCallListener.java:23)\n\tat io.grpc.ForwardingServerCallListener$SimpleForwardingServerCallListener.onHalfClose(ForwardingServerCallListener.java:40)\n\tat io.grpc.Contexts$ContextualizedServerCallListener.onHalfClose(Contexts.java:86)\n\tat io.grpc.internal.ServerCallImpl$ServerStreamListenerImpl.halfClosed(ServerCallImpl.java:356)\n\tat io.grpc.internal.ServerImpl$JumpToApplicationThreadServerStreamListener$1HalfClosed.runInContext(ServerImpl.java:861)\n\tat io.grpc.internal.ContextRunnable.run(ContextRunnable.java:37)\n\tat io.grpc.internal.SerializingExecutor.run(SerializingExecutor.java:133)\n\tat java.base/java.util.concurrent.ThreadPoolExecutor.runWorker(ThreadPoolExecutor.java:1144)\n\tat java.base/java.util.concurrent.ThreadPoolExecutor$Worker.run(ThreadPoolExecutor.java:642)\n\tat java.base/java.lang.Thread.run(Thread.java:1583)\n\n"}}
[debug] [2026-08-30T04:11:50.706Z] Aug 29, 2026 9:11:50 PM io.gapi.emulators.netty.HttpHandler$1 onError
INFO: Exception when handling request: NOT_FOUND: Document (projects/demo-cadence/databases/(default)/documents/users/W2a2GSKv4dNpnmSUA9dQH0HIbKfn/requests/M9ZAOpwWcTwAFOS5uxK4DUZbMWcV) not found.
 {"metadata":{"emulator":{"name":"firestore"},"message":"Aug 29, 2026 9:11:50 PM io.gapi.emulators.netty.HttpHandler$1 onError\nINFO: Exception when handling request: NOT_FOUND: Document (projects/demo-cadence/databases/(default)/documents/users/W2a2GSKv4dNpnmSUA9dQH0HIbKfn/requests/M9ZAOpwWcTwAFOS5uxK4DUZbMWcV) not found.\n"}}
[debug] [2026-08-30T04:11:50.717Z] Aug 29, 2026 9:11:50 PM com.google.cloud.datastore.emulator.impl.util.WrappedStreamObserver onError
WARNING: Operation failed: Document (projects/demo-cadence/databases/(default)/documents/friends/M9ZAOpwWcTwAFOS5uxK4DUZbMWcV/list/W2a2GSKv4dNpnmSUA9dQH0HIbKfn) not found.
com.google.cloud.datastore.core.exception.DatastoreException: Document (projects/demo-cadence/databases/(default)/documents/friends/M9ZAOpwWcTwAFOS5uxK4DUZbMWcV/list/W2a2GSKv4dNpnmSUA9dQH0HIbKfn) not found.
	at com.google.cloud.datastore.emulator.impl.firestore.CloudFirestoreV1.getDocument(CloudFirestoreV1.java:335)
	at com.google.cloud.datastore.emulator.impl.firestore.CloudFirestoreV1Router.getDocument(CloudFirestoreV1Router.java:129)
	at com.google.cloud.datastore.emulator.impl.firestore.CloudFirestoreV1Router.getOrListDocuments(CloudFirestoreV1Router.java:123)
	at com.google.cloud.datastore.emulator.firestore.v1.FirestoreV1GrpcAdapter$1.lambda$getOrListDocuments$0(FirestoreV1GrpcAdapter.java:108)
	at com.google.cloud.datastore.emulator.firestore.v1.FirestoreV1GrpcAdapter.unary(FirestoreV1GrpcAdapter.java:72)
	at com.google.cloud.datastore.emulator.firestore.v1.FirestoreV1GrpcAdapter$1.getOrListDocuments(FirestoreV1GrpcAdapter.java:108)
	at com.google.firestore.v1.FirestoreGrpc$MethodHandlers.invoke(FirestoreGrpc.java:1206)
	at io.grpc.stub.ServerCalls$UnaryServerCallHandler$UnaryServerCallListener.onHalfClose(ServerCalls.java:182)
	at io.grpc.PartialForwardingServerCallListener.onHalfClose(PartialForwardingServerCallListener.java:35)
	at io.grpc.ForwardingServerCallListener.onHalfClose(ForwardingServerCallListener.java:23)
	at io.grpc.ForwardingServerCallListener$SimpleForwardingServerCallListener.onHalfClose(ForwardingServerCallListener.java:40)
	at io.grpc.Contexts$ContextualizedServerCallListener.onHalfClose(Contexts.java:86)
	at io.grpc.PartialForwardingServerCallListener.onHalfClose(PartialForwardingServerCallListener.java:35)
	at io.grpc.ForwardingServerCallListener.onHalfClose(ForwardingServerCallListener.java:23)
	at io.grpc.ForwardingServerCallListener$SimpleForwardingServerCallListener.onHalfClose(ForwardingServerCallListener.java:40)
	at io.grpc.Contexts$ContextualizedServerCallListener.onHalfClose(Contexts.java:86)
	at io.grpc.internal.ServerCallImpl$ServerStreamListenerImpl.halfClosed(ServerCallImpl.java:356)
	at io.grpc.internal.ServerImpl$JumpToApplicationThreadServerStreamListener$1HalfClosed.runInContext(ServerImpl.java:861)
	at io.grpc.internal.ContextRunnable.run(ContextRunnable.java:37)
	at io.grpc.internal.SerializingExecutor.run(SerializingExecutor.java:133)
	at java.base/java.util.concurrent.ThreadPoolExecutor.runWorker(ThreadPoolExecutor.java:1144)
	at java.base/java.util.concurrent.ThreadPoolExecutor$Worker.run(ThreadPoolExecutor.java:642)
	at java.base/java.lang.Thread.run(Thread.java:1583)

 {"metadata":{"emulator":{"name":"firestore"},"message":"Aug 29, 2026 9:11:50 PM com.google.cloud.datastore.emulator.impl.util.WrappedStreamObserver onError\nWARNING: Operation failed: Document (projects/demo-cadence/databases/(default)/documents/friends/M9ZAOpwWcTwAFOS5uxK4DUZbMWcV/list/W2a2GSKv4dNpnmSUA9dQH0HIbKfn) not found.\ncom.google.cloud.datastore.core.exception.DatastoreException: Document (projects/demo-cadence/databases/(default)/documents/friends/M9ZAOpwWcTwAFOS5uxK4DUZbMWcV/list/W2a2GSKv4dNpnmSUA9dQH0HIbKfn) not found.\n\tat com.google.cloud.datastore.emulator.impl.firestore.CloudFirestoreV1.getDocument(CloudFirestoreV1.java:335)\n\tat com.google.cloud.datastore.emulator.impl.firestore.CloudFirestoreV1Router.getDocument(CloudFirestoreV1Router.java:129)\n\tat com.google.cloud.datastore.emulator.impl.firestore.CloudFirestoreV1Router.getOrListDocuments(CloudFirestoreV1Router.java:123)\n\tat com.google.cloud.datastore.emulator.firestore.v1.FirestoreV1GrpcAdapter$1.lambda$getOrListDocuments$0(FirestoreV1GrpcAdapter.java:108)\n\tat com.google.cloud.datastore.emulator.firestore.v1.FirestoreV1GrpcAdapter.unary(FirestoreV1GrpcAdapter.java:72)\n\tat com.google.cloud.datastore.emulator.firestore.v1.FirestoreV1GrpcAdapter$1.getOrListDocuments(FirestoreV1GrpcAdapter.java:108)\n\tat com.google.firestore.v1.FirestoreGrpc$MethodHandlers.invoke(FirestoreGrpc.java:1206)\n\tat io.grpc.stub.ServerCalls$UnaryServerCallHandler$UnaryServerCallListener.onHalfClose(ServerCalls.java:182)\n\tat io.grpc.PartialForwardingServerCallListener.onHalfClose(PartialForwardingServerCallListener.java:35)\n\tat io.grpc.ForwardingServerCallListener.onHalfClose(ForwardingServerCallListener.java:23)\n\tat io.grpc.ForwardingServerCallListener$SimpleForwardingServerCallListener.onHalfClose(ForwardingServerCallListener.java:40)\n\tat io.grpc.Contexts$ContextualizedServerCallListener.onHalfClose(Contexts.java:86)\n\tat io.grpc.PartialForwardingServerCallListener.onHalfClose(PartialForwardingServerCallListener.java:35)\n\tat io.grpc.ForwardingServerCallListener.onHalfClose(ForwardingServerCallListener.java:23)\n\tat io.grpc.ForwardingServerCallListener$SimpleForwardingServerCallListener.onHalfClose(ForwardingServerCallListener.java:40)\n\tat io.grpc.Contexts$ContextualizedServerCallListener.onHalfClose(Contexts.java:86)\n\tat io.grpc.internal.ServerCallImpl$ServerStreamListenerImpl.halfClosed(ServerCallImpl.java:356)\n\tat io.grpc.internal.ServerImpl$JumpToApplicationThreadServerStreamListener$1HalfClosed.runInContext(ServerImpl.java:861)\n\tat io.grpc.internal.ContextRunnable.run(ContextRunnable.java:37)\n\tat io.grpc.internal.SerializingExecutor.run(SerializingExecutor.java:133)\n\tat java.base/java.util.concurrent.ThreadPoolExecutor.runWorker(ThreadPoolExecutor.java:1144)\n\tat java.base/java.util.concurrent.ThreadPoolExecutor$Worker.run(ThreadPoolExecutor.java:642)\n\tat java.base/java.lang.Thread.run(Thread.java:1583)\n\n"}}
[debug] [2026-08-30T04:11:50.717Z] Aug 29, 2026 9:11:50 PM io.gapi.emulators.netty.HttpHandler$1 onError
INFO: Exception when handling request: NOT_FOUND: Document (projects/demo-cadence/databases/(default)/documents/friends/M9ZAOpwWcTwAFOS5uxK4DUZbMWcV/list/W2a2GSKv4dNpnmSUA9dQH0HIbKfn) not found.
 {"metadata":{"emulator":{"name":"firestore"},"message":"Aug 29, 2026 9:11:50 PM io.gapi.emulators.netty.HttpHandler$1 onError\nINFO: Exception when handling request: NOT_FOUND: Document (projects/demo-cadence/databases/(default)/documents/friends/M9ZAOpwWcTwAFOS5uxK4DUZbMWcV/list/W2a2GSKv4dNpnmSUA9dQH0HIbKfn) not found.\n"}}
[debug] [2026-08-30T04:11:50.735Z] Aug 29, 2026 9:11:50 PM io.gapi.emulators.netty.HttpVersionRoutingHandler channelRead
INFO: Detected non-HTTP/2 connection.
 {"metadata":{"emulator":{"name":"firestore"},"message":"Aug 29, 2026 9:11:50 PM io.gapi.emulators.netty.HttpVersionRoutingHandler channelRead\nINFO: Detected non-HTTP/2 connection.\n"}}
[debug] [2026-08-30T04:11:50.769Z] Aug 29, 2026 9:11:50 PM io.gapi.emulators.netty.HttpVersionRoutingHandler channelRead
INFO: Detected non-HTTP/2 connection.
 {"metadata":{"emulator":{"name":"firestore"},"message":"Aug 29, 2026 9:11:50 PM io.gapi.emulators.netty.HttpVersionRoutingHandler channelRead\nINFO: Detected non-HTTP/2 connection.\n"}}
[debug] [2026-08-30T04:11:50.778Z] Aug 29, 2026 9:11:50 PM com.google.cloud.datastore.emulator.impl.util.WrappedStreamObserver onError
WARNING: Operation failed: 
evaluation error at L54:22 for 'get' @ L54, false for 'get' @ L54
com.google.cloud.datastore.core.exception.DatastoreException: 
evaluation error at L54:22 for 'get' @ L54, false for 'get' @ L54
	at com.google.cloud.datastore.core.exception.DatastoreException$Builder.build(DatastoreException.java:121)
	at com.google.cloud.datastore.emulator.impl.rules.DefaultEmulatorRulesAuthorizer.verboseError(DefaultEmulatorRulesAuthorizer.java:318)
	at com.google.cloud.datastore.emulator.impl.rules.DefaultEmulatorRulesAuthorizer.withVerboseErrors(DefaultEmulatorRulesAuthorizer.java:295)
	at com.google.cloud.datastore.emulator.impl.rules.DefaultEmulatorRulesAuthorizer.checkLookup(DefaultEmulatorRulesAuthorizer.java:153)
	at com.google.cloud.datastore.emulator.impl.firestore.FirestoreEmulatorHelper.snapshotRead(FirestoreEmulatorHelper.java:286)
	at com.google.cloud.datastore.emulator.impl.firestore.FirestoreEmulatorHelper.lambda$read$0(FirestoreEmulatorHelper.java:245)
	at com.google.cloud.datastore.emulator.impl.transactions.EmulatorTransactionManager$ReadOnlyTransaction.fold(EmulatorTransactionManager.java:461)
	at com.google.cloud.datastore.emulator.impl.firestore.FirestoreEmulatorHelper.read(FirestoreEmulatorHelper.java:244)
	at com.google.cloud.datastore.emulator.impl.firestore.CloudFirestoreV1.getDocument(CloudFirestoreV1.java:331)
	at com.google.cloud.datastore.emulator.impl.firestore.CloudFirestoreV1Router.getDocument(CloudFirestoreV1Router.java:129)
	at com.google.cloud.datastore.emulator.impl.firestore.CloudFirestoreV1Router.getOrListDocuments(CloudFirestoreV1Router.java:123)
	at com.google.cloud.datastore.emulator.firestore.v1.FirestoreV1GrpcAdapter$1.lambda$getOrListDocuments$0(FirestoreV1GrpcAdapter.java:108)
	at com.google.cloud.datastore.emulator.firestore.v1.FirestoreV1GrpcAdapter.unary(FirestoreV1GrpcAdapter.java:72)
	at com.google.cloud.datastore.emulator.firestore.v1.FirestoreV1GrpcAdapter$1.getOrListDocuments(FirestoreV1GrpcAdapter.java:108)
	at com.google.firestore.v1.FirestoreGrpc$MethodHandlers.invoke(FirestoreGrpc.java:1206)
	at io.grpc.stub.ServerCalls$UnaryServerCallHandler$UnaryServerCallListener.onHalfClose(ServerCalls.java:182)
	at io.grpc.PartialForwardingServerCallListener.onHalfClose(PartialForwardingServerCallListener.java:35)
	at io.grpc.ForwardingServerCallListener.onHalfClose(ForwardingServerCallListener.java:23)
	at io.grpc.ForwardingServerCallListener$SimpleForwardingServerCallListener.onHalfClose(ForwardingServerCallListener.java:40)
	at io.grpc.Contexts$ContextualizedServerCallListener.onHalfClose(Contexts.java:86)
	at io.grpc.PartialForwardingServerCallListener.onHalfClose(PartialForwardingServerCallListener.java:35)
	at io.grpc.ForwardingServerCallListener.onHalfClose(ForwardingServerCallListener.java:23)
	at io.grpc.ForwardingServerCallListener$SimpleForwardingServerCallListener.onHalfClose(ForwardingServerCallListener.java:40)
	at io.grpc.Contexts$ContextualizedServerCallListener.onHalfClose(Contexts.java:86)
	at io.grpc.internal.ServerCallImpl$ServerStreamListenerImpl.halfClosed(ServerCallImpl.java:356)
	at io.grpc.internal.ServerImpl$JumpToApplicationThreadServerStreamListener$1HalfClosed.runInContext(ServerImpl.java:861)
	at io.grpc.internal.ContextRunnable.run(ContextRunnable.java:37)
	at io.grpc.internal.SerializingExecutor.run(SerializingExecutor.java:133)
	at java.base/java.util.concurrent.ThreadPoolExecutor.runWorker(ThreadPoolExecutor.java:1144)
	at java.base/java.util.concurrent.ThreadPoolExecutor$Worker.run(ThreadPoolExecutor.java:642)
	at java.base/java.lang.Thread.run(Thread.java:1583)

 {"metadata":{"emulator":{"name":"firestore"},"message":"Aug 29, 2026 9:11:50 PM com.google.cloud.datastore.emulator.impl.util.WrappedStreamObserver onError\nWARNING: Operation failed: \nevaluation error at L54:22 for 'get' @ L54, false for 'get' @ L54\ncom.google.cloud.datastore.core.exception.DatastoreException: \nevaluation error at L54:22 for 'get' @ L54, false for 'get' @ L54\n\tat com.google.cloud.datastore.core.exception.DatastoreException$Builder.build(DatastoreException.java:121)\n\tat com.google.cloud.datastore.emulator.impl.rules.DefaultEmulatorRulesAuthorizer.verboseError(DefaultEmulatorRulesAuthorizer.java:318)\n\tat com.google.cloud.datastore.emulator.impl.rules.DefaultEmulatorRulesAuthorizer.withVerboseErrors(DefaultEmulatorRulesAuthorizer.java:295)\n\tat com.google.cloud.datastore.emulator.impl.rules.DefaultEmulatorRulesAuthorizer.checkLookup(DefaultEmulatorRulesAuthorizer.java:153)\n\tat com.google.cloud.datastore.emulator.impl.firestore.FirestoreEmulatorHelper.snapshotRead(FirestoreEmulatorHelper.java:286)\n\tat com.google.cloud.datastore.emulator.impl.firestore.FirestoreEmulatorHelper.lambda$read$0(FirestoreEmulatorHelper.java:245)\n\tat com.google.cloud.datastore.emulator.impl.transactions.EmulatorTransactionManager$ReadOnlyTransaction.fold(EmulatorTransactionManager.java:461)\n\tat com.google.cloud.datastore.emulator.impl.firestore.FirestoreEmulatorHelper.read(FirestoreEmulatorHelper.java:244)\n\tat com.google.cloud.datastore.emulator.impl.firestore.CloudFirestoreV1.getDocument(CloudFirestoreV1.java:331)\n\tat com.google.cloud.datastore.emulator.impl.firestore.CloudFirestoreV1Router.getDocument(CloudFirestoreV1Router.java:129)\n\tat com.google.cloud.datastore.emulator.impl.firestore.CloudFirestoreV1Router.getOrListDocuments(CloudFirestoreV1Router.java:123)\n\tat com.google.cloud.datastore.emulator.firestore.v1.FirestoreV1GrpcAdapter$1.lambda$getOrListDocuments$0(FirestoreV1GrpcAdapter.java:108)\n\tat com.google.cloud.datastore.emulator.firestore.v1.FirestoreV1GrpcAdapter.unary(FirestoreV1GrpcAdapter.java:72)\n\tat com.google.cloud.datastore.emulator.firestore.v1.FirestoreV1GrpcAdapter$1.getOrListDocuments(FirestoreV1GrpcAdapter.java:108)\n\tat com.google.firestore.v1.FirestoreGrpc$MethodHandlers.invoke(FirestoreGrpc.java:1206)\n\tat io.grpc.stub.ServerCalls$UnaryServerCallHandler$UnaryServerCallListener.onHalfClose(ServerCalls.java:182)\n\tat io.grpc.PartialForwardingServerCallListener.onHalfClose(PartialForwardingServerCallListener.java:35)\n\tat io.grpc.ForwardingServerCallListener.onHalfClose(ForwardingServerCallListener.java:23)\n\tat io.grpc.ForwardingServerCallListener$SimpleForwardingServerCallListener.onHalfClose(ForwardingServerCallListener.java:40)\n\tat io.grpc.Contexts$ContextualizedServerCallListener.onHalfClose(Contexts.java:86)\n\tat io.grpc.PartialForwardingServerCallListener.onHalfClose(PartialForwardingServerCallListener.java:35)\n\tat io.grpc.ForwardingServerCallListener.onHalfClose(ForwardingServerCallListener.java:23)\n\tat io.grpc.ForwardingServerCallListener$SimpleForwardingServerCallListener.onHalfClose(ForwardingServerCallListener.java:40)\n\tat io.grpc.Contexts$ContextualizedServerCallListener.onHalfClose(Contexts.java:86)\n\tat io.grpc.internal.ServerCallImpl$ServerStreamListenerImpl.halfClosed(ServerCallImpl.java:356)\n\tat io.grpc.internal.ServerImpl$JumpToApplicationThreadServerStreamListener$1HalfClosed.runInContext(ServerImpl.java:861)\n\tat io.grpc.internal.ContextRunnable.run(ContextRunnable.java:37)\n\tat io.grpc.internal.SerializingExecutor.run(SerializingExecutor.java:133)\n\tat java.base/java.util.concurrent.ThreadPoolExecutor.runWorker(ThreadPoolExecutor.java:1144)\n\tat java.base/java.util.concurrent.ThreadPoolExecutor$Worker.run(ThreadPoolExecutor.java:642)\n\tat java.base/java.lang.Thread.run(Thread.java:1583)\n\n"}}
[debug] [2026-08-30T04:11:50.779Z] Aug 29, 2026 9:11:50 PM io.gapi.emulators.netty.HttpHandler$1 onError
INFO: Exception when handling request: PERMISSION_DENIED: 
evaluation error at L54:22 for 'get' @ L54, false for 'get' @ L54
 {"metadata":{"emulator":{"name":"firestore"},"message":"Aug 29, 2026 9:11:50 PM io.gapi.emulators.netty.HttpHandler$1 onError\nINFO: Exception when handling request: PERMISSION_DENIED: \nevaluation error at L54:22 for 'get' @ L54, false for 'get' @ L54\n"}}
[debug] [2026-08-30T04:11:50.782Z] Aug 29, 2026 9:11:50 PM com.google.cloud.datastore.emulator.impl.util.WrappedStreamObserver onError
WARNING: Operation failed: 
false for 'create' @ L55, false for 'update' @ L55
com.google.cloud.datastore.core.exception.DatastoreException: 
false for 'create' @ L55, false for 'update' @ L55
	at com.google.cloud.datastore.core.exception.DatastoreException$Builder.build(DatastoreException.java:121)
	at com.google.cloud.datastore.emulator.impl.rules.DefaultEmulatorRulesAuthorizer.verboseError(DefaultEmulatorRulesAuthorizer.java:318)
	at com.google.cloud.datastore.emulator.impl.rules.DefaultEmulatorRulesAuthorizer.withVerboseErrors(DefaultEmulatorRulesAuthorizer.java:295)
	at com.google.cloud.datastore.emulator.impl.rules.DefaultEmulatorRulesAuthorizer.checkCommit(DefaultEmulatorRulesAuthorizer.java:114)
	at com.google.cloud.datastore.emulator.impl.firestore.FirestoreEmulatorHelper.commitHelper(FirestoreEmulatorHelper.java:360)
	at com.google.cloud.datastore.emulator.impl.firestore.FirestoreEmulatorHelper.internalCommit(FirestoreEmulatorHelper.java:314)
	at com.google.cloud.datastore.emulator.impl.firestore.CloudFirestoreV1.internalCommit(CloudFirestoreV1.java:1077)
	at com.google.cloud.datastore.emulator.impl.firestore.CloudFirestoreV1.updateDocument(CloudFirestoreV1.java:458)
	at com.google.cloud.datastore.emulator.impl.firestore.CloudFirestoreV1Router.updateDocument(CloudFirestoreV1Router.java:149)
	at com.google.cloud.datastore.emulator.firestore.v1.FirestoreV1GrpcAdapter$1.lambda$updateDocument$4(FirestoreV1GrpcAdapter.java:132)
	at com.google.cloud.datastore.emulator.firestore.v1.FirestoreV1GrpcAdapter.unary(FirestoreV1GrpcAdapter.java:72)
	at com.google.cloud.datastore.emulator.firestore.v1.FirestoreV1GrpcAdapter$1.updateDocument(FirestoreV1GrpcAdapter.java:132)
	at com.google.firestore.v1.FirestoreGrpc$MethodHandlers.invoke(FirestoreGrpc.java:1218)
	at io.grpc.stub.ServerCalls$UnaryServerCallHandler$UnaryServerCallListener.onHalfClose(ServerCalls.java:182)
	at io.grpc.PartialForwardingServerCallListener.onHalfClose(PartialForwardingServerCallListener.java:35)
	at io.grpc.ForwardingServerCallListener.onHalfClose(ForwardingServerCallListener.java:23)
	at io.grpc.ForwardingServerCallListener$SimpleForwardingServerCallListener.onHalfClose(ForwardingServerCallListener.java:40)
	at io.grpc.Contexts$ContextualizedServerCallListener.onHalfClose(Contexts.java:86)
	at io.grpc.PartialForwardingServerCallListener.onHalfClose(PartialForwardingServerCallListener.java:35)
	at io.grpc.ForwardingServerCallListener.onHalfClose(ForwardingServerCallListener.java:23)
	at io.grpc.ForwardingServerCallListener$SimpleForwardingServerCallListener.onHalfClose(ForwardingServerCallListener.java:40)
	at io.grpc.Contexts$ContextualizedServerCallListener.onHalfClose(Contexts.java:86)
	at io.grpc.internal.ServerCallImpl$ServerStreamListenerImpl.halfClosed(ServerCallImpl.java:356)
	at io.grpc.internal.ServerImpl$JumpToApplicationThreadServerStreamListener$1HalfClosed.runInContext(ServerImpl.java:861)
	at io.grpc.internal.ContextRunnable.run(ContextRunnable.java:37)
	at io.grpc.internal.SerializingExecutor.run(SerializingExecutor.java:133)
	at java.base/java.util.concurrent.ThreadPoolExecutor.runWorker(ThreadPoolExecutor.java:1144)
	at java.base/java.util.concurrent.ThreadPoolExecutor$Worker.run(ThreadPoolExecutor.java:642)
	at java.base/java.lang.Thread.run(Thread.java:1583)

 {"metadata":{"emulator":{"name":"firestore"},"message":"Aug 29, 2026 9:11:50 PM com.google.cloud.datastore.emulator.impl.util.WrappedStreamObserver onError\nWARNING: Operation failed: \nfalse for 'create' @ L55, false for 'update' @ L55\ncom.google.cloud.datastore.core.exception.DatastoreException: \nfalse for 'create' @ L55, false for 'update' @ L55\n\tat com.google.cloud.datastore.core.exception.DatastoreException$Builder.build(DatastoreException.java:121)\n\tat com.google.cloud.datastore.emulator.impl.rules.DefaultEmulatorRulesAuthorizer.verboseError(DefaultEmulatorRulesAuthorizer.java:318)\n\tat com.google.cloud.datastore.emulator.impl.rules.DefaultEmulatorRulesAuthorizer.withVerboseErrors(DefaultEmulatorRulesAuthorizer.java:295)\n\tat com.google.cloud.datastore.emulator.impl.rules.DefaultEmulatorRulesAuthorizer.checkCommit(DefaultEmulatorRulesAuthorizer.java:114)\n\tat com.google.cloud.datastore.emulator.impl.firestore.FirestoreEmulatorHelper.commitHelper(FirestoreEmulatorHelper.java:360)\n\tat com.google.cloud.datastore.emulator.impl.firestore.FirestoreEmulatorHelper.internalCommit(FirestoreEmulatorHelper.java:314)\n\tat com.google.cloud.datastore.emulator.impl.firestore.CloudFirestoreV1.internalCommit(CloudFirestoreV1.java:1077)\n\tat com.google.cloud.datastore.emulator.impl.firestore.CloudFirestoreV1.updateDocument(CloudFirestoreV1.java:458)\n\tat com.google.cloud.datastore.emulator.impl.firestore.CloudFirestoreV1Router.updateDocument(CloudFirestoreV1Router.java:149)\n\tat com.google.cloud.datastore.emulator.firestore.v1.FirestoreV1GrpcAdapter$1.lambda$updateDocument$4(FirestoreV1GrpcAdapter.java:132)\n\tat com.google.cloud.datastore.emulator.firestore.v1.FirestoreV1GrpcAdapter.unary(FirestoreV1GrpcAdapter.java:72)\n\tat com.google.cloud.datastore.emulator.firestore.v1.FirestoreV1GrpcAdapter$1.updateDocument(FirestoreV1GrpcAdapter.java:132)\n\tat com.google.firestore.v1.FirestoreGrpc$MethodHandlers.invoke(FirestoreGrpc.java:1218)\n\tat io.grpc.stub.ServerCalls$UnaryServerCallHandler$UnaryServerCallListener.onHalfClose(ServerCalls.java:182)\n\tat io.grpc.PartialForwardingServerCallListener.onHalfClose(PartialForwardingServerCallListener.java:35)\n\tat io.grpc.ForwardingServerCallListener.onHalfClose(ForwardingServerCallListener.java:23)\n\tat io.grpc.ForwardingServerCallListener$SimpleForwardingServerCallListener.onHalfClose(ForwardingServerCallListener.java:40)\n\tat io.grpc.Contexts$ContextualizedServerCallListener.onHalfClose(Contexts.java:86)\n\tat io.grpc.PartialForwardingServerCallListener.onHalfClose(PartialForwardingServerCallListener.java:35)\n\tat io.grpc.ForwardingServerCallListener.onHalfClose(ForwardingServerCallListener.java:23)\n\tat io.grpc.ForwardingServerCallListener$SimpleForwardingServerCallListener.onHalfClose(ForwardingServerCallListener.java:40)\n\tat io.grpc.Contexts$ContextualizedServerCallListener.onHalfClose(Contexts.java:86)\n\tat io.grpc.internal.ServerCallImpl$ServerStreamListenerImpl.halfClosed(ServerCallImpl.java:356)\n\tat io.grpc.internal.ServerImpl$JumpToApplicationThreadServerStreamListener$1HalfClosed.runInContext(ServerImpl.java:861)\n\tat io.grpc.internal.ContextRunnable.run(ContextRunnable.java:37)\n\tat io.grpc.internal.SerializingExecutor.run(SerializingExecutor.java:133)\n\tat java.base/java.util.concurrent.ThreadPoolExecutor.runWorker(ThreadPoolExecutor.java:1144)\n\tat java.base/java.util.concurrent.ThreadPoolExecutor$Worker.run(ThreadPoolExecutor.java:642)\n\tat java.base/java.lang.Thread.run(Thread.java:1583)\n\n"}}
[debug] [2026-08-30T04:11:50.783Z] Aug 29, 2026 9:11:50 PM io.gapi.emulators.netty.HttpHandler$1 onError
INFO: Exception when handling request: PERMISSION_DENIED: 
false for 'create' @ L55, false for 'update' @ L55
 {"metadata":{"emulator":{"name":"firestore"},"message":"Aug 29, 2026 9:11:50 PM io.gapi.emulators.netty.HttpHandler$1 onError\nINFO: Exception when handling request: PERMISSION_DENIED: \nfalse for 'create' @ L55, false for 'update' @ L55\n"}}
[debug] [2026-08-30T04:11:50.787Z] Aug 29, 2026 9:11:50 PM com.google.cloud.datastore.emulator.impl.util.WrappedStreamObserver onError
WARNING: Operation failed: 
evaluation error at L46:9 for 'create' @ L46, false for 'create' @ L46
com.google.cloud.datastore.core.exception.DatastoreException: 
evaluation error at L46:9 for 'create' @ L46, false for 'create' @ L46
	at com.google.cloud.datastore.core.exception.DatastoreException$Builder.build(DatastoreException.java:121)
	at com.google.cloud.datastore.emulator.impl.rules.DefaultEmulatorRulesAuthorizer.verboseError(DefaultEmulatorRulesAuthorizer.java:318)
	at com.google.cloud.datastore.emulator.impl.rules.DefaultEmulatorRulesAuthorizer.withVerboseErrors(DefaultEmulatorRulesAuthorizer.java:295)
	at com.google.cloud.datastore.emulator.impl.rules.DefaultEmulatorRulesAuthorizer.checkCommit(DefaultEmulatorRulesAuthorizer.java:114)
	at com.google.cloud.datastore.emulator.impl.firestore.FirestoreEmulatorHelper.commitHelper(FirestoreEmulatorHelper.java:360)
	at com.google.cloud.datastore.emulator.impl.firestore.FirestoreEmulatorHelper.internalCommit(FirestoreEmulatorHelper.java:314)
	at com.google.cloud.datastore.emulator.impl.firestore.CloudFirestoreV1.internalCommit(CloudFirestoreV1.java:1077)
	at com.google.cloud.datastore.emulator.impl.firestore.CloudFirestoreV1.updateDocument(CloudFirestoreV1.java:458)
	at com.google.cloud.datastore.emulator.impl.firestore.CloudFirestoreV1Router.updateDocument(CloudFirestoreV1Router.java:149)
	at com.google.cloud.datastore.emulator.firestore.v1.FirestoreV1GrpcAdapter$1.lambda$updateDocument$4(FirestoreV1GrpcAdapter.java:132)
	at com.google.cloud.datastore.emulator.firestore.v1.FirestoreV1GrpcAdapter.unary(FirestoreV1GrpcAdapter.java:72)
	at com.google.cloud.datastore.emulator.firestore.v1.FirestoreV1GrpcAdapter$1.updateDocument(FirestoreV1GrpcAdapter.java:132)
	at com.google.firestore.v1.FirestoreGrpc$MethodHandlers.invoke(FirestoreGrpc.java:1218)
	at io.grpc.stub.ServerCalls$UnaryServerCallHandler$UnaryServerCallListener.onHalfClose(ServerCalls.java:182)
	at io.grpc.PartialForwardingServerCallListener.onHalfClose(PartialForwardingServerCallListener.java:35)
	at io.grpc.ForwardingServerCallListener.onHalfClose(ForwardingServerCallListener.java:23)
	at io.grpc.ForwardingServerCallListener$SimpleForwardingServerCallListener.onHalfClose(ForwardingServerCallListener.java:40)
	at io.grpc.Contexts$ContextualizedServerCallListener.onHalfClose(Contexts.java:86)
	at io.grpc.PartialForwardingServerCallListener.onHalfClose(PartialForwardingServerCallListener.java:35)
	at io.grpc.ForwardingServerCallListener.onHalfClose(ForwardingServerCallListener.java:23)
	at io.grpc.ForwardingServerCallListener$SimpleForwardingServerCallListener.onHalfClose(ForwardingServerCallListener.java:40)
	at io.grpc.Contexts$ContextualizedServerCallListener.onHalfClose(Contexts.java:86)
	at io.grpc.internal.ServerCallImpl$ServerStreamListenerImpl.halfClosed(ServerCallImpl.java:356)
	at io.grpc.internal.ServerImpl$JumpToApplicationThreadServerStreamListener$1HalfClosed.runInContext(ServerImpl.java:861)
	at io.grpc.internal.ContextRunnable.run(ContextRunnable.java:37)
	at io.grpc.internal.SerializingExecutor.run(SerializingExecutor.java:133)
	at java.base/java.util.concurrent.ThreadPoolExecutor.runWorker(ThreadPoolExecutor.java:1144)
	at java.base/java.util.concurrent.ThreadPoolExecutor$Worker.run(ThreadPoolExecutor.java:642)
	at java.base/java.lang.Thread.run(Thread.java:1583)

 {"metadata":{"emulator":{"name":"firestore"},"message":"Aug 29, 2026 9:11:50 PM com.google.cloud.datastore.emulator.impl.util.WrappedStreamObserver onError\nWARNING: Operation failed: \nevaluation error at L46:9 for 'create' @ L46, false for 'create' @ L46\ncom.google.cloud.datastore.core.exception.DatastoreException: \nevaluation error at L46:9 for 'create' @ L46, false for 'create' @ L46\n\tat com.google.cloud.datastore.core.exception.DatastoreException$Builder.build(DatastoreException.java:121)\n\tat com.google.cloud.datastore.emulator.impl.rules.DefaultEmulatorRulesAuthorizer.verboseError(DefaultEmulatorRulesAuthorizer.java:318)\n\tat com.google.cloud.datastore.emulator.impl.rules.DefaultEmulatorRulesAuthorizer.withVerboseErrors(DefaultEmulatorRulesAuthorizer.java:295)\n\tat com.google.cloud.datastore.emulator.impl.rules.DefaultEmulatorRulesAuthorizer.checkCommit(DefaultEmulatorRulesAuthorizer.java:114)\n\tat com.google.cloud.datastore.emulator.impl.firestore.FirestoreEmulatorHelper.commitHelper(FirestoreEmulatorHelper.java:360)\n\tat com.google.cloud.datastore.emulator.impl.firestore.FirestoreEmulatorHelper.internalCommit(FirestoreEmulatorHelper.java:314)\n\tat com.google.cloud.datastore.emulator.impl.firestore.CloudFirestoreV1.internalCommit(CloudFirestoreV1.java:1077)\n\tat com.google.cloud.datastore.emulator.impl.firestore.CloudFirestoreV1.updateDocument(CloudFirestoreV1.java:458)\n\tat com.google.cloud.datastore.emulator.impl.firestore.CloudFirestoreV1Router.updateDocument(CloudFirestoreV1Router.java:149)\n\tat com.google.cloud.datastore.emulator.firestore.v1.FirestoreV1GrpcAdapter$1.lambda$updateDocument$4(FirestoreV1GrpcAdapter.java:132)\n\tat com.google.cloud.datastore.emulator.firestore.v1.FirestoreV1GrpcAdapter.unary(FirestoreV1GrpcAdapter.java:72)\n\tat com.google.cloud.datastore.emulator.firestore.v1.FirestoreV1GrpcAdapter$1.updateDocument(FirestoreV1GrpcAdapter.java:132)\n\tat com.google.firestore.v1.FirestoreGrpc$MethodHandlers.invoke(FirestoreGrpc.java:1218)\n\tat io.grpc.stub.ServerCalls$UnaryServerCallHandler$UnaryServerCallListener.onHalfClose(ServerCalls.java:182)\n\tat io.grpc.PartialForwardingServerCallListener.onHalfClose(PartialForwardingServerCallListener.java:35)\n\tat io.grpc.ForwardingServerCallListener.onHalfClose(ForwardingServerCallListener.java:23)\n\tat io.grpc.ForwardingServerCallListener$SimpleForwardingServerCallListener.onHalfClose(ForwardingServerCallListener.java:40)\n\tat io.grpc.Contexts$ContextualizedServerCallListener.onHalfClose(Contexts.java:86)\n\tat io.grpc.PartialForwardingServerCallListener.onHalfClose(PartialForwardingServerCallListener.java:35)\n\tat io.grpc.ForwardingServerCallListener.onHalfClose(ForwardingServerCallListener.java:23)\n\tat io.grpc.ForwardingServerCallListener$SimpleForwardingServerCallListener.onHalfClose(ForwardingServerCallListener.java:40)\n\tat io.grpc.Contexts$ContextualizedServerCallListener.onHalfClose(Contexts.java:86)\n\tat io.grpc.internal.ServerCallImpl$ServerStreamListenerImpl.halfClosed(ServerCallImpl.java:356)\n\tat io.grpc.internal.ServerImpl$JumpToApplicationThreadServerStreamListener$1HalfClosed.runInContext(ServerImpl.java:861)\n\tat io.grpc.internal.ContextRunnable.run(ContextRunnable.java:37)\n\tat io.grpc.internal.SerializingExecutor.run(SerializingExecutor.java:133)\n\tat java.base/java.util.concurrent.ThreadPoolExecutor.runWorker(ThreadPoolExecutor.java:1144)\n\tat java.base/java.util.concurrent.ThreadPoolExecutor$Worker.run(ThreadPoolExecutor.java:642)\n\tat java.base/java.lang.Thread.run(Thread.java:1583)\n\n"}}
[debug] [2026-08-30T04:11:50.788Z] Aug 29, 2026 9:11:50 PM io.gapi.emulators.netty.HttpHandler$1 onError
INFO: Exception when handling request: PERMISSION_DENIED: 
evaluation error at L46:9 for 'create' @ L46, false for 'create' @ L46
 {"metadata":{"emulator":{"name":"firestore"},"message":"Aug 29, 2026 9:11:50 PM io.gapi.emulators.netty.HttpHandler$1 onError\nINFO: Exception when handling request: PERMISSION_DENIED: \nevaluation error at L46:9 for 'create' @ L46, false for 'create' @ L46\n"}}
[debug] [2026-08-30T04:11:50.792Z] Aug 29, 2026 9:11:50 PM com.google.cloud.datastore.emulator.impl.util.WrappedStreamObserver onError
WARNING: Operation failed: 
false for 'create' @ L16, false for 'update' @ L16
com.google.cloud.datastore.core.exception.DatastoreException: 
false for 'create' @ L16, false for 'update' @ L16
	at com.google.cloud.datastore.core.exception.DatastoreException$Builder.build(DatastoreException.java:121)
	at com.google.cloud.datastore.emulator.impl.rules.DefaultEmulatorRulesAuthorizer.verboseError(DefaultEmulatorRulesAuthorizer.java:318)
	at com.google.cloud.datastore.emulator.impl.rules.DefaultEmulatorRulesAuthorizer.withVerboseErrors(DefaultEmulatorRulesAuthorizer.java:295)
	at com.google.cloud.datastore.emulator.impl.rules.DefaultEmulatorRulesAuthorizer.checkCommit(DefaultEmulatorRulesAuthorizer.java:114)
	at com.google.cloud.datastore.emulator.impl.firestore.FirestoreEmulatorHelper.commitHelper(FirestoreEmulatorHelper.java:360)
	at com.google.cloud.datastore.emulator.impl.firestore.FirestoreEmulatorHelper.internalCommit(FirestoreEmulatorHelper.java:314)
	at com.google.cloud.datastore.emulator.impl.firestore.CloudFirestoreV1.internalCommit(CloudFirestoreV1.java:1077)
	at com.google.cloud.datastore.emulator.impl.firestore.CloudFirestoreV1.updateDocument(CloudFirestoreV1.java:458)
	at com.google.cloud.datastore.emulator.impl.firestore.CloudFirestoreV1Router.updateDocument(CloudFirestoreV1Router.java:149)
	at com.google.cloud.datastore.emulator.firestore.v1.FirestoreV1GrpcAdapter$1.lambda$updateDocument$4(FirestoreV1GrpcAdapter.java:132)
	at com.google.cloud.datastore.emulator.firestore.v1.FirestoreV1GrpcAdapter.unary(FirestoreV1GrpcAdapter.java:72)
	at com.google.cloud.datastore.emulator.firestore.v1.FirestoreV1GrpcAdapter$1.updateDocument(FirestoreV1GrpcAdapter.java:132)
	at com.google.firestore.v1.FirestoreGrpc$MethodHandlers.invoke(FirestoreGrpc.java:1218)
	at io.grpc.stub.ServerCalls$UnaryServerCallHandler$UnaryServerCallListener.onHalfClose(ServerCalls.java:182)
	at io.grpc.PartialForwardingServerCallListener.onHalfClose(PartialForwardingServerCallListener.java:35)
	at io.grpc.ForwardingServerCallListener.onHalfClose(ForwardingServerCallListener.java:23)
	at io.grpc.ForwardingServerCallListener$SimpleForwardingServerCallListener.onHalfClose(ForwardingServerCallListener.java:40)
	at io.grpc.Contexts$ContextualizedServerCallListener.onHalfClose(Contexts.java:86)
	at io.grpc.PartialForwardingServerCallListener.onHalfClose(PartialForwardingServerCallListener.java:35)
	at io.grpc.ForwardingServerCallListener.onHalfClose(ForwardingServerCallListener.java:23)
	at io.grpc.ForwardingServerCallListener$SimpleForwardingServerCallListener.onHalfClose(ForwardingServerCallListener.java:40)
	at io.grpc.Contexts$ContextualizedServerCallListener.onHalfClose(Contexts.java:86)
	at io.grpc.internal.ServerCallImpl$ServerStreamListenerImpl.halfClosed(ServerCallImpl.java:356)
	at io.grpc.internal.ServerImpl$JumpToApplicationThreadServerStreamListener$1HalfClosed.runInContext(ServerImpl.java:861)
	at io.grpc.internal.ContextRunnable.run(ContextRunnable.java:37)
	at io.grpc.internal.SerializingExecutor.run(SerializingExecutor.java:133)
	at java.base/java.util.concurrent.ThreadPoolExecutor.runWorker(ThreadPoolExecutor.java:1144)
	at java.base/java.util.concurrent.ThreadPoolExecutor$Worker.run(ThreadPoolExecutor.java:642)
	at java.base/java.lang.Thread.run(Thread.java:1583)

 {"metadata":{"emulator":{"name":"firestore"},"message":"Aug 29, 2026 9:11:50 PM com.google.cloud.datastore.emulator.impl.util.WrappedStreamObserver onError\nWARNING: Operation failed: \nfalse for 'create' @ L16, false for 'update' @ L16\ncom.google.cloud.datastore.core.exception.DatastoreException: \nfalse for 'create' @ L16, false for 'update' @ L16\n\tat com.google.cloud.datastore.core.exception.DatastoreException$Builder.build(DatastoreException.java:121)\n\tat com.google.cloud.datastore.emulator.impl.rules.DefaultEmulatorRulesAuthorizer.verboseError(DefaultEmulatorRulesAuthorizer.java:318)\n\tat com.google.cloud.datastore.emulator.impl.rules.DefaultEmulatorRulesAuthorizer.withVerboseErrors(DefaultEmulatorRulesAuthorizer.java:295)\n\tat com.google.cloud.datastore.emulator.impl.rules.DefaultEmulatorRulesAuthorizer.checkCommit(DefaultEmulatorRulesAuthorizer.java:114)\n\tat com.google.cloud.datastore.emulator.impl.firestore.FirestoreEmulatorHelper.commitHelper(FirestoreEmulatorHelper.java:360)\n\tat com.google.cloud.datastore.emulator.impl.firestore.FirestoreEmulatorHelper.internalCommit(FirestoreEmulatorHelper.java:314)\n\tat com.google.cloud.datastore.emulator.impl.firestore.CloudFirestoreV1.internalCommit(CloudFirestoreV1.java:1077)\n\tat com.google.cloud.datastore.emulator.impl.firestore.CloudFirestoreV1.updateDocument(CloudFirestoreV1.java:458)\n\tat com.google.cloud.datastore.emulator.impl.firestore.CloudFirestoreV1Router.updateDocument(CloudFirestoreV1Router.java:149)\n\tat com.google.cloud.datastore.emulator.firestore.v1.FirestoreV1GrpcAdapter$1.lambda$updateDocument$4(FirestoreV1GrpcAdapter.java:132)\n\tat com.google.cloud.datastore.emulator.firestore.v1.FirestoreV1GrpcAdapter.unary(FirestoreV1GrpcAdapter.java:72)\n\tat com.google.cloud.datastore.emulator.firestore.v1.FirestoreV1GrpcAdapter$1.updateDocument(FirestoreV1GrpcAdapter.java:132)\n\tat com.google.firestore.v1.FirestoreGrpc$MethodHandlers.invoke(FirestoreGrpc.java:1218)\n\tat io.grpc.stub.ServerCalls$UnaryServerCallHandler$UnaryServerCallListener.onHalfClose(ServerCalls.java:182)\n\tat io.grpc.PartialForwardingServerCallListener.onHalfClose(PartialForwardingServerCallListener.java:35)\n\tat io.grpc.ForwardingServerCallListener.onHalfClose(ForwardingServerCallListener.java:23)\n\tat io.grpc.ForwardingServerCallListener$SimpleForwardingServerCallListener.onHalfClose(ForwardingServerCallListener.java:40)\n\tat io.grpc.Contexts$ContextualizedServerCallListener.onHalfClose(Contexts.java:86)\n\tat io.grpc.PartialForwardingServerCallListener.onHalfClose(PartialForwardingServerCallListener.java:35)\n\tat io.grpc.ForwardingServerCallListener.onHalfClose(ForwardingServerCallListener.java:23)\n\tat io.grpc.ForwardingServerCallListener$SimpleForwardingServerCallListener.onHalfClose(ForwardingServerCallListener.java:40)\n\tat io.grpc.Contexts$ContextualizedServerCallListener.onHalfClose(Contexts.java:86)\n\tat io.grpc.internal.ServerCallImpl$ServerStreamListenerImpl.halfClosed(ServerCallImpl.java:356)\n\tat io.grpc.internal.ServerImpl$JumpToApplicationThreadServerStreamListener$1HalfClosed.runInContext(ServerImpl.java:861)\n\tat io.grpc.internal.ContextRunnable.run(ContextRunnable.java:37)\n\tat io.grpc.internal.SerializingExecutor.run(SerializingExecutor.java:133)\n\tat java.base/java.util.concurrent.ThreadPoolExecutor.runWorker(ThreadPoolExecutor.java:1144)\n\tat java.base/java.util.concurrent.ThreadPoolExecutor$Worker.run(ThreadPoolExecutor.java:642)\n\tat java.base/java.lang.Thread.run(Thread.java:1583)\n\n"}}
[debug] [2026-08-30T04:11:50.792Z] Aug 29, 2026 9:11:50 PM io.gapi.emulators.netty.HttpHandler$1 onError
INFO: Exception when handling request: PERMISSION_DENIED: 
false for 'create' @ L16, false for 'update' @ L16
 {"metadata":{"emulator":{"name":"firestore"},"message":"Aug 29, 2026 9:11:50 PM io.gapi.emulators.netty.HttpHandler$1 onError\nINFO: Exception when handling request: PERMISSION_DENIED: \nfalse for 'create' @ L16, false for 'update' @ L16\n"}}
[debug] [2026-08-30T04:11:50.796Z] Aug 29, 2026 9:11:50 PM com.google.cloud.datastore.emulator.impl.util.WrappedStreamObserver onError
WARNING: Operation failed: entity already exists: EntityRef{partitionRef=dev~demo-cadence, path=/handles/jopark}
com.google.cloud.datastore.core.exception.DatastoreException: entity already exists: EntityRef{partitionRef=dev~demo-cadence, path=/handles/jopark}
	at com.google.cloud.datastore.core.exception.DatastoreException.withProblem(DatastoreException.java:207)
	at com.google.cloud.datastore.emulator.impl.util.FirestoreEmulatorConverters.alreadyExists(FirestoreEmulatorConverters.java:725)
	at com.google.cloud.datastore.emulator.impl.util.FirestoreEmulatorConverters.checkMutation(FirestoreEmulatorConverters.java:211)
	at com.google.cloud.datastore.emulator.impl.firestore.FirestoreEmulatorHelper.commitHelper(FirestoreEmulatorHelper.java:365)
	at com.google.cloud.datastore.emulator.impl.firestore.FirestoreEmulatorHelper.internalCommit(FirestoreEmulatorHelper.java:314)
	at com.google.cloud.datastore.emulator.impl.firestore.CloudFirestoreV1.internalCommit(CloudFirestoreV1.java:1077)
	at com.google.cloud.datastore.emulator.impl.firestore.CloudFirestoreV1.updateDocument(CloudFirestoreV1.java:458)
	at com.google.cloud.datastore.emulator.impl.firestore.CloudFirestoreV1Router.updateDocument(CloudFirestoreV1Router.java:149)
	at com.google.cloud.datastore.emulator.firestore.v1.FirestoreV1GrpcAdapter$1.lambda$updateDocument$4(FirestoreV1GrpcAdapter.java:132)
	at com.google.cloud.datastore.emulator.firestore.v1.FirestoreV1GrpcAdapter.unary(FirestoreV1GrpcAdapter.java:72)
	at com.google.cloud.datastore.emulator.firestore.v1.FirestoreV1GrpcAdapter$1.updateDocument(FirestoreV1GrpcAdapter.java:132)
	at com.google.firestore.v1.FirestoreGrpc$MethodHandlers.invoke(FirestoreGrpc.java:1218)
	at io.grpc.stub.ServerCalls$UnaryServerCallHandler$UnaryServerCallListener.onHalfClose(ServerCalls.java:182)
	at io.grpc.PartialForwardingServerCallListener.onHalfClose(PartialForwardingServerCallListener.java:35)
	at io.grpc.ForwardingServerCallListener.onHalfClose(ForwardingServerCallListener.java:23)
	at io.grpc.ForwardingServerCallListener$SimpleForwardingServerCallListener.onHalfClose(ForwardingServerCallListener.java:40)
	at io.grpc.Contexts$ContextualizedServerCallListener.onHalfClose(Contexts.java:86)
	at io.grpc.PartialForwardingServerCallListener.onHalfClose(PartialForwardingServerCallListener.java:35)
	at io.grpc.ForwardingServerCallListener.onHalfClose(ForwardingServerCallListener.java:23)
	at io.grpc.ForwardingServerCallListener$SimpleForwardingServerCallListener.onHalfClose(ForwardingServerCallListener.java:40)
	at io.grpc.Contexts$ContextualizedServerCallListener.onHalfClose(Contexts.java:86)
	at io.grpc.internal.ServerCallImpl$ServerStreamListenerImpl.halfClosed(ServerCallImpl.java:356)
	at io.grpc.internal.ServerImpl$JumpToApplicationThreadServerStreamListener$1HalfClosed.runInContext(ServerImpl.java:861)
	at io.grpc.internal.ContextRunnable.run(ContextRunnable.java:37)
	at io.grpc.internal.SerializingExecutor.run(SerializingExecutor.java:133)
	at java.base/java.util.concurrent.ThreadPoolExecutor.runWorker(ThreadPoolExecutor.java:1144)
	at java.base/java.util.concurrent.ThreadPoolExecutor$Worker.run(ThreadPoolExecutor.java:642)
	at java.base/java.lang.Thread.run(Thread.java:1583)

 {"metadata":{"emulator":{"name":"firestore"},"message":"Aug 29, 2026 9:11:50 PM com.google.cloud.datastore.emulator.impl.util.WrappedStreamObserver onError\nWARNING: Operation failed: entity already exists: EntityRef{partitionRef=dev~demo-cadence, path=/handles/jopark}\ncom.google.cloud.datastore.core.exception.DatastoreException: entity already exists: EntityRef{partitionRef=dev~demo-cadence, path=/handles/jopark}\n\tat com.google.cloud.datastore.core.exception.DatastoreException.withProblem(DatastoreException.java:207)\n\tat com.google.cloud.datastore.emulator.impl.util.FirestoreEmulatorConverters.alreadyExists(FirestoreEmulatorConverters.java:725)\n\tat com.google.cloud.datastore.emulator.impl.util.FirestoreEmulatorConverters.checkMutation(FirestoreEmulatorConverters.java:211)\n\tat com.google.cloud.datastore.emulator.impl.firestore.FirestoreEmulatorHelper.commitHelper(FirestoreEmulatorHelper.java:365)\n\tat com.google.cloud.datastore.emulator.impl.firestore.FirestoreEmulatorHelper.internalCommit(FirestoreEmulatorHelper.java:314)\n\tat com.google.cloud.datastore.emulator.impl.firestore.CloudFirestoreV1.internalCommit(CloudFirestoreV1.java:1077)\n\tat com.google.cloud.datastore.emulator.impl.firestore.CloudFirestoreV1.updateDocument(CloudFirestoreV1.java:458)\n\tat com.google.cloud.datastore.emulator.impl.firestore.CloudFirestoreV1Router.updateDocument(CloudFirestoreV1Router.java:149)\n\tat com.google.cloud.datastore.emulator.firestore.v1.FirestoreV1GrpcAdapter$1.lambda$updateDocument$4(FirestoreV1GrpcAdapter.java:132)\n\tat com.google.cloud.datastore.emulator.firestore.v1.FirestoreV1GrpcAdapter.unary(FirestoreV1GrpcAdapter.java:72)\n\tat com.google.cloud.datastore.emulator.firestore.v1.FirestoreV1GrpcAdapter$1.updateDocument(FirestoreV1GrpcAdapter.java:132)\n\tat com.google.firestore.v1.FirestoreGrpc$MethodHandlers.invoke(FirestoreGrpc.java:1218)\n\tat io.grpc.stub.ServerCalls$UnaryServerCallHandler$UnaryServerCallListener.onHalfClose(ServerCalls.java:182)\n\tat io.grpc.PartialForwardingServerCallListener.onHalfClose(PartialForwardingServerCallListener.java:35)\n\tat io.grpc.ForwardingServerCallListener.onHalfClose(ForwardingServerCallListener.java:23)\n\tat io.grpc.ForwardingServerCallListener$SimpleForwardingServerCallListener.onHalfClose(ForwardingServerCallListener.java:40)\n\tat io.grpc.Contexts$ContextualizedServerCallListener.onHalfClose(Contexts.java:86)\n\tat io.grpc.PartialForwardingServerCallListener.onHalfClose(PartialForwardingServerCallListener.java:35)\n\tat io.grpc.ForwardingServerCallListener.onHalfClose(ForwardingServerCallListener.java:23)\n\tat io.grpc.ForwardingServerCallListener$SimpleForwardingServerCallListener.onHalfClose(ForwardingServerCallListener.java:40)\n\tat io.grpc.Contexts$ContextualizedServerCallListener.onHalfClose(Contexts.java:86)\n\tat io.grpc.internal.ServerCallImpl$ServerStreamListenerImpl.halfClosed(ServerCallImpl.java:356)\n\tat io.grpc.internal.ServerImpl$JumpToApplicationThreadServerStreamListener$1HalfClosed.runInContext(ServerImpl.java:861)\n\tat io.grpc.internal.ContextRunnable.run(ContextRunnable.java:37)\n\tat io.grpc.internal.SerializingExecutor.run(SerializingExecutor.java:133)\n\tat java.base/java.util.concurrent.ThreadPoolExecutor.runWorker(ThreadPoolExecutor.java:1144)\n\tat java.base/java.util.concurrent.ThreadPoolExecutor$Worker.run(ThreadPoolExecutor.java:642)\n\tat java.base/java.lang.Thread.run(Thread.java:1583)\n\n"}}
[debug] [2026-08-30T04:11:50.796Z] Aug 29, 2026 9:11:50 PM io.gapi.emulators.netty.HttpHandler$1 onError
INFO: Exception when handling request: ALREADY_EXISTS: entity already exists: EntityRef{partitionRef=dev~demo-cadence, path=/handles/jopark}
 {"metadata":{"emulator":{"name":"firestore"},"message":"Aug 29, 2026 9:11:50 PM io.gapi.emulators.netty.HttpHandler$1 onError\nINFO: Exception when handling request: ALREADY_EXISTS: entity already exists: EntityRef{partitionRef=dev~demo-cadence, path=/handles/jopark}\n"}}
[debug] [2026-08-30T04:11:50.813Z] Aug 29, 2026 9:11:50 PM com.google.cloud.datastore.emulator.impl.util.WrappedStreamObserver onError
WARNING: Operation failed: Document (projects/demo-cadence/databases/(default)/documents/handles/rileychen) not found.
com.google.cloud.datastore.core.exception.DatastoreException: Document (projects/demo-cadence/databases/(default)/documents/handles/rileychen) not found.
	at com.google.cloud.datastore.emulator.impl.firestore.CloudFirestoreV1.getDocument(CloudFirestoreV1.java:335)
	at com.google.cloud.datastore.emulator.impl.firestore.CloudFirestoreV1Router.getDocument(CloudFirestoreV1Router.java:129)
	at com.google.cloud.datastore.emulator.impl.firestore.CloudFirestoreV1Router.getOrListDocuments(CloudFirestoreV1Router.java:123)
	at com.google.cloud.datastore.emulator.firestore.v1.FirestoreV1GrpcAdapter$1.lambda$getOrListDocuments$0(FirestoreV1GrpcAdapter.java:108)
	at com.google.cloud.datastore.emulator.firestore.v1.FirestoreV1GrpcAdapter.unary(FirestoreV1GrpcAdapter.java:72)
	at com.google.cloud.datastore.emulator.firestore.v1.FirestoreV1GrpcAdapter$1.getOrListDocuments(FirestoreV1GrpcAdapter.java:108)
	at com.google.firestore.v1.FirestoreGrpc$MethodHandlers.invoke(FirestoreGrpc.java:1206)
	at io.grpc.stub.ServerCalls$UnaryServerCallHandler$UnaryServerCallListener.onHalfClose(ServerCalls.java:182)
	at io.grpc.PartialForwardingServerCallListener.onHalfClose(PartialForwardingServerCallListener.java:35)
	at io.grpc.ForwardingServerCallListener.onHalfClose(ForwardingServerCallListener.java:23)
	at io.grpc.ForwardingServerCallListener$SimpleForwardingServerCallListener.onHalfClose(ForwardingServerCallListener.java:40)
	at io.grpc.Contexts$ContextualizedServerCallListener.onHalfClose(Contexts.java:86)
	at io.grpc.PartialForwardingServerCallListener.onHalfClose(PartialForwardingServerCallListener.java:35)
	at io.grpc.ForwardingServerCallListener.onHalfClose(ForwardingServerCallListener.java:23)
	at io.grpc.ForwardingServerCallListener$SimpleForwardingServerCallListener.onHalfClose(ForwardingServerCallListener.java:40)
	at io.grpc.Contexts$ContextualizedServerCallListener.onHalfClose(Contexts.java:86)
	at io.grpc.internal.ServerCallImpl$ServerStreamListenerImpl.halfClosed(ServerCallImpl.java:356)
	at io.grpc.internal.ServerImpl$JumpToApplicationThreadServerStreamListener$1HalfClosed.runInContext(ServerImpl.java:861)
	at io.grpc.internal.ContextRunnable.run(ContextRunnable.java:37)
	at io.grpc.internal.SerializingExecutor.run(SerializingExecutor.java:133)
	at java.base/java.util.concurrent.ThreadPoolExecutor.runWorker(ThreadPoolExecutor.java:1144)
	at java.base/java.util.concurrent.ThreadPoolExecutor$Worker.run(ThreadPoolExecutor.java:642)
	at java.base/java.lang.Thread.run(Thread.java:1583)

 {"metadata":{"emulator":{"name":"firestore"},"message":"Aug 29, 2026 9:11:50 PM com.google.cloud.datastore.emulator.impl.util.WrappedStreamObserver onError\nWARNING: Operation failed: Document (projects/demo-cadence/databases/(default)/documents/handles/rileychen) not found.\ncom.google.cloud.datastore.core.exception.DatastoreException: Document (projects/demo-cadence/databases/(default)/documents/handles/rileychen) not found.\n\tat com.google.cloud.datastore.emulator.impl.firestore.CloudFirestoreV1.getDocument(CloudFirestoreV1.java:335)\n\tat com.google.cloud.datastore.emulator.impl.firestore.CloudFirestoreV1Router.getDocument(CloudFirestoreV1Router.java:129)\n\tat com.google.cloud.datastore.emulator.impl.firestore.CloudFirestoreV1Router.getOrListDocuments(CloudFirestoreV1Router.java:123)\n\tat com.google.cloud.datastore.emulator.firestore.v1.FirestoreV1GrpcAdapter$1.lambda$getOrListDocuments$0(FirestoreV1GrpcAdapter.java:108)\n\tat com.google.cloud.datastore.emulator.firestore.v1.FirestoreV1GrpcAdapter.unary(FirestoreV1GrpcAdapter.java:72)\n\tat com.google.cloud.datastore.emulator.firestore.v1.FirestoreV1GrpcAdapter$1.getOrListDocuments(FirestoreV1GrpcAdapter.java:108)\n\tat com.google.firestore.v1.FirestoreGrpc$MethodHandlers.invoke(FirestoreGrpc.java:1206)\n\tat io.grpc.stub.ServerCalls$UnaryServerCallHandler$UnaryServerCallListener.onHalfClose(ServerCalls.java:182)\n\tat io.grpc.PartialForwardingServerCallListener.onHalfClose(PartialForwardingServerCallListener.java:35)\n\tat io.grpc.ForwardingServerCallListener.onHalfClose(ForwardingServerCallListener.java:23)\n\tat io.grpc.ForwardingServerCallListener$SimpleForwardingServerCallListener.onHalfClose(ForwardingServerCallListener.java:40)\n\tat io.grpc.Contexts$ContextualizedServerCallListener.onHalfClose(Contexts.java:86)\n\tat io.grpc.PartialForwardingServerCallListener.onHalfClose(PartialForwardingServerCallListener.java:35)\n\tat io.grpc.ForwardingServerCallListener.onHalfClose(ForwardingServerCallListener.java:23)\n\tat io.grpc.ForwardingServerCallListener$SimpleForwardingServerCallListener.onHalfClose(ForwardingServerCallListener.java:40)\n\tat io.grpc.Contexts$ContextualizedServerCallListener.onHalfClose(Contexts.java:86)\n\tat io.grpc.internal.ServerCallImpl$ServerStreamListenerImpl.halfClosed(ServerCallImpl.java:356)\n\tat io.grpc.internal.ServerImpl$JumpToApplicationThreadServerStreamListener$1HalfClosed.runInContext(ServerImpl.java:861)\n\tat io.grpc.internal.ContextRunnable.run(ContextRunnable.java:37)\n\tat io.grpc.internal.SerializingExecutor.run(SerializingExecutor.java:133)\n\tat java.base/java.util.concurrent.ThreadPoolExecutor.runWorker(ThreadPoolExecutor.java:1144)\n\tat java.base/java.util.concurrent.ThreadPoolExecutor$Worker.run(ThreadPoolExecutor.java:642)\n\tat java.base/java.lang.Thread.run(Thread.java:1583)\n\n"}}
[debug] [2026-08-30T04:11:50.813Z] Aug 29, 2026 9:11:50 PM io.gapi.emulators.netty.HttpHandler$1 onError
INFO: Exception when handling request: NOT_FOUND: Document (projects/demo-cadence/databases/(default)/documents/handles/rileychen) not found.
 {"metadata":{"emulator":{"name":"firestore"},"message":"Aug 29, 2026 9:11:50 PM io.gapi.emulators.netty.HttpHandler$1 onError\nINFO: Exception when handling request: NOT_FOUND: Document (projects/demo-cadence/databases/(default)/documents/handles/rileychen) not found.\n"}}
[info] i  storage: Change detected, updating rules for Cloud Storage... {"metadata":{"emulator":{"name":"storage"},"message":"Change detected, updating rules for Cloud Storage..."}}
[info] i  storage: Change detected, updating rules for Cloud Storage... {"metadata":{"emulator":{"name":"storage"},"message":"Change detected, updating rules for Cloud Storage..."}}
[debug] [2026-08-30T04:11:55.922Z] Aug 29, 2026 9:11:55 PM io.gapi.emulators.netty.HttpVersionRoutingHandler channelRead
INFO: Detected non-HTTP/2 connection.
 {"metadata":{"emulator":{"name":"firestore"},"message":"Aug 29, 2026 9:11:55 PM io.gapi.emulators.netty.HttpVersionRoutingHandler channelRead\nINFO: Detected non-HTTP/2 connection.\n"}}
[debug] [2026-08-30T04:11:55.935Z] Aug 29, 2026 9:11:55 PM com.google.cloud.datastore.emulator.impl.util.WrappedStreamObserver onError
WARNING: Operation failed: Document (projects/demo-cadence/databases/(default)/documents/friends/Cydra0hi5ipkeMxIMVFtVsnkAyQ3/list/M9ZAOpwWcTwAFOS5uxK4DUZbMWcV) not found.
com.google.cloud.datastore.core.exception.DatastoreException: Document (projects/demo-cadence/databases/(default)/documents/friends/Cydra0hi5ipkeMxIMVFtVsnkAyQ3/list/M9ZAOpwWcTwAFOS5uxK4DUZbMWcV) not found.
	at com.google.cloud.datastore.emulator.impl.firestore.CloudFirestoreV1.getDocument(CloudFirestoreV1.java:335)
	at com.google.cloud.datastore.emulator.impl.firestore.CloudFirestoreV1Router.getDocument(CloudFirestoreV1Router.java:129)
	at com.google.cloud.datastore.emulator.impl.firestore.CloudFirestoreV1Router.getOrListDocuments(CloudFirestoreV1Router.java:123)
	at com.google.cloud.datastore.emulator.firestore.v1.FirestoreV1GrpcAdapter$1.lambda$getOrListDocuments$0(FirestoreV1GrpcAdapter.java:108)
	at com.google.cloud.datastore.emulator.firestore.v1.FirestoreV1GrpcAdapter.unary(FirestoreV1GrpcAdapter.java:72)
	at com.google.cloud.datastore.emulator.firestore.v1.FirestoreV1GrpcAdapter$1.getOrListDocuments(FirestoreV1GrpcAdapter.java:108)
	at com.google.firestore.v1.FirestoreGrpc$MethodHandlers.invoke(FirestoreGrpc.java:1206)
	at io.grpc.stub.ServerCalls$UnaryServerCallHandler$UnaryServerCallListener.onHalfClose(ServerCalls.java:182)
	at io.grpc.PartialForwardingServerCallListener.onHalfClose(PartialForwardingServerCallListener.java:35)
	at io.grpc.ForwardingServerCallListener.onHalfClose(ForwardingServerCallListener.java:23)
	at io.grpc.ForwardingServerCallListener$SimpleForwardingServerCallListener.onHalfClose(ForwardingServerCallListener.java:40)
	at io.grpc.Contexts$ContextualizedServerCallListener.onHalfClose(Contexts.java:86)
	at io.grpc.PartialForwardingServerCallListener.onHalfClose(PartialForwardingServerCallListener.java:35)
	at io.grpc.ForwardingServerCallListener.onHalfClose(ForwardingServerCallListener.java:23)
	at io.grpc.ForwardingServerCallListener$SimpleForwardingServerCallListener.onHalfClose(ForwardingServerCallListener.java:40)
	at io.grpc.Contexts$ContextualizedServerCallListener.onHalfClose(Contexts.java:86)
	at io.grpc.internal.ServerCallImpl$ServerStreamListenerImpl.halfClosed(ServerCallImpl.java:356)
	at io.grpc.internal.ServerImpl$JumpToApplicationThreadServerStreamListener$1HalfClosed.runInContext(ServerImpl.java:861)
	at io.grpc.internal.ContextRunnable.run(ContextRunnable.java:37)
	at io.grpc.internal.SerializingExecutor.run(SerializingExecutor.java:133)
	at java.base/java.util.concurrent.ThreadPoolExecutor.runWorker(ThreadPoolExecutor.java:1144)
	at java.base/java.util.concurrent.ThreadPoolExecutor$Worker.run(ThreadPoolExecutor.java:642)
	at java.base/java.lang.Thread.run(Thread.java:1583)

 {"metadata":{"emulator":{"name":"firestore"},"message":"Aug 29, 2026 9:11:55 PM com.google.cloud.datastore.emulator.impl.util.WrappedStreamObserver onError\nWARNING: Operation failed: Document (projects/demo-cadence/databases/(default)/documents/friends/Cydra0hi5ipkeMxIMVFtVsnkAyQ3/list/M9ZAOpwWcTwAFOS5uxK4DUZbMWcV) not found.\ncom.google.cloud.datastore.core.exception.DatastoreException: Document (projects/demo-cadence/databases/(default)/documents/friends/Cydra0hi5ipkeMxIMVFtVsnkAyQ3/list/M9ZAOpwWcTwAFOS5uxK4DUZbMWcV) not found.\n\tat com.google.cloud.datastore.emulator.impl.firestore.CloudFirestoreV1.getDocument(CloudFirestoreV1.java:335)\n\tat com.google.cloud.datastore.emulator.impl.firestore.CloudFirestoreV1Router.getDocument(CloudFirestoreV1Router.java:129)\n\tat com.google.cloud.datastore.emulator.impl.firestore.CloudFirestoreV1Router.getOrListDocuments(CloudFirestoreV1Router.java:123)\n\tat com.google.cloud.datastore.emulator.firestore.v1.FirestoreV1GrpcAdapter$1.lambda$getOrListDocuments$0(FirestoreV1GrpcAdapter.java:108)\n\tat com.google.cloud.datastore.emulator.firestore.v1.FirestoreV1GrpcAdapter.unary(FirestoreV1GrpcAdapter.java:72)\n\tat com.google.cloud.datastore.emulator.firestore.v1.FirestoreV1GrpcAdapter$1.getOrListDocuments(FirestoreV1GrpcAdapter.java:108)\n\tat com.google.firestore.v1.FirestoreGrpc$MethodHandlers.invoke(FirestoreGrpc.java:1206)\n\tat io.grpc.stub.ServerCalls$UnaryServerCallHandler$UnaryServerCallListener.onHalfClose(ServerCalls.java:182)\n\tat io.grpc.PartialForwardingServerCallListener.onHalfClose(PartialForwardingServerCallListener.java:35)\n\tat io.grpc.ForwardingServerCallListener.onHalfClose(ForwardingServerCallListener.java:23)\n\tat io.grpc.ForwardingServerCallListener$SimpleForwardingServerCallListener.onHalfClose(ForwardingServerCallListener.java:40)\n\tat io.grpc.Contexts$ContextualizedServerCallListener.onHalfClose(Contexts.java:86)\n\tat io.grpc.PartialForwardingServerCallListener.onHalfClose(PartialForwardingServerCallListener.java:35)\n\tat io.grpc.ForwardingServerCallListener.onHalfClose(ForwardingServerCallListener.java:23)\n\tat io.grpc.ForwardingServerCallListener$SimpleForwardingServerCallListener.onHalfClose(ForwardingServerCallListener.java:40)\n\tat io.grpc.Contexts$ContextualizedServerCallListener.onHalfClose(Contexts.java:86)\n\tat io.grpc.internal.ServerCallImpl$ServerStreamListenerImpl.halfClosed(ServerCallImpl.java:356)\n\tat io.grpc.internal.ServerImpl$JumpToApplicationThreadServerStreamListener$1HalfClosed.runInContext(ServerImpl.java:861)\n\tat io.grpc.internal.ContextRunnable.run(ContextRunnable.java:37)\n\tat io.grpc.internal.SerializingExecutor.run(SerializingExecutor.java:133)\n\tat java.base/java.util.concurrent.ThreadPoolExecutor.runWorker(ThreadPoolExecutor.java:1144)\n\tat java.base/java.util.concurrent.ThreadPoolExecutor$Worker.run(ThreadPoolExecutor.java:642)\n\tat java.base/java.lang.Thread.run(Thread.java:1583)\n\n"}}
[debug] [2026-08-30T04:11:55.936Z] Aug 29, 2026 9:11:55 PM io.gapi.emulators.netty.HttpHandler$1 onError
INFO: Exception when handling request: NOT_FOUND: Document (projects/demo-cadence/databases/(default)/documents/friends/Cydra0hi5ipkeMxIMVFtVsnkAyQ3/list/M9ZAOpwWcTwAFOS5uxK4DUZbMWcV) not found.
 {"metadata":{"emulator":{"name":"firestore"},"message":"Aug 29, 2026 9:11:55 PM io.gapi.emulators.netty.HttpHandler$1 onError\nINFO: Exception when handling request: NOT_FOUND: Document (projects/demo-cadence/databases/(default)/documents/friends/Cydra0hi5ipkeMxIMVFtVsnkAyQ3/list/M9ZAOpwWcTwAFOS5uxK4DUZbMWcV) not found.\n"}}
[debug] [2026-08-30T04:11:55.940Z] Aug 29, 2026 9:11:55 PM com.google.cloud.datastore.emulator.impl.util.WrappedStreamObserver onError
WARNING: Operation failed: Document (projects/demo-cadence/databases/(default)/documents/users/Cydra0hi5ipkeMxIMVFtVsnkAyQ3/requests/M9ZAOpwWcTwAFOS5uxK4DUZbMWcV) not found.
com.google.cloud.datastore.core.exception.DatastoreException: Document (projects/demo-cadence/databases/(default)/documents/users/Cydra0hi5ipkeMxIMVFtVsnkAyQ3/requests/M9ZAOpwWcTwAFOS5uxK4DUZbMWcV) not found.
	at com.google.cloud.datastore.emulator.impl.firestore.CloudFirestoreV1.getDocument(CloudFirestoreV1.java:335)
	at com.google.cloud.datastore.emulator.impl.firestore.CloudFirestoreV1Router.getDocument(CloudFirestoreV1Router.java:129)
	at com.google.cloud.datastore.emulator.impl.firestore.CloudFirestoreV1Router.getOrListDocuments(CloudFirestoreV1Router.java:123)
	at com.google.cloud.datastore.emulator.firestore.v1.FirestoreV1GrpcAdapter$1.lambda$getOrListDocuments$0(FirestoreV1GrpcAdapter.java:108)
	at com.google.cloud.datastore.emulator.firestore.v1.FirestoreV1GrpcAdapter.unary(FirestoreV1GrpcAdapter.java:72)
	at com.google.cloud.datastore.emulator.firestore.v1.FirestoreV1GrpcAdapter$1.getOrListDocuments(FirestoreV1GrpcAdapter.java:108)
	at com.google.firestore.v1.FirestoreGrpc$MethodHandlers.invoke(FirestoreGrpc.java:1206)
	at io.grpc.stub.ServerCalls$UnaryServerCallHandler$UnaryServerCallListener.onHalfClose(ServerCalls.java:182)
	at io.grpc.PartialForwardingServerCallListener.onHalfClose(PartialForwardingServerCallListener.java:35)
	at io.grpc.ForwardingServerCallListener.onHalfClose(ForwardingServerCallListener.java:23)
	at io.grpc.ForwardingServerCallListener$SimpleForwardingServerCallListener.onHalfClose(ForwardingServerCallListener.java:40)
	at io.grpc.Contexts$ContextualizedServerCallListener.onHalfClose(Contexts.java:86)
	at io.grpc.PartialForwardingServerCallListener.onHalfClose(PartialForwardingServerCallListener.java:35)
	at io.grpc.ForwardingServerCallListener.onHalfClose(ForwardingServerCallListener.java:23)
	at io.grpc.ForwardingServerCallListener$SimpleForwardingServerCallListener.onHalfClose(ForwardingServerCallListener.java:40)
	at io.grpc.Contexts$ContextualizedServerCallListener.onHalfClose(Contexts.java:86)
	at io.grpc.internal.ServerCallImpl$ServerStreamListenerImpl.halfClosed(ServerCallImpl.java:356)
	at io.grpc.internal.ServerImpl$JumpToApplicationThreadServerStreamListener$1HalfClosed.runInContext(ServerImpl.java:861)
	at io.grpc.internal.ContextRunnable.run(ContextRunnable.java:37)
	at io.grpc.internal.SerializingExecutor.run(SerializingExecutor.java:133)
	at java.base/java.util.concurrent.ThreadPoolExecutor.runWorker(ThreadPoolExecutor.java:1144)
	at java.base/java.util.concurrent.ThreadPoolExecutor$Worker.run(ThreadPoolExecutor.java:642)
	at java.base/java.lang.Thread.run(Thread.java:1583)

 {"metadata":{"emulator":{"name":"firestore"},"message":"Aug 29, 2026 9:11:55 PM com.google.cloud.datastore.emulator.impl.util.WrappedStreamObserver onError\nWARNING: Operation failed: Document (projects/demo-cadence/databases/(default)/documents/users/Cydra0hi5ipkeMxIMVFtVsnkAyQ3/requests/M9ZAOpwWcTwAFOS5uxK4DUZbMWcV) not found.\ncom.google.cloud.datastore.core.exception.DatastoreException: Document (projects/demo-cadence/databases/(default)/documents/users/Cydra0hi5ipkeMxIMVFtVsnkAyQ3/requests/M9ZAOpwWcTwAFOS5uxK4DUZbMWcV) not found.\n\tat com.google.cloud.datastore.emulator.impl.firestore.CloudFirestoreV1.getDocument(CloudFirestoreV1.java:335)\n\tat com.google.cloud.datastore.emulator.impl.firestore.CloudFirestoreV1Router.getDocument(CloudFirestoreV1Router.java:129)\n\tat com.google.cloud.datastore.emulator.impl.firestore.CloudFirestoreV1Router.getOrListDocuments(CloudFirestoreV1Router.java:123)\n\tat com.google.cloud.datastore.emulator.firestore.v1.FirestoreV1GrpcAdapter$1.lambda$getOrListDocuments$0(FirestoreV1GrpcAdapter.java:108)\n\tat com.google.cloud.datastore.emulator.firestore.v1.FirestoreV1GrpcAdapter.unary(FirestoreV1GrpcAdapter.java:72)\n\tat com.google.cloud.datastore.emulator.firestore.v1.FirestoreV1GrpcAdapter$1.getOrListDocuments(FirestoreV1GrpcAdapter.java:108)\n\tat com.google.firestore.v1.FirestoreGrpc$MethodHandlers.invoke(FirestoreGrpc.java:1206)\n\tat io.grpc.stub.ServerCalls$UnaryServerCallHandler$UnaryServerCallListener.onHalfClose(ServerCalls.java:182)\n\tat io.grpc.PartialForwardingServerCallListener.onHalfClose(PartialForwardingServerCallListener.java:35)\n\tat io.grpc.ForwardingServerCallListener.onHalfClose(ForwardingServerCallListener.java:23)\n\tat io.grpc.ForwardingServerCallListener$SimpleForwardingServerCallListener.onHalfClose(ForwardingServerCallListener.java:40)\n\tat io.grpc.Contexts$ContextualizedServerCallListener.onHalfClose(Contexts.java:86)\n\tat io.grpc.PartialForwardingServerCallListener.onHalfClose(PartialForwardingServerCallListener.java:35)\n\tat io.grpc.ForwardingServerCallListener.onHalfClose(ForwardingServerCallListener.java:23)\n\tat io.grpc.ForwardingServerCallListener$SimpleForwardingServerCallListener.onHalfClose(ForwardingServerCallListener.java:40)\n\tat io.grpc.Contexts$ContextualizedServerCallListener.onHalfClose(Contexts.java:86)\n\tat io.grpc.internal.ServerCallImpl$ServerStreamListenerImpl.halfClosed(ServerCallImpl.java:356)\n\tat io.grpc.internal.ServerImpl$JumpToApplicationThreadServerStreamListener$1HalfClosed.runInContext(ServerImpl.java:861)\n\tat io.grpc.internal.ContextRunnable.run(ContextRunnable.java:37)\n\tat io.grpc.internal.SerializingExecutor.run(SerializingExecutor.java:133)\n\tat java.base/java.util.concurrent.ThreadPoolExecutor.runWorker(ThreadPoolExecutor.java:1144)\n\tat java.base/java.util.concurrent.ThreadPoolExecutor$Worker.run(ThreadPoolExecutor.java:642)\n\tat java.base/java.lang.Thread.run(Thread.java:1583)\n\n"}}
[debug] [2026-08-30T04:11:55.941Z] Aug 29, 2026 9:11:55 PM io.gapi.emulators.netty.HttpHandler$1 onError
INFO: Exception when handling request: NOT_FOUND: Document (projects/demo-cadence/databases/(default)/documents/users/Cydra0hi5ipkeMxIMVFtVsnkAyQ3/requests/M9ZAOpwWcTwAFOS5uxK4DUZbMWcV) not found.
 {"metadata":{"emulator":{"name":"firestore"},"message":"Aug 29, 2026 9:11:55 PM io.gapi.emulators.netty.HttpHandler$1 onError\nINFO: Exception when handling request: NOT_FOUND: Document (projects/demo-cadence/databases/(default)/documents/users/Cydra0hi5ipkeMxIMVFtVsnkAyQ3/requests/M9ZAOpwWcTwAFOS5uxK4DUZbMWcV) not found.\n"}}
[debug] [2026-08-30T04:11:55.945Z] Aug 29, 2026 9:11:55 PM com.google.cloud.datastore.emulator.impl.util.WrappedStreamObserver onError
WARNING: Operation failed: Document (projects/demo-cadence/databases/(default)/documents/users/M9ZAOpwWcTwAFOS5uxK4DUZbMWcV/requests/Cydra0hi5ipkeMxIMVFtVsnkAyQ3) not found.
com.google.cloud.datastore.core.exception.DatastoreException: Document (projects/demo-cadence/databases/(default)/documents/users/M9ZAOpwWcTwAFOS5uxK4DUZbMWcV/requests/Cydra0hi5ipkeMxIMVFtVsnkAyQ3) not found.
	at com.google.cloud.datastore.emulator.impl.firestore.CloudFirestoreV1.getDocument(CloudFirestoreV1.java:335)
	at com.google.cloud.datastore.emulator.impl.firestore.CloudFirestoreV1Router.getDocument(CloudFirestoreV1Router.java:129)
	at com.google.cloud.datastore.emulator.impl.firestore.CloudFirestoreV1Router.getOrListDocuments(CloudFirestoreV1Router.java:123)
	at com.google.cloud.datastore.emulator.firestore.v1.FirestoreV1GrpcAdapter$1.lambda$getOrListDocuments$0(FirestoreV1GrpcAdapter.java:108)
	at com.google.cloud.datastore.emulator.firestore.v1.FirestoreV1GrpcAdapter.unary(FirestoreV1GrpcAdapter.java:72)
	at com.google.cloud.datastore.emulator.firestore.v1.FirestoreV1GrpcAdapter$1.getOrListDocuments(FirestoreV1GrpcAdapter.java:108)
	at com.google.firestore.v1.FirestoreGrpc$MethodHandlers.invoke(FirestoreGrpc.java:1206)
	at io.grpc.stub.ServerCalls$UnaryServerCallHandler$UnaryServerCallListener.onHalfClose(ServerCalls.java:182)
	at io.grpc.PartialForwardingServerCallListener.onHalfClose(PartialForwardingServerCallListener.java:35)
	at io.grpc.ForwardingServerCallListener.onHalfClose(ForwardingServerCallListener.java:23)
	at io.grpc.ForwardingServerCallListener$SimpleForwardingServerCallListener.onHalfClose(ForwardingServerCallListener.java:40)
	at io.grpc.Contexts$ContextualizedServerCallListener.onHalfClose(Contexts.java:86)
	at io.grpc.PartialForwardingServerCallListener.onHalfClose(PartialForwardingServerCallListener.java:35)
	at io.grpc.ForwardingServerCallListener.onHalfClose(ForwardingServerCallListener.java:23)
	at io.grpc.ForwardingServerCallListener$SimpleForwardingServerCallListener.onHalfClose(ForwardingServerCallListener.java:40)
	at io.grpc.Contexts$ContextualizedServerCallListener.onHalfClose(Contexts.java:86)
	at io.grpc.internal.ServerCallImpl$ServerStreamListenerImpl.halfClosed(ServerCallImpl.java:356)
	at io.grpc.internal.ServerImpl$JumpToApplicationThreadServerStreamListener$1HalfClosed.runInContext(ServerImpl.java:861)
	at io.grpc.internal.ContextRunnable.run(ContextRunnable.java:37)
	at io.grpc.internal.SerializingExecutor.run(SerializingExecutor.java:133)
	at java.base/java.util.concurrent.ThreadPoolExecutor.runWorker(ThreadPoolExecutor.java:1144)
	at java.base/java.util.concurrent.ThreadPoolExecutor$Worker.run(ThreadPoolExecutor.java:642)
	at java.base/java.lang.Thread.run(Thread.java:1583)

 {"metadata":{"emulator":{"name":"firestore"},"message":"Aug 29, 2026 9:11:55 PM com.google.cloud.datastore.emulator.impl.util.WrappedStreamObserver onError\nWARNING: Operation failed: Document (projects/demo-cadence/databases/(default)/documents/users/M9ZAOpwWcTwAFOS5uxK4DUZbMWcV/requests/Cydra0hi5ipkeMxIMVFtVsnkAyQ3) not found.\ncom.google.cloud.datastore.core.exception.DatastoreException: Document (projects/demo-cadence/databases/(default)/documents/users/M9ZAOpwWcTwAFOS5uxK4DUZbMWcV/requests/Cydra0hi5ipkeMxIMVFtVsnkAyQ3) not found.\n\tat com.google.cloud.datastore.emulator.impl.firestore.CloudFirestoreV1.getDocument(CloudFirestoreV1.java:335)\n\tat com.google.cloud.datastore.emulator.impl.firestore.CloudFirestoreV1Router.getDocument(CloudFirestoreV1Router.java:129)\n\tat com.google.cloud.datastore.emulator.impl.firestore.CloudFirestoreV1Router.getOrListDocuments(CloudFirestoreV1Router.java:123)\n\tat com.google.cloud.datastore.emulator.firestore.v1.FirestoreV1GrpcAdapter$1.lambda$getOrListDocuments$0(FirestoreV1GrpcAdapter.java:108)\n\tat com.google.cloud.datastore.emulator.firestore.v1.FirestoreV1GrpcAdapter.unary(FirestoreV1GrpcAdapter.java:72)\n\tat com.google.cloud.datastore.emulator.firestore.v1.FirestoreV1GrpcAdapter$1.getOrListDocuments(FirestoreV1GrpcAdapter.java:108)\n\tat com.google.firestore.v1.FirestoreGrpc$MethodHandlers.invoke(FirestoreGrpc.java:1206)\n\tat io.grpc.stub.ServerCalls$UnaryServerCallHandler$UnaryServerCallListener.onHalfClose(ServerCalls.java:182)\n\tat io.grpc.PartialForwardingServerCallListener.onHalfClose(PartialForwardingServerCallListener.java:35)\n\tat io.grpc.ForwardingServerCallListener.onHalfClose(ForwardingServerCallListener.java:23)\n\tat io.grpc.ForwardingServerCallListener$SimpleForwardingServerCallListener.onHalfClose(ForwardingServerCallListener.java:40)\n\tat io.grpc.Contexts$ContextualizedServerCallListener.onHalfClose(Contexts.java:86)\n\tat io.grpc.PartialForwardingServerCallListener.onHalfClose(PartialForwardingServerCallListener.java:35)\n\tat io.grpc.ForwardingServerCallListener.onHalfClose(ForwardingServerCallListener.java:23)\n\tat io.grpc.ForwardingServerCallListener$SimpleForwardingServerCallListener.onHalfClose(ForwardingServerCallListener.java:40)\n\tat io.grpc.Contexts$ContextualizedServerCallListener.onHalfClose(Contexts.java:86)\n\tat io.grpc.internal.ServerCallImpl$ServerStreamListenerImpl.halfClosed(ServerCallImpl.java:356)\n\tat io.grpc.internal.ServerImpl$JumpToApplicationThreadServerStreamListener$1HalfClosed.runInContext(ServerImpl.java:861)\n\tat io.grpc.internal.ContextRunnable.run(ContextRunnable.java:37)\n\tat io.grpc.internal.SerializingExecutor.run(SerializingExecutor.java:133)\n\tat java.base/java.util.concurrent.ThreadPoolExecutor.runWorker(ThreadPoolExecutor.java:1144)\n\tat java.base/java.util.concurrent.ThreadPoolExecutor$Worker.run(ThreadPoolExecutor.java:642)\n\tat java.base/java.lang.Thread.run(Thread.java:1583)\n\n"}}
[debug] [2026-08-30T04:11:55.945Z] Aug 29, 2026 9:11:55 PM io.gapi.emulators.netty.HttpHandler$1 onError
INFO: Exception when handling request: NOT_FOUND: Document (projects/demo-cadence/databases/(default)/documents/users/M9ZAOpwWcTwAFOS5uxK4DUZbMWcV/requests/Cydra0hi5ipkeMxIMVFtVsnkAyQ3) not found.
 {"metadata":{"emulator":{"name":"firestore"},"message":"Aug 29, 2026 9:11:55 PM io.gapi.emulators.netty.HttpHandler$1 onError\nINFO: Exception when handling request: NOT_FOUND: Document (projects/demo-cadence/databases/(default)/documents/users/M9ZAOpwWcTwAFOS5uxK4DUZbMWcV/requests/Cydra0hi5ipkeMxIMVFtVsnkAyQ3) not found.\n"}}
[debug] [2026-08-30T04:11:55.970Z] Aug 29, 2026 9:11:55 PM io.gapi.emulators.netty.HttpVersionRoutingHandler channelRead
INFO: Detected non-HTTP/2 connection.
 {"metadata":{"emulator":{"name":"firestore"},"message":"Aug 29, 2026 9:11:55 PM io.gapi.emulators.netty.HttpVersionRoutingHandler channelRead\nINFO: Detected non-HTTP/2 connection.\n"}}
[debug] [2026-08-30T04:13:18.782Z] Aug 29, 2026 9:13:18 PM io.gapi.emulators.netty.HttpVersionRoutingHandler channelRead
INFO: Detected non-HTTP/2 connection.
 {"metadata":{"emulator":{"name":"firestore"},"message":"Aug 29, 2026 9:13:18 PM io.gapi.emulators.netty.HttpVersionRoutingHandler channelRead\nINFO: Detected non-HTTP/2 connection.\n"}}
[debug] [2026-08-30T04:13:18.800Z] Aug 29, 2026 9:13:18 PM com.google.cloud.datastore.emulator.impl.util.WrappedStreamObserver onError
WARNING: Operation failed: Document (projects/demo-cadence/databases/(default)/documents/users/HTHOlYDfwPedTWyqqMhSviMKcemF) not found.
com.google.cloud.datastore.core.exception.DatastoreException: Document (projects/demo-cadence/databases/(default)/documents/users/HTHOlYDfwPedTWyqqMhSviMKcemF) not found.
	at com.google.cloud.datastore.emulator.impl.firestore.CloudFirestoreV1.getDocument(CloudFirestoreV1.java:335)
	at com.google.cloud.datastore.emulator.impl.firestore.CloudFirestoreV1Router.getDocument(CloudFirestoreV1Router.java:129)
	at com.google.cloud.datastore.emulator.impl.firestore.CloudFirestoreV1Router.getOrListDocuments(CloudFirestoreV1Router.java:123)
	at com.google.cloud.datastore.emulator.firestore.v1.FirestoreV1GrpcAdapter$1.lambda$getOrListDocuments$0(FirestoreV1GrpcAdapter.java:108)
	at com.google.cloud.datastore.emulator.firestore.v1.FirestoreV1GrpcAdapter.unary(FirestoreV1GrpcAdapter.java:72)
	at com.google.cloud.datastore.emulator.firestore.v1.FirestoreV1GrpcAdapter$1.getOrListDocuments(FirestoreV1GrpcAdapter.java:108)
	at com.google.firestore.v1.FirestoreGrpc$MethodHandlers.invoke(FirestoreGrpc.java:1206)
	at io.grpc.stub.ServerCalls$UnaryServerCallHandler$UnaryServerCallListener.onHalfClose(ServerCalls.java:182)
	at io.grpc.PartialForwardingServerCallListener.onHalfClose(PartialForwardingServerCallListener.java:35)
	at io.grpc.ForwardingServerCallListener.onHalfClose(ForwardingServerCallListener.java:23)
	at io.grpc.ForwardingServerCallListener$SimpleForwardingServerCallListener.onHalfClose(ForwardingServerCallListener.java:40)
	at io.grpc.Contexts$ContextualizedServerCallListener.onHalfClose(Contexts.java:86)
	at io.grpc.PartialForwardingServerCallListener.onHalfClose(PartialForwardingServerCallListener.java:35)
	at io.grpc.ForwardingServerCallListener.onHalfClose(ForwardingServerCallListener.java:23)
	at io.grpc.ForwardingServerCallListener$SimpleForwardingServerCallListener.onHalfClose(ForwardingServerCallListener.java:40)
	at io.grpc.Contexts$ContextualizedServerCallListener.onHalfClose(Contexts.java:86)
	at io.grpc.internal.ServerCallImpl$ServerStreamListenerImpl.halfClosed(ServerCallImpl.java:356)
	at io.grpc.internal.ServerImpl$JumpToApplicationThreadServerStreamListener$1HalfClosed.runInContext(ServerImpl.java:861)
	at io.grpc.internal.ContextRunnable.run(ContextRunnable.java:37)
	at io.grpc.internal.SerializingExecutor.run(SerializingExecutor.java:133)
	at java.base/java.util.concurrent.ThreadPoolExecutor.runWorker(ThreadPoolExecutor.java:1144)
	at java.base/java.util.concurrent.ThreadPoolExecutor$Worker.run(ThreadPoolExecutor.java:642)
	at java.base/java.lang.Thread.run(Thread.java:1583)

 {"metadata":{"emulator":{"name":"firestore"},"message":"Aug 29, 2026 9:13:18 PM com.google.cloud.datastore.emulator.impl.util.WrappedStreamObserver onError\nWARNING: Operation failed: Document (projects/demo-cadence/databases/(default)/documents/users/HTHOlYDfwPedTWyqqMhSviMKcemF) not found.\ncom.google.cloud.datastore.core.exception.DatastoreException: Document (projects/demo-cadence/databases/(default)/documents/users/HTHOlYDfwPedTWyqqMhSviMKcemF) not found.\n\tat com.google.cloud.datastore.emulator.impl.firestore.CloudFirestoreV1.getDocument(CloudFirestoreV1.java:335)\n\tat com.google.cloud.datastore.emulator.impl.firestore.CloudFirestoreV1Router.getDocument(CloudFirestoreV1Router.java:129)\n\tat com.google.cloud.datastore.emulator.impl.firestore.CloudFirestoreV1Router.getOrListDocuments(CloudFirestoreV1Router.java:123)\n\tat com.google.cloud.datastore.emulator.firestore.v1.FirestoreV1GrpcAdapter$1.lambda$getOrListDocuments$0(FirestoreV1GrpcAdapter.java:108)\n\tat com.google.cloud.datastore.emulator.firestore.v1.FirestoreV1GrpcAdapter.unary(FirestoreV1GrpcAdapter.java:72)\n\tat com.google.cloud.datastore.emulator.firestore.v1.FirestoreV1GrpcAdapter$1.getOrListDocuments(FirestoreV1GrpcAdapter.java:108)\n\tat com.google.firestore.v1.FirestoreGrpc$MethodHandlers.invoke(FirestoreGrpc.java:1206)\n\tat io.grpc.stub.ServerCalls$UnaryServerCallHandler$UnaryServerCallListener.onHalfClose(ServerCalls.java:182)\n\tat io.grpc.PartialForwardingServerCallListener.onHalfClose(PartialForwardingServerCallListener.java:35)\n\tat io.grpc.ForwardingServerCallListener.onHalfClose(ForwardingServerCallListener.java:23)\n\tat io.grpc.ForwardingServerCallListener$SimpleForwardingServerCallListener.onHalfClose(ForwardingServerCallListener.java:40)\n\tat io.grpc.Contexts$ContextualizedServerCallListener.onHalfClose(Contexts.java:86)\n\tat io.grpc.PartialForwardingServerCallListener.onHalfClose(PartialForwardingServerCallListener.java:35)\n\tat io.grpc.ForwardingServerCallListener.onHalfClose(ForwardingServerCallListener.java:23)\n\tat io.grpc.ForwardingServerCallListener$SimpleForwardingServerCallListener.onHalfClose(ForwardingServerCallListener.java:40)\n\tat io.grpc.Contexts$ContextualizedServerCallListener.onHalfClose(Contexts.java:86)\n\tat io.grpc.internal.ServerCallImpl$ServerStreamListenerImpl.halfClosed(ServerCallImpl.java:356)\n\tat io.grpc.internal.ServerImpl$JumpToApplicationThreadServerStreamListener$1HalfClosed.runInContext(ServerImpl.java:861)\n\tat io.grpc.internal.ContextRunnable.run(ContextRunnable.java:37)\n\tat io.grpc.internal.SerializingExecutor.run(SerializingExecutor.java:133)\n\tat java.base/java.util.concurrent.ThreadPoolExecutor.runWorker(ThreadPoolExecutor.java:1144)\n\tat java.base/java.util.concurrent.ThreadPoolExecutor$Worker.run(ThreadPoolExecutor.java:642)\n\tat java.base/java.lang.Thread.run(Thread.java:1583)\n\n"}}
[debug] [2026-08-30T04:13:18.801Z] Aug 29, 2026 9:13:18 PM io.gapi.emulators.netty.HttpHandler$1 onError
INFO: Exception when handling request: NOT_FOUND: Document (projects/demo-cadence/databases/(default)/documents/users/HTHOlYDfwPedTWyqqMhSviMKcemF) not found.
 {"metadata":{"emulator":{"name":"firestore"},"message":"Aug 29, 2026 9:13:18 PM io.gapi.emulators.netty.HttpHandler$1 onError\nINFO: Exception when handling request: NOT_FOUND: Document (projects/demo-cadence/databases/(default)/documents/users/HTHOlYDfwPedTWyqqMhSviMKcemF) not found.\n"}}
[debug] [2026-08-30T04:13:18.804Z] Aug 29, 2026 9:13:18 PM io.gapi.emulators.netty.HttpVersionRoutingHandler channelRead
INFO: Detected non-HTTP/2 connection.
 {"metadata":{"emulator":{"name":"firestore"},"message":"Aug 29, 2026 9:13:18 PM io.gapi.emulators.netty.HttpVersionRoutingHandler channelRead\nINFO: Detected non-HTTP/2 connection.\n"}}
[debug] [2026-08-30T04:13:18.820Z] Aug 29, 2026 9:13:18 PM com.google.cloud.datastore.emulator.impl.util.WrappedStreamObserver onError
WARNING: Operation failed: Document (projects/demo-cadence/databases/(default)/documents/users/SmwFBeYQDBjYj6Ksue5WA1OIu2YC) not found.
com.google.cloud.datastore.core.exception.DatastoreException: Document (projects/demo-cadence/databases/(default)/documents/users/SmwFBeYQDBjYj6Ksue5WA1OIu2YC) not found.
	at com.google.cloud.datastore.emulator.impl.firestore.CloudFirestoreV1.getDocument(CloudFirestoreV1.java:335)
	at com.google.cloud.datastore.emulator.impl.firestore.CloudFirestoreV1Router.getDocument(CloudFirestoreV1Router.java:129)
	at com.google.cloud.datastore.emulator.impl.firestore.CloudFirestoreV1Router.getOrListDocuments(CloudFirestoreV1Router.java:123)
	at com.google.cloud.datastore.emulator.firestore.v1.FirestoreV1GrpcAdapter$1.lambda$getOrListDocuments$0(FirestoreV1GrpcAdapter.java:108)
	at com.google.cloud.datastore.emulator.firestore.v1.FirestoreV1GrpcAdapter.unary(FirestoreV1GrpcAdapter.java:72)
	at com.google.cloud.datastore.emulator.firestore.v1.FirestoreV1GrpcAdapter$1.getOrListDocuments(FirestoreV1GrpcAdapter.java:108)
	at com.google.firestore.v1.FirestoreGrpc$MethodHandlers.invoke(FirestoreGrpc.java:1206)
	at io.grpc.stub.ServerCalls$UnaryServerCallHandler$UnaryServerCallListener.onHalfClose(ServerCalls.java:182)
	at io.grpc.PartialForwardingServerCallListener.onHalfClose(PartialForwardingServerCallListener.java:35)
	at io.grpc.ForwardingServerCallListener.onHalfClose(ForwardingServerCallListener.java:23)
	at io.grpc.ForwardingServerCallListener$SimpleForwardingServerCallListener.onHalfClose(ForwardingServerCallListener.java:40)
	at io.grpc.Contexts$ContextualizedServerCallListener.onHalfClose(Contexts.java:86)
	at io.grpc.PartialForwardingServerCallListener.onHalfClose(PartialForwardingServerCallListener.java:35)
	at io.grpc.ForwardingServerCallListener.onHalfClose(ForwardingServerCallListener.java:23)
	at io.grpc.ForwardingServerCallListener$SimpleForwardingServerCallListener.onHalfClose(ForwardingServerCallListener.java:40)
	at io.grpc.Contexts$ContextualizedServerCallListener.onHalfClose(Contexts.java:86)
	at io.grpc.internal.ServerCallImpl$ServerStreamListenerImpl.halfClosed(ServerCallImpl.java:356)
	at io.grpc.internal.ServerImpl$JumpToApplicationThreadServerStreamListener$1HalfClosed.runInContext(ServerImpl.java:861)
	at io.grpc.internal.ContextRunnable.run(ContextRunnable.java:37)
	at io.grpc.internal.SerializingExecutor.run(SerializingExecutor.java:133)
	at java.base/java.util.concurrent.ThreadPoolExecutor.runWorker(ThreadPoolExecutor.java:1144)
	at java.base/java.util.concurrent.ThreadPoolExecutor$Worker.run(ThreadPoolExecutor.java:642)
	at java.base/java.lang.Thread.run(Thread.java:1583)

 {"metadata":{"emulator":{"name":"firestore"},"message":"Aug 29, 2026 9:13:18 PM com.google.cloud.datastore.emulator.impl.util.WrappedStreamObserver onError\nWARNING: Operation failed: Document (projects/demo-cadence/databases/(default)/documents/users/SmwFBeYQDBjYj6Ksue5WA1OIu2YC) not found.\ncom.google.cloud.datastore.core.exception.DatastoreException: Document (projects/demo-cadence/databases/(default)/documents/users/SmwFBeYQDBjYj6Ksue5WA1OIu2YC) not found.\n\tat com.google.cloud.datastore.emulator.impl.firestore.CloudFirestoreV1.getDocument(CloudFirestoreV1.java:335)\n\tat com.google.cloud.datastore.emulator.impl.firestore.CloudFirestoreV1Router.getDocument(CloudFirestoreV1Router.java:129)\n\tat com.google.cloud.datastore.emulator.impl.firestore.CloudFirestoreV1Router.getOrListDocuments(CloudFirestoreV1Router.java:123)\n\tat com.google.cloud.datastore.emulator.firestore.v1.FirestoreV1GrpcAdapter$1.lambda$getOrListDocuments$0(FirestoreV1GrpcAdapter.java:108)\n\tat com.google.cloud.datastore.emulator.firestore.v1.FirestoreV1GrpcAdapter.unary(FirestoreV1GrpcAdapter.java:72)\n\tat com.google.cloud.datastore.emulator.firestore.v1.FirestoreV1GrpcAdapter$1.getOrListDocuments(FirestoreV1GrpcAdapter.java:108)\n\tat com.google.firestore.v1.FirestoreGrpc$MethodHandlers.invoke(FirestoreGrpc.java:1206)\n\tat io.grpc.stub.ServerCalls$UnaryServerCallHandler$UnaryServerCallListener.onHalfClose(ServerCalls.java:182)\n\tat io.grpc.PartialForwardingServerCallListener.onHalfClose(PartialForwardingServerCallListener.java:35)\n\tat io.grpc.ForwardingServerCallListener.onHalfClose(ForwardingServerCallListener.java:23)\n\tat io.grpc.ForwardingServerCallListener$SimpleForwardingServerCallListener.onHalfClose(ForwardingServerCallListener.java:40)\n\tat io.grpc.Contexts$ContextualizedServerCallListener.onHalfClose(Contexts.java:86)\n\tat io.grpc.PartialForwardingServerCallListener.onHalfClose(PartialForwardingServerCallListener.java:35)\n\tat io.grpc.ForwardingServerCallListener.onHalfClose(ForwardingServerCallListener.java:23)\n\tat io.grpc.ForwardingServerCallListener$SimpleForwardingServerCallListener.onHalfClose(ForwardingServerCallListener.java:40)\n\tat io.grpc.Contexts$ContextualizedServerCallListener.onHalfClose(Contexts.java:86)\n\tat io.grpc.internal.ServerCallImpl$ServerStreamListenerImpl.halfClosed(ServerCallImpl.java:356)\n\tat io.grpc.internal.ServerImpl$JumpToApplicationThreadServerStreamListener$1HalfClosed.runInContext(ServerImpl.java:861)\n\tat io.grpc.internal.ContextRunnable.run(ContextRunnable.java:37)\n\tat io.grpc.internal.SerializingExecutor.run(SerializingExecutor.java:133)\n\tat java.base/java.util.concurrent.ThreadPoolExecutor.runWorker(ThreadPoolExecutor.java:1144)\n\tat java.base/java.util.concurrent.ThreadPoolExecutor$Worker.run(ThreadPoolExecutor.java:642)\n\tat java.base/java.lang.Thread.run(Thread.java:1583)\n\n"}}
[debug] [2026-08-30T04:13:18.820Z] Aug 29, 2026 9:13:18 PM io.gapi.emulators.netty.HttpHandler$1 onError
INFO: Exception when handling request: NOT_FOUND: Document (projects/demo-cadence/databases/(default)/documents/users/SmwFBeYQDBjYj6Ksue5WA1OIu2YC) not found.
 {"metadata":{"emulator":{"name":"firestore"},"message":"Aug 29, 2026 9:13:18 PM io.gapi.emulators.netty.HttpHandler$1 onError\nINFO: Exception when handling request: NOT_FOUND: Document (projects/demo-cadence/databases/(default)/documents/users/SmwFBeYQDBjYj6Ksue5WA1OIu2YC) not found.\n"}}
[debug] [2026-08-30T04:13:18.834Z] Aug 29, 2026 9:13:18 PM com.google.cloud.datastore.emulator.impl.util.WrappedStreamObserver onError
WARNING: Operation failed: Document (projects/demo-cadence/databases/(default)/documents/users/s6uCvy42CJ200tgvs3mHcOpD7sYN) not found.
com.google.cloud.datastore.core.exception.DatastoreException: Document (projects/demo-cadence/databases/(default)/documents/users/s6uCvy42CJ200tgvs3mHcOpD7sYN) not found.
	at com.google.cloud.datastore.emulator.impl.firestore.CloudFirestoreV1.getDocument(CloudFirestoreV1.java:335)
	at com.google.cloud.datastore.emulator.impl.firestore.CloudFirestoreV1Router.getDocument(CloudFirestoreV1Router.java:129)
	at com.google.cloud.datastore.emulator.impl.firestore.CloudFirestoreV1Router.getOrListDocuments(CloudFirestoreV1Router.java:123)
	at com.google.cloud.datastore.emulator.firestore.v1.FirestoreV1GrpcAdapter$1.lambda$getOrListDocuments$0(FirestoreV1GrpcAdapter.java:108)
	at com.google.cloud.datastore.emulator.firestore.v1.FirestoreV1GrpcAdapter.unary(FirestoreV1GrpcAdapter.java:72)
	at com.google.cloud.datastore.emulator.firestore.v1.FirestoreV1GrpcAdapter$1.getOrListDocuments(FirestoreV1GrpcAdapter.java:108)
	at com.google.firestore.v1.FirestoreGrpc$MethodHandlers.invoke(FirestoreGrpc.java:1206)
	at io.grpc.stub.ServerCalls$UnaryServerCallHandler$UnaryServerCallListener.onHalfClose(ServerCalls.java:182)
	at io.grpc.PartialForwardingServerCallListener.onHalfClose(PartialForwardingServerCallListener.java:35)
	at io.grpc.ForwardingServerCallListener.onHalfClose(ForwardingServerCallListener.java:23)
	at io.grpc.ForwardingServerCallListener$SimpleForwardingServerCallListener.onHalfClose(ForwardingServerCallListener.java:40)
	at io.grpc.Contexts$ContextualizedServerCallListener.onHalfClose(Contexts.java:86)
	at io.grpc.PartialForwardingServerCallListener.onHalfClose(PartialForwardingServerCallListener.java:35)
	at io.grpc.ForwardingServerCallListener.onHalfClose(ForwardingServerCallListener.java:23)
	at io.grpc.ForwardingServerCallListener$SimpleForwardingServerCallListener.onHalfClose(ForwardingServerCallListener.java:40)
	at io.grpc.Contexts$ContextualizedServerCallListener.onHalfClose(Contexts.java:86)
	at io.grpc.internal.ServerCallImpl$ServerStreamListenerImpl.halfClosed(ServerCallImpl.java:356)
	at io.grpc.internal.ServerImpl$JumpToApplicationThreadServerStreamListener$1HalfClosed.runInContext(ServerImpl.java:861)
	at io.grpc.internal.ContextRunnable.run(ContextRunnable.java:37)
	at io.grpc.internal.SerializingExecutor.run(SerializingExecutor.java:133)
	at java.base/java.util.concurrent.ThreadPoolExecutor.runWorker(ThreadPoolExecutor.java:1144)
	at java.base/java.util.concurrent.ThreadPoolExecutor$Worker.run(ThreadPoolExecutor.java:642)
	at java.base/java.lang.Thread.run(Thread.java:1583)

 {"metadata":{"emulator":{"name":"firestore"},"message":"Aug 29, 2026 9:13:18 PM com.google.cloud.datastore.emulator.impl.util.WrappedStreamObserver onError\nWARNING: Operation failed: Document (projects/demo-cadence/databases/(default)/documents/users/s6uCvy42CJ200tgvs3mHcOpD7sYN) not found.\ncom.google.cloud.datastore.core.exception.DatastoreException: Document (projects/demo-cadence/databases/(default)/documents/users/s6uCvy42CJ200tgvs3mHcOpD7sYN) not found.\n\tat com.google.cloud.datastore.emulator.impl.firestore.CloudFirestoreV1.getDocument(CloudFirestoreV1.java:335)\n\tat com.google.cloud.datastore.emulator.impl.firestore.CloudFirestoreV1Router.getDocument(CloudFirestoreV1Router.java:129)\n\tat com.google.cloud.datastore.emulator.impl.firestore.CloudFirestoreV1Router.getOrListDocuments(CloudFirestoreV1Router.java:123)\n\tat com.google.cloud.datastore.emulator.firestore.v1.FirestoreV1GrpcAdapter$1.lambda$getOrListDocuments$0(FirestoreV1GrpcAdapter.java:108)\n\tat com.google.cloud.datastore.emulator.firestore.v1.FirestoreV1GrpcAdapter.unary(FirestoreV1GrpcAdapter.java:72)\n\tat com.google.cloud.datastore.emulator.firestore.v1.FirestoreV1GrpcAdapter$1.getOrListDocuments(FirestoreV1GrpcAdapter.java:108)\n\tat com.google.firestore.v1.FirestoreGrpc$MethodHandlers.invoke(FirestoreGrpc.java:1206)\n\tat io.grpc.stub.ServerCalls$UnaryServerCallHandler$UnaryServerCallListener.onHalfClose(ServerCalls.java:182)\n\tat io.grpc.PartialForwardingServerCallListener.onHalfClose(PartialForwardingServerCallListener.java:35)\n\tat io.grpc.ForwardingServerCallListener.onHalfClose(ForwardingServerCallListener.java:23)\n\tat io.grpc.ForwardingServerCallListener$SimpleForwardingServerCallListener.onHalfClose(ForwardingServerCallListener.java:40)\n\tat io.grpc.Contexts$ContextualizedServerCallListener.onHalfClose(Contexts.java:86)\n\tat io.grpc.PartialForwardingServerCallListener.onHalfClose(PartialForwardingServerCallListener.java:35)\n\tat io.grpc.ForwardingServerCallListener.onHalfClose(ForwardingServerCallListener.java:23)\n\tat io.grpc.ForwardingServerCallListener$SimpleForwardingServerCallListener.onHalfClose(ForwardingServerCallListener.java:40)\n\tat io.grpc.Contexts$ContextualizedServerCallListener.onHalfClose(Contexts.java:86)\n\tat io.grpc.internal.ServerCallImpl$ServerStreamListenerImpl.halfClosed(ServerCallImpl.java:356)\n\tat io.grpc.internal.ServerImpl$JumpToApplicationThreadServerStreamListener$1HalfClosed.runInContext(ServerImpl.java:861)\n\tat io.grpc.internal.ContextRunnable.run(ContextRunnable.java:37)\n\tat io.grpc.internal.SerializingExecutor.run(SerializingExecutor.java:133)\n\tat java.base/java.util.concurrent.ThreadPoolExecutor.runWorker(ThreadPoolExecutor.java:1144)\n\tat java.base/java.util.concurrent.ThreadPoolExecutor$Worker.run(ThreadPoolExecutor.java:642)\n\tat java.base/java.lang.Thread.run(Thread.java:1583)\n\n"}}
[debug] [2026-08-30T04:13:18.834Z] Aug 29, 2026 9:13:18 PM io.gapi.emulators.netty.HttpHandler$1 onError
INFO: Exception when handling request: NOT_FOUND: Document (projects/demo-cadence/databases/(default)/documents/users/s6uCvy42CJ200tgvs3mHcOpD7sYN) not found.
 {"metadata":{"emulator":{"name":"firestore"},"message":"Aug 29, 2026 9:13:18 PM io.gapi.emulators.netty.HttpHandler$1 onError\nINFO: Exception when handling request: NOT_FOUND: Document (projects/demo-cadence/databases/(default)/documents/users/s6uCvy42CJ200tgvs3mHcOpD7sYN) not found.\n"}}
[debug] [2026-08-30T04:13:18.837Z] Aug 29, 2026 9:13:18 PM com.google.cloud.datastore.emulator.impl.util.WrappedStreamObserver onError
WARNING: Operation failed: entity already exists: EntityRef{partitionRef=dev~demo-cadence, path=/handles/rileychen}
com.google.cloud.datastore.core.exception.DatastoreException: entity already exists: EntityRef{partitionRef=dev~demo-cadence, path=/handles/rileychen}
	at com.google.cloud.datastore.core.exception.DatastoreException.withProblem(DatastoreException.java:207)
	at com.google.cloud.datastore.emulator.impl.util.FirestoreEmulatorConverters.alreadyExists(FirestoreEmulatorConverters.java:725)
	at com.google.cloud.datastore.emulator.impl.util.FirestoreEmulatorConverters.checkMutation(FirestoreEmulatorConverters.java:211)
	at com.google.cloud.datastore.emulator.impl.firestore.FirestoreEmulatorHelper.commitHelper(FirestoreEmulatorHelper.java:365)
	at com.google.cloud.datastore.emulator.impl.firestore.FirestoreEmulatorHelper.internalCommit(FirestoreEmulatorHelper.java:314)
	at com.google.cloud.datastore.emulator.impl.firestore.CloudFirestoreV1.internalCommit(CloudFirestoreV1.java:1077)
	at com.google.cloud.datastore.emulator.impl.firestore.CloudFirestoreV1.updateDocument(CloudFirestoreV1.java:458)
	at com.google.cloud.datastore.emulator.impl.firestore.CloudFirestoreV1Router.updateDocument(CloudFirestoreV1Router.java:149)
	at com.google.cloud.datastore.emulator.firestore.v1.FirestoreV1GrpcAdapter$1.lambda$updateDocument$4(FirestoreV1GrpcAdapter.java:132)
	at com.google.cloud.datastore.emulator.firestore.v1.FirestoreV1GrpcAdapter.unary(FirestoreV1GrpcAdapter.java:72)
	at com.google.cloud.datastore.emulator.firestore.v1.FirestoreV1GrpcAdapter$1.updateDocument(FirestoreV1GrpcAdapter.java:132)
	at com.google.firestore.v1.FirestoreGrpc$MethodHandlers.invoke(FirestoreGrpc.java:1218)
	at io.grpc.stub.ServerCalls$UnaryServerCallHandler$UnaryServerCallListener.onHalfClose(ServerCalls.java:182)
	at io.grpc.PartialForwardingServerCallListener.onHalfClose(PartialForwardingServerCallListener.java:35)
	at io.grpc.ForwardingServerCallListener.onHalfClose(ForwardingServerCallListener.java:23)
	at io.grpc.ForwardingServerCallListener$SimpleForwardingServerCallListener.onHalfClose(ForwardingServerCallListener.java:40)
	at io.grpc.Contexts$ContextualizedServerCallListener.onHalfClose(Contexts.java:86)
	at io.grpc.PartialForwardingServerCallListener.onHalfClose(PartialForwardingServerCallListener.java:35)
	at io.grpc.ForwardingServerCallListener.onHalfClose(ForwardingServerCallListener.java:23)
	at io.grpc.ForwardingServerCallListener$SimpleForwardingServerCallListener.onHalfClose(ForwardingServerCallListener.java:40)
	at io.grpc.Contexts$ContextualizedServerCallListener.onHalfClose(Contexts.java:86)
	at io.grpc.internal.ServerCallImpl$ServerStreamListenerImpl.halfClosed(ServerCallImpl.java:356)
	at io.grpc.internal.ServerImpl$JumpToApplicationThreadServerStreamListener$1HalfClosed.runInContext(ServerImpl.java:861)
	at io.grpc.internal.ContextRunnable.run(ContextRunnable.java:37)
	at io.grpc.internal.SerializingExecutor.run(SerializingExecutor.java:133)
	at java.base/java.util.concurrent.ThreadPoolExecutor.runWorker(ThreadPoolExecutor.java:1144)
	at java.base/java.util.concurrent.ThreadPoolExecutor$Worker.run(ThreadPoolExecutor.java:642)
	at java.base/java.lang.Thread.run(Thread.java:1583)

 {"metadata":{"emulator":{"name":"firestore"},"message":"Aug 29, 2026 9:13:18 PM com.google.cloud.datastore.emulator.impl.util.WrappedStreamObserver onError\nWARNING: Operation failed: entity already exists: EntityRef{partitionRef=dev~demo-cadence, path=/handles/rileychen}\ncom.google.cloud.datastore.core.exception.DatastoreException: entity already exists: EntityRef{partitionRef=dev~demo-cadence, path=/handles/rileychen}\n\tat com.google.cloud.datastore.core.exception.DatastoreException.withProblem(DatastoreException.java:207)\n\tat com.google.cloud.datastore.emulator.impl.util.FirestoreEmulatorConverters.alreadyExists(FirestoreEmulatorConverters.java:725)\n\tat com.google.cloud.datastore.emulator.impl.util.FirestoreEmulatorConverters.checkMutation(FirestoreEmulatorConverters.java:211)\n\tat com.google.cloud.datastore.emulator.impl.firestore.FirestoreEmulatorHelper.commitHelper(FirestoreEmulatorHelper.java:365)\n\tat com.google.cloud.datastore.emulator.impl.firestore.FirestoreEmulatorHelper.internalCommit(FirestoreEmulatorHelper.java:314)\n\tat com.google.cloud.datastore.emulator.impl.firestore.CloudFirestoreV1.internalCommit(CloudFirestoreV1.java:1077)\n\tat com.google.cloud.datastore.emulator.impl.firestore.CloudFirestoreV1.updateDocument(CloudFirestoreV1.java:458)\n\tat com.google.cloud.datastore.emulator.impl.firestore.CloudFirestoreV1Router.updateDocument(CloudFirestoreV1Router.java:149)\n\tat com.google.cloud.datastore.emulator.firestore.v1.FirestoreV1GrpcAdapter$1.lambda$updateDocument$4(FirestoreV1GrpcAdapter.java:132)\n\tat com.google.cloud.datastore.emulator.firestore.v1.FirestoreV1GrpcAdapter.unary(FirestoreV1GrpcAdapter.java:72)\n\tat com.google.cloud.datastore.emulator.firestore.v1.FirestoreV1GrpcAdapter$1.updateDocument(FirestoreV1GrpcAdapter.java:132)\n\tat com.google.firestore.v1.FirestoreGrpc$MethodHandlers.invoke(FirestoreGrpc.java:1218)\n\tat io.grpc.stub.ServerCalls$UnaryServerCallHandler$UnaryServerCallListener.onHalfClose(ServerCalls.java:182)\n\tat io.grpc.PartialForwardingServerCallListener.onHalfClose(PartialForwardingServerCallListener.java:35)\n\tat io.grpc.ForwardingServerCallListener.onHalfClose(ForwardingServerCallListener.java:23)\n\tat io.grpc.ForwardingServerCallListener$SimpleForwardingServerCallListener.onHalfClose(ForwardingServerCallListener.java:40)\n\tat io.grpc.Contexts$ContextualizedServerCallListener.onHalfClose(Contexts.java:86)\n\tat io.grpc.PartialForwardingServerCallListener.onHalfClose(PartialForwardingServerCallListener.java:35)\n\tat io.grpc.ForwardingServerCallListener.onHalfClose(ForwardingServerCallListener.java:23)\n\tat io.grpc.ForwardingServerCallListener$SimpleForwardingServerCallListener.onHalfClose(ForwardingServerCallListener.java:40)\n\tat io.grpc.Contexts$ContextualizedServerCallListener.onHalfClose(Contexts.java:86)\n\tat io.grpc.internal.ServerCallImpl$ServerStreamListenerImpl.halfClosed(ServerCallImpl.java:356)\n\tat io.grpc.internal.ServerImpl$JumpToApplicationThreadServerStreamListener$1HalfClosed.runInContext(ServerImpl.java:861)\n\tat io.grpc.internal.ContextRunnable.run(ContextRunnable.java:37)\n\tat io.grpc.internal.SerializingExecutor.run(SerializingExecutor.java:133)\n\tat java.base/java.util.concurrent.ThreadPoolExecutor.runWorker(ThreadPoolExecutor.java:1144)\n\tat java.base/java.util.concurrent.ThreadPoolExecutor$Worker.run(ThreadPoolExecutor.java:642)\n\tat java.base/java.lang.Thread.run(Thread.java:1583)\n\n"}}
[debug] [2026-08-30T04:13:18.837Z] Aug 29, 2026 9:13:18 PM io.gapi.emulators.netty.HttpHandler$1 onError
INFO: Exception when handling request: ALREADY_EXISTS: entity already exists: EntityRef{partitionRef=dev~demo-cadence, path=/handles/rileychen}
 {"metadata":{"emulator":{"name":"firestore"},"message":"Aug 29, 2026 9:13:18 PM io.gapi.emulators.netty.HttpHandler$1 onError\nINFO: Exception when handling request: ALREADY_EXISTS: entity already exists: EntityRef{partitionRef=dev~demo-cadence, path=/handles/rileychen}\n"}}
[debug] [2026-08-30T04:13:18.855Z] Aug 29, 2026 9:13:18 PM com.google.cloud.datastore.emulator.impl.util.WrappedStreamObserver onError
WARNING: Operation failed: Document (projects/demo-cadence/databases/(default)/documents/handles/nobodyhere) not found.
com.google.cloud.datastore.core.exception.DatastoreException: Document (projects/demo-cadence/databases/(default)/documents/handles/nobodyhere) not found.
	at com.google.cloud.datastore.emulator.impl.firestore.CloudFirestoreV1.getDocument(CloudFirestoreV1.java:335)
	at com.google.cloud.datastore.emulator.impl.firestore.CloudFirestoreV1Router.getDocument(CloudFirestoreV1Router.java:129)
	at com.google.cloud.datastore.emulator.impl.firestore.CloudFirestoreV1Router.getOrListDocuments(CloudFirestoreV1Router.java:123)
	at com.google.cloud.datastore.emulator.firestore.v1.FirestoreV1GrpcAdapter$1.lambda$getOrListDocuments$0(FirestoreV1GrpcAdapter.java:108)
	at com.google.cloud.datastore.emulator.firestore.v1.FirestoreV1GrpcAdapter.unary(FirestoreV1GrpcAdapter.java:72)
	at com.google.cloud.datastore.emulator.firestore.v1.FirestoreV1GrpcAdapter$1.getOrListDocuments(FirestoreV1GrpcAdapter.java:108)
	at com.google.firestore.v1.FirestoreGrpc$MethodHandlers.invoke(FirestoreGrpc.java:1206)
	at io.grpc.stub.ServerCalls$UnaryServerCallHandler$UnaryServerCallListener.onHalfClose(ServerCalls.java:182)
	at io.grpc.PartialForwardingServerCallListener.onHalfClose(PartialForwardingServerCallListener.java:35)
	at io.grpc.ForwardingServerCallListener.onHalfClose(ForwardingServerCallListener.java:23)
	at io.grpc.ForwardingServerCallListener$SimpleForwardingServerCallListener.onHalfClose(ForwardingServerCallListener.java:40)
	at io.grpc.Contexts$ContextualizedServerCallListener.onHalfClose(Contexts.java:86)
	at io.grpc.PartialForwardingServerCallListener.onHalfClose(PartialForwardingServerCallListener.java:35)
	at io.grpc.ForwardingServerCallListener.onHalfClose(ForwardingServerCallListener.java:23)
	at io.grpc.ForwardingServerCallListener$SimpleForwardingServerCallListener.onHalfClose(ForwardingServerCallListener.java:40)
	at io.grpc.Contexts$ContextualizedServerCallListener.onHalfClose(Contexts.java:86)
	at io.grpc.internal.ServerCallImpl$ServerStreamListenerImpl.halfClosed(ServerCallImpl.java:356)
	at io.grpc.internal.ServerImpl$JumpToApplicationThreadServerStreamListener$1HalfClosed.runInContext(ServerImpl.java:861)
	at io.grpc.internal.ContextRunnable.run(ContextRunnable.java:37)
	at io.grpc.internal.SerializingExecutor.run(SerializingExecutor.java:133)
	at java.base/java.util.concurrent.ThreadPoolExecutor.runWorker(ThreadPoolExecutor.java:1144)
	at java.base/java.util.concurrent.ThreadPoolExecutor$Worker.run(ThreadPoolExecutor.java:642)
	at java.base/java.lang.Thread.run(Thread.java:1583)

 {"metadata":{"emulator":{"name":"firestore"},"message":"Aug 29, 2026 9:13:18 PM com.google.cloud.datastore.emulator.impl.util.WrappedStreamObserver onError\nWARNING: Operation failed: Document (projects/demo-cadence/databases/(default)/documents/handles/nobodyhere) not found.\ncom.google.cloud.datastore.core.exception.DatastoreException: Document (projects/demo-cadence/databases/(default)/documents/handles/nobodyhere) not found.\n\tat com.google.cloud.datastore.emulator.impl.firestore.CloudFirestoreV1.getDocument(CloudFirestoreV1.java:335)\n\tat com.google.cloud.datastore.emulator.impl.firestore.CloudFirestoreV1Router.getDocument(CloudFirestoreV1Router.java:129)\n\tat com.google.cloud.datastore.emulator.impl.firestore.CloudFirestoreV1Router.getOrListDocuments(CloudFirestoreV1Router.java:123)\n\tat com.google.cloud.datastore.emulator.firestore.v1.FirestoreV1GrpcAdapter$1.lambda$getOrListDocuments$0(FirestoreV1GrpcAdapter.java:108)\n\tat com.google.cloud.datastore.emulator.firestore.v1.FirestoreV1GrpcAdapter.unary(FirestoreV1GrpcAdapter.java:72)\n\tat com.google.cloud.datastore.emulator.firestore.v1.FirestoreV1GrpcAdapter$1.getOrListDocuments(FirestoreV1GrpcAdapter.java:108)\n\tat com.google.firestore.v1.FirestoreGrpc$MethodHandlers.invoke(FirestoreGrpc.java:1206)\n\tat io.grpc.stub.ServerCalls$UnaryServerCallHandler$UnaryServerCallListener.onHalfClose(ServerCalls.java:182)\n\tat io.grpc.PartialForwardingServerCallListener.onHalfClose(PartialForwardingServerCallListener.java:35)\n\tat io.grpc.ForwardingServerCallListener.onHalfClose(ForwardingServerCallListener.java:23)\n\tat io.grpc.ForwardingServerCallListener$SimpleForwardingServerCallListener.onHalfClose(ForwardingServerCallListener.java:40)\n\tat io.grpc.Contexts$ContextualizedServerCallListener.onHalfClose(Contexts.java:86)\n\tat io.grpc.PartialForwardingServerCallListener.onHalfClose(PartialForwardingServerCallListener.java:35)\n\tat io.grpc.ForwardingServerCallListener.onHalfClose(ForwardingServerCallListener.java:23)\n\tat io.grpc.ForwardingServerCallListener$SimpleForwardingServerCallListener.onHalfClose(ForwardingServerCallListener.java:40)\n\tat io.grpc.Contexts$ContextualizedServerCallListener.onHalfClose(Contexts.java:86)\n\tat io.grpc.internal.ServerCallImpl$ServerStreamListenerImpl.halfClosed(ServerCallImpl.java:356)\n\tat io.grpc.internal.ServerImpl$JumpToApplicationThreadServerStreamListener$1HalfClosed.runInContext(ServerImpl.java:861)\n\tat io.grpc.internal.ContextRunnable.run(ContextRunnable.java:37)\n\tat io.grpc.internal.SerializingExecutor.run(SerializingExecutor.java:133)\n\tat java.base/java.util.concurrent.ThreadPoolExecutor.runWorker(ThreadPoolExecutor.java:1144)\n\tat java.base/java.util.concurrent.ThreadPoolExecutor$Worker.run(ThreadPoolExecutor.java:642)\n\tat java.base/java.lang.Thread.run(Thread.java:1583)\n\n"}}
[debug] [2026-08-30T04:13:18.855Z] Aug 29, 2026 9:13:18 PM io.gapi.emulators.netty.HttpHandler$1 onError
INFO: Exception when handling request: NOT_FOUND: Document (projects/demo-cadence/databases/(default)/documents/handles/nobodyhere) not found.
 {"metadata":{"emulator":{"name":"firestore"},"message":"Aug 29, 2026 9:13:18 PM io.gapi.emulators.netty.HttpHandler$1 onError\nINFO: Exception when handling request: NOT_FOUND: Document (projects/demo-cadence/databases/(default)/documents/handles/nobodyhere) not found.\n"}}
[debug] [2026-08-30T04:13:18.871Z] Aug 29, 2026 9:13:18 PM com.google.cloud.datastore.emulator.impl.util.WrappedStreamObserver onError
WARNING: Operation failed: Document (projects/demo-cadence/databases/(default)/documents/friends/SmwFBeYQDBjYj6Ksue5WA1OIu2YC/list/HTHOlYDfwPedTWyqqMhSviMKcemF) not found.
com.google.cloud.datastore.core.exception.DatastoreException: Document (projects/demo-cadence/databases/(default)/documents/friends/SmwFBeYQDBjYj6Ksue5WA1OIu2YC/list/HTHOlYDfwPedTWyqqMhSviMKcemF) not found.
	at com.google.cloud.datastore.emulator.impl.firestore.CloudFirestoreV1.getDocument(CloudFirestoreV1.java:335)
	at com.google.cloud.datastore.emulator.impl.firestore.CloudFirestoreV1Router.getDocument(CloudFirestoreV1Router.java:129)
	at com.google.cloud.datastore.emulator.impl.firestore.CloudFirestoreV1Router.getOrListDocuments(CloudFirestoreV1Router.java:123)
	at com.google.cloud.datastore.emulator.firestore.v1.FirestoreV1GrpcAdapter$1.lambda$getOrListDocuments$0(FirestoreV1GrpcAdapter.java:108)
	at com.google.cloud.datastore.emulator.firestore.v1.FirestoreV1GrpcAdapter.unary(FirestoreV1GrpcAdapter.java:72)
	at com.google.cloud.datastore.emulator.firestore.v1.FirestoreV1GrpcAdapter$1.getOrListDocuments(FirestoreV1GrpcAdapter.java:108)
	at com.google.firestore.v1.FirestoreGrpc$MethodHandlers.invoke(FirestoreGrpc.java:1206)
	at io.grpc.stub.ServerCalls$UnaryServerCallHandler$UnaryServerCallListener.onHalfClose(ServerCalls.java:182)
	at io.grpc.PartialForwardingServerCallListener.onHalfClose(PartialForwardingServerCallListener.java:35)
	at io.grpc.ForwardingServerCallListener.onHalfClose(ForwardingServerCallListener.java:23)
	at io.grpc.ForwardingServerCallListener$SimpleForwardingServerCallListener.onHalfClose(ForwardingServerCallListener.java:40)
	at io.grpc.Contexts$ContextualizedServerCallListener.onHalfClose(Contexts.java:86)
	at io.grpc.PartialForwardingServerCallListener.onHalfClose(PartialForwardingServerCallListener.java:35)
	at io.grpc.ForwardingServerCallListener.onHalfClose(ForwardingServerCallListener.java:23)
	at io.grpc.ForwardingServerCallListener$SimpleForwardingServerCallListener.onHalfClose(ForwardingServerCallListener.java:40)
	at io.grpc.Contexts$ContextualizedServerCallListener.onHalfClose(Contexts.java:86)
	at io.grpc.internal.ServerCallImpl$ServerStreamListenerImpl.halfClosed(ServerCallImpl.java:356)
	at io.grpc.internal.ServerImpl$JumpToApplicationThreadServerStreamListener$1HalfClosed.runInContext(ServerImpl.java:861)
	at io.grpc.internal.ContextRunnable.run(ContextRunnable.java:37)
	at io.grpc.internal.SerializingExecutor.run(SerializingExecutor.java:133)
	at java.base/java.util.concurrent.ThreadPoolExecutor.runWorker(ThreadPoolExecutor.java:1144)
	at java.base/java.util.concurrent.ThreadPoolExecutor$Worker.run(ThreadPoolExecutor.java:642)
	at java.base/java.lang.Thread.run(Thread.java:1583)

 {"metadata":{"emulator":{"name":"firestore"},"message":"Aug 29, 2026 9:13:18 PM com.google.cloud.datastore.emulator.impl.util.WrappedStreamObserver onError\nWARNING: Operation failed: Document (projects/demo-cadence/databases/(default)/documents/friends/SmwFBeYQDBjYj6Ksue5WA1OIu2YC/list/HTHOlYDfwPedTWyqqMhSviMKcemF) not found.\ncom.google.cloud.datastore.core.exception.DatastoreException: Document (projects/demo-cadence/databases/(default)/documents/friends/SmwFBeYQDBjYj6Ksue5WA1OIu2YC/list/HTHOlYDfwPedTWyqqMhSviMKcemF) not found.\n\tat com.google.cloud.datastore.emulator.impl.firestore.CloudFirestoreV1.getDocument(CloudFirestoreV1.java:335)\n\tat com.google.cloud.datastore.emulator.impl.firestore.CloudFirestoreV1Router.getDocument(CloudFirestoreV1Router.java:129)\n\tat com.google.cloud.datastore.emulator.impl.firestore.CloudFirestoreV1Router.getOrListDocuments(CloudFirestoreV1Router.java:123)\n\tat com.google.cloud.datastore.emulator.firestore.v1.FirestoreV1GrpcAdapter$1.lambda$getOrListDocuments$0(FirestoreV1GrpcAdapter.java:108)\n\tat com.google.cloud.datastore.emulator.firestore.v1.FirestoreV1GrpcAdapter.unary(FirestoreV1GrpcAdapter.java:72)\n\tat com.google.cloud.datastore.emulator.firestore.v1.FirestoreV1GrpcAdapter$1.getOrListDocuments(FirestoreV1GrpcAdapter.java:108)\n\tat com.google.firestore.v1.FirestoreGrpc$MethodHandlers.invoke(FirestoreGrpc.java:1206)\n\tat io.grpc.stub.ServerCalls$UnaryServerCallHandler$UnaryServerCallListener.onHalfClose(ServerCalls.java:182)\n\tat io.grpc.PartialForwardingServerCallListener.onHalfClose(PartialForwardingServerCallListener.java:35)\n\tat io.grpc.ForwardingServerCallListener.onHalfClose(ForwardingServerCallListener.java:23)\n\tat io.grpc.ForwardingServerCallListener$SimpleForwardingServerCallListener.onHalfClose(ForwardingServerCallListener.java:40)\n\tat io.grpc.Contexts$ContextualizedServerCallListener.onHalfClose(Contexts.java:86)\n\tat io.grpc.PartialForwardingServerCallListener.onHalfClose(PartialForwardingServerCallListener.java:35)\n\tat io.grpc.ForwardingServerCallListener.onHalfClose(ForwardingServerCallListener.java:23)\n\tat io.grpc.ForwardingServerCallListener$SimpleForwardingServerCallListener.onHalfClose(ForwardingServerCallListener.java:40)\n\tat io.grpc.Contexts$ContextualizedServerCallListener.onHalfClose(Contexts.java:86)\n\tat io.grpc.internal.ServerCallImpl$ServerStreamListenerImpl.halfClosed(ServerCallImpl.java:356)\n\tat io.grpc.internal.ServerImpl$JumpToApplicationThreadServerStreamListener$1HalfClosed.runInContext(ServerImpl.java:861)\n\tat io.grpc.internal.ContextRunnable.run(ContextRunnable.java:37)\n\tat io.grpc.internal.SerializingExecutor.run(SerializingExecutor.java:133)\n\tat java.base/java.util.concurrent.ThreadPoolExecutor.runWorker(ThreadPoolExecutor.java:1144)\n\tat java.base/java.util.concurrent.ThreadPoolExecutor$Worker.run(ThreadPoolExecutor.java:642)\n\tat java.base/java.lang.Thread.run(Thread.java:1583)\n\n"}}
[debug] [2026-08-30T04:13:18.871Z] Aug 29, 2026 9:13:18 PM io.gapi.emulators.netty.HttpHandler$1 onError
INFO: Exception when handling request: NOT_FOUND: Document (projects/demo-cadence/databases/(default)/documents/friends/SmwFBeYQDBjYj6Ksue5WA1OIu2YC/list/HTHOlYDfwPedTWyqqMhSviMKcemF) not found.
 {"metadata":{"emulator":{"name":"firestore"},"message":"Aug 29, 2026 9:13:18 PM io.gapi.emulators.netty.HttpHandler$1 onError\nINFO: Exception when handling request: NOT_FOUND: Document (projects/demo-cadence/databases/(default)/documents/friends/SmwFBeYQDBjYj6Ksue5WA1OIu2YC/list/HTHOlYDfwPedTWyqqMhSviMKcemF) not found.\n"}}
[debug] [2026-08-30T04:13:18.874Z] Aug 29, 2026 9:13:18 PM com.google.cloud.datastore.emulator.impl.util.WrappedStreamObserver onError
WARNING: Operation failed: Document (projects/demo-cadence/databases/(default)/documents/users/SmwFBeYQDBjYj6Ksue5WA1OIu2YC/requests/HTHOlYDfwPedTWyqqMhSviMKcemF) not found.
com.google.cloud.datastore.core.exception.DatastoreException: Document (projects/demo-cadence/databases/(default)/documents/users/SmwFBeYQDBjYj6Ksue5WA1OIu2YC/requests/HTHOlYDfwPedTWyqqMhSviMKcemF) not found.
	at com.google.cloud.datastore.emulator.impl.firestore.CloudFirestoreV1.getDocument(CloudFirestoreV1.java:335)
	at com.google.cloud.datastore.emulator.impl.firestore.CloudFirestoreV1Router.getDocument(CloudFirestoreV1Router.java:129)
	at com.google.cloud.datastore.emulator.impl.firestore.CloudFirestoreV1Router.getOrListDocuments(CloudFirestoreV1Router.java:123)
	at com.google.cloud.datastore.emulator.firestore.v1.FirestoreV1GrpcAdapter$1.lambda$getOrListDocuments$0(FirestoreV1GrpcAdapter.java:108)
	at com.google.cloud.datastore.emulator.firestore.v1.FirestoreV1GrpcAdapter.unary(FirestoreV1GrpcAdapter.java:72)
	at com.google.cloud.datastore.emulator.firestore.v1.FirestoreV1GrpcAdapter$1.getOrListDocuments(FirestoreV1GrpcAdapter.java:108)
	at com.google.firestore.v1.FirestoreGrpc$MethodHandlers.invoke(FirestoreGrpc.java:1206)
	at io.grpc.stub.ServerCalls$UnaryServerCallHandler$UnaryServerCallListener.onHalfClose(ServerCalls.java:182)
	at io.grpc.PartialForwardingServerCallListener.onHalfClose(PartialForwardingServerCallListener.java:35)
	at io.grpc.ForwardingServerCallListener.onHalfClose(ForwardingServerCallListener.java:23)
	at io.grpc.ForwardingServerCallListener$SimpleForwardingServerCallListener.onHalfClose(ForwardingServerCallListener.java:40)
	at io.grpc.Contexts$ContextualizedServerCallListener.onHalfClose(Contexts.java:86)
	at io.grpc.PartialForwardingServerCallListener.onHalfClose(PartialForwardingServerCallListener.java:35)
	at io.grpc.ForwardingServerCallListener.onHalfClose(ForwardingServerCallListener.java:23)
	at io.grpc.ForwardingServerCallListener$SimpleForwardingServerCallListener.onHalfClose(ForwardingServerCallListener.java:40)
	at io.grpc.Contexts$ContextualizedServerCallListener.onHalfClose(Contexts.java:86)
	at io.grpc.internal.ServerCallImpl$ServerStreamListenerImpl.halfClosed(ServerCallImpl.java:356)
	at io.grpc.internal.ServerImpl$JumpToApplicationThreadServerStreamListener$1HalfClosed.runInContext(ServerImpl.java:861)
	at io.grpc.internal.ContextRunnable.run(ContextRunnable.java:37)
	at io.grpc.internal.SerializingExecutor.run(SerializingExecutor.java:133)
	at java.base/java.util.concurrent.ThreadPoolExecutor.runWorker(ThreadPoolExecutor.java:1144)
	at java.base/java.util.concurrent.ThreadPoolExecutor$Worker.run(ThreadPoolExecutor.java:642)
	at java.base/java.lang.Thread.run(Thread.java:1583)

 {"metadata":{"emulator":{"name":"firestore"},"message":"Aug 29, 2026 9:13:18 PM com.google.cloud.datastore.emulator.impl.util.WrappedStreamObserver onError\nWARNING: Operation failed: Document (projects/demo-cadence/databases/(default)/documents/users/SmwFBeYQDBjYj6Ksue5WA1OIu2YC/requests/HTHOlYDfwPedTWyqqMhSviMKcemF) not found.\ncom.google.cloud.datastore.core.exception.DatastoreException: Document (projects/demo-cadence/databases/(default)/documents/users/SmwFBeYQDBjYj6Ksue5WA1OIu2YC/requests/HTHOlYDfwPedTWyqqMhSviMKcemF) not found.\n\tat com.google.cloud.datastore.emulator.impl.firestore.CloudFirestoreV1.getDocument(CloudFirestoreV1.java:335)\n\tat com.google.cloud.datastore.emulator.impl.firestore.CloudFirestoreV1Router.getDocument(CloudFirestoreV1Router.java:129)\n\tat com.google.cloud.datastore.emulator.impl.firestore.CloudFirestoreV1Router.getOrListDocuments(CloudFirestoreV1Router.java:123)\n\tat com.google.cloud.datastore.emulator.firestore.v1.FirestoreV1GrpcAdapter$1.lambda$getOrListDocuments$0(FirestoreV1GrpcAdapter.java:108)\n\tat com.google.cloud.datastore.emulator.firestore.v1.FirestoreV1GrpcAdapter.unary(FirestoreV1GrpcAdapter.java:72)\n\tat com.google.cloud.datastore.emulator.firestore.v1.FirestoreV1GrpcAdapter$1.getOrListDocuments(FirestoreV1GrpcAdapter.java:108)\n\tat com.google.firestore.v1.FirestoreGrpc$MethodHandlers.invoke(FirestoreGrpc.java:1206)\n\tat io.grpc.stub.ServerCalls$UnaryServerCallHandler$UnaryServerCallListener.onHalfClose(ServerCalls.java:182)\n\tat io.grpc.PartialForwardingServerCallListener.onHalfClose(PartialForwardingServerCallListener.java:35)\n\tat io.grpc.ForwardingServerCallListener.onHalfClose(ForwardingServerCallListener.java:23)\n\tat io.grpc.ForwardingServerCallListener$SimpleForwardingServerCallListener.onHalfClose(ForwardingServerCallListener.java:40)\n\tat io.grpc.Contexts$ContextualizedServerCallListener.onHalfClose(Contexts.java:86)\n\tat io.grpc.PartialForwardingServerCallListener.onHalfClose(PartialForwardingServerCallListener.java:35)\n\tat io.grpc.ForwardingServerCallListener.onHalfClose(ForwardingServerCallListener.java:23)\n\tat io.grpc.ForwardingServerCallListener$SimpleForwardingServerCallListener.onHalfClose(ForwardingServerCallListener.java:40)\n\tat io.grpc.Contexts$ContextualizedServerCallListener.onHalfClose(Contexts.java:86)\n\tat io.grpc.internal.ServerCallImpl$ServerStreamListenerImpl.halfClosed(ServerCallImpl.java:356)\n\tat io.grpc.internal.ServerImpl$JumpToApplicationThreadServerStreamListener$1HalfClosed.runInContext(ServerImpl.java:861)\n\tat io.grpc.internal.ContextRunnable.run(ContextRunnable.java:37)\n\tat io.grpc.internal.SerializingExecutor.run(SerializingExecutor.java:133)\n\tat java.base/java.util.concurrent.ThreadPoolExecutor.runWorker(ThreadPoolExecutor.java:1144)\n\tat java.base/java.util.concurrent.ThreadPoolExecutor$Worker.run(ThreadPoolExecutor.java:642)\n\tat java.base/java.lang.Thread.run(Thread.java:1583)\n\n"}}
[debug] [2026-08-30T04:13:18.875Z] Aug 29, 2026 9:13:18 PM io.gapi.emulators.netty.HttpHandler$1 onError
INFO: Exception when handling request: NOT_FOUND: Document (projects/demo-cadence/databases/(default)/documents/users/SmwFBeYQDBjYj6Ksue5WA1OIu2YC/requests/HTHOlYDfwPedTWyqqMhSviMKcemF) not found.
 {"metadata":{"emulator":{"name":"firestore"},"message":"Aug 29, 2026 9:13:18 PM io.gapi.emulators.netty.HttpHandler$1 onError\nINFO: Exception when handling request: NOT_FOUND: Document (projects/demo-cadence/databases/(default)/documents/users/SmwFBeYQDBjYj6Ksue5WA1OIu2YC/requests/HTHOlYDfwPedTWyqqMhSviMKcemF) not found.\n"}}
[debug] [2026-08-30T04:13:18.877Z] Aug 29, 2026 9:13:18 PM com.google.cloud.datastore.emulator.impl.util.WrappedStreamObserver onError
WARNING: Operation failed: Document (projects/demo-cadence/databases/(default)/documents/users/HTHOlYDfwPedTWyqqMhSviMKcemF/requests/SmwFBeYQDBjYj6Ksue5WA1OIu2YC) not found.
com.google.cloud.datastore.core.exception.DatastoreException: Document (projects/demo-cadence/databases/(default)/documents/users/HTHOlYDfwPedTWyqqMhSviMKcemF/requests/SmwFBeYQDBjYj6Ksue5WA1OIu2YC) not found.
	at com.google.cloud.datastore.emulator.impl.firestore.CloudFirestoreV1.getDocument(CloudFirestoreV1.java:335)
	at com.google.cloud.datastore.emulator.impl.firestore.CloudFirestoreV1Router.getDocument(CloudFirestoreV1Router.java:129)
	at com.google.cloud.datastore.emulator.impl.firestore.CloudFirestoreV1Router.getOrListDocuments(CloudFirestoreV1Router.java:123)
	at com.google.cloud.datastore.emulator.firestore.v1.FirestoreV1GrpcAdapter$1.lambda$getOrListDocuments$0(FirestoreV1GrpcAdapter.java:108)
	at com.google.cloud.datastore.emulator.firestore.v1.FirestoreV1GrpcAdapter.unary(FirestoreV1GrpcAdapter.java:72)
	at com.google.cloud.datastore.emulator.firestore.v1.FirestoreV1GrpcAdapter$1.getOrListDocuments(FirestoreV1GrpcAdapter.java:108)
	at com.google.firestore.v1.FirestoreGrpc$MethodHandlers.invoke(FirestoreGrpc.java:1206)
	at io.grpc.stub.ServerCalls$UnaryServerCallHandler$UnaryServerCallListener.onHalfClose(ServerCalls.java:182)
	at io.grpc.PartialForwardingServerCallListener.onHalfClose(PartialForwardingServerCallListener.java:35)
	at io.grpc.ForwardingServerCallListener.onHalfClose(ForwardingServerCallListener.java:23)
	at io.grpc.ForwardingServerCallListener$SimpleForwardingServerCallListener.onHalfClose(ForwardingServerCallListener.java:40)
	at io.grpc.Contexts$ContextualizedServerCallListener.onHalfClose(Contexts.java:86)
	at io.grpc.PartialForwardingServerCallListener.onHalfClose(PartialForwardingServerCallListener.java:35)
	at io.grpc.ForwardingServerCallListener.onHalfClose(ForwardingServerCallListener.java:23)
	at io.grpc.ForwardingServerCallListener$SimpleForwardingServerCallListener.onHalfClose(ForwardingServerCallListener.java:40)
	at io.grpc.Contexts$ContextualizedServerCallListener.onHalfClose(Contexts.java:86)
	at io.grpc.internal.ServerCallImpl$ServerStreamListenerImpl.halfClosed(ServerCallImpl.java:356)
	at io.grpc.internal.ServerImpl$JumpToApplicationThreadServerStreamListener$1HalfClosed.runInContext(ServerImpl.java:861)
	at io.grpc.internal.ContextRunnable.run(ContextRunnable.java:37)
	at io.grpc.internal.SerializingExecutor.run(SerializingExecutor.java:133)
	at java.base/java.util.concurrent.ThreadPoolExecutor.runWorker(ThreadPoolExecutor.java:1144)
	at java.base/java.util.concurrent.ThreadPoolExecutor$Worker.run(ThreadPoolExecutor.java:642)
	at java.base/java.lang.Thread.run(Thread.java:1583)

 {"metadata":{"emulator":{"name":"firestore"},"message":"Aug 29, 2026 9:13:18 PM com.google.cloud.datastore.emulator.impl.util.WrappedStreamObserver onError\nWARNING: Operation failed: Document (projects/demo-cadence/databases/(default)/documents/users/HTHOlYDfwPedTWyqqMhSviMKcemF/requests/SmwFBeYQDBjYj6Ksue5WA1OIu2YC) not found.\ncom.google.cloud.datastore.core.exception.DatastoreException: Document (projects/demo-cadence/databases/(default)/documents/users/HTHOlYDfwPedTWyqqMhSviMKcemF/requests/SmwFBeYQDBjYj6Ksue5WA1OIu2YC) not found.\n\tat com.google.cloud.datastore.emulator.impl.firestore.CloudFirestoreV1.getDocument(CloudFirestoreV1.java:335)\n\tat com.google.cloud.datastore.emulator.impl.firestore.CloudFirestoreV1Router.getDocument(CloudFirestoreV1Router.java:129)\n\tat com.google.cloud.datastore.emulator.impl.firestore.CloudFirestoreV1Router.getOrListDocuments(CloudFirestoreV1Router.java:123)\n\tat com.google.cloud.datastore.emulator.firestore.v1.FirestoreV1GrpcAdapter$1.lambda$getOrListDocuments$0(FirestoreV1GrpcAdapter.java:108)\n\tat com.google.cloud.datastore.emulator.firestore.v1.FirestoreV1GrpcAdapter.unary(FirestoreV1GrpcAdapter.java:72)\n\tat com.google.cloud.datastore.emulator.firestore.v1.FirestoreV1GrpcAdapter$1.getOrListDocuments(FirestoreV1GrpcAdapter.java:108)\n\tat com.google.firestore.v1.FirestoreGrpc$MethodHandlers.invoke(FirestoreGrpc.java:1206)\n\tat io.grpc.stub.ServerCalls$UnaryServerCallHandler$UnaryServerCallListener.onHalfClose(ServerCalls.java:182)\n\tat io.grpc.PartialForwardingServerCallListener.onHalfClose(PartialForwardingServerCallListener.java:35)\n\tat io.grpc.ForwardingServerCallListener.onHalfClose(ForwardingServerCallListener.java:23)\n\tat io.grpc.ForwardingServerCallListener$SimpleForwardingServerCallListener.onHalfClose(ForwardingServerCallListener.java:40)\n\tat io.grpc.Contexts$ContextualizedServerCallListener.onHalfClose(Contexts.java:86)\n\tat io.grpc.PartialForwardingServerCallListener.onHalfClose(PartialForwardingServerCallListener.java:35)\n\tat io.grpc.ForwardingServerCallListener.onHalfClose(ForwardingServerCallListener.java:23)\n\tat io.grpc.ForwardingServerCallListener$SimpleForwardingServerCallListener.onHalfClose(ForwardingServerCallListener.java:40)\n\tat io.grpc.Contexts$ContextualizedServerCallListener.onHalfClose(Contexts.java:86)\n\tat io.grpc.internal.ServerCallImpl$ServerStreamListenerImpl.halfClosed(ServerCallImpl.java:356)\n\tat io.grpc.internal.ServerImpl$JumpToApplicationThreadServerStreamListener$1HalfClosed.runInContext(ServerImpl.java:861)\n\tat io.grpc.internal.ContextRunnable.run(ContextRunnable.java:37)\n\tat io.grpc.internal.SerializingExecutor.run(SerializingExecutor.java:133)\n\tat java.base/java.util.concurrent.ThreadPoolExecutor.runWorker(ThreadPoolExecutor.java:1144)\n\tat java.base/java.util.concurrent.ThreadPoolExecutor$Worker.run(ThreadPoolExecutor.java:642)\n\tat java.base/java.lang.Thread.run(Thread.java:1583)\n\n"}}
[debug] [2026-08-30T04:13:18.878Z] Aug 29, 2026 9:13:18 PM io.gapi.emulators.netty.HttpHandler$1 onError
INFO: Exception when handling request: NOT_FOUND: Document (projects/demo-cadence/databases/(default)/documents/users/HTHOlYDfwPedTWyqqMhSviMKcemF/requests/SmwFBeYQDBjYj6Ksue5WA1OIu2YC) not found.
 {"metadata":{"emulator":{"name":"firestore"},"message":"Aug 29, 2026 9:13:18 PM io.gapi.emulators.netty.HttpHandler$1 onError\nINFO: Exception when handling request: NOT_FOUND: Document (projects/demo-cadence/databases/(default)/documents/users/HTHOlYDfwPedTWyqqMhSviMKcemF/requests/SmwFBeYQDBjYj6Ksue5WA1OIu2YC) not found.\n"}}
[debug] [2026-08-30T04:13:18.894Z] Aug 29, 2026 9:13:18 PM com.google.cloud.datastore.emulator.impl.util.WrappedStreamObserver onError
WARNING: Operation failed: Document (projects/demo-cadence/databases/(default)/documents/friends/SmwFBeYQDBjYj6Ksue5WA1OIu2YC/list/HTHOlYDfwPedTWyqqMhSviMKcemF) not found.
com.google.cloud.datastore.core.exception.DatastoreException: Document (projects/demo-cadence/databases/(default)/documents/friends/SmwFBeYQDBjYj6Ksue5WA1OIu2YC/list/HTHOlYDfwPedTWyqqMhSviMKcemF) not found.
	at com.google.cloud.datastore.emulator.impl.firestore.CloudFirestoreV1.getDocument(CloudFirestoreV1.java:335)
	at com.google.cloud.datastore.emulator.impl.firestore.CloudFirestoreV1Router.getDocument(CloudFirestoreV1Router.java:129)
	at com.google.cloud.datastore.emulator.impl.firestore.CloudFirestoreV1Router.getOrListDocuments(CloudFirestoreV1Router.java:123)
	at com.google.cloud.datastore.emulator.firestore.v1.FirestoreV1GrpcAdapter$1.lambda$getOrListDocuments$0(FirestoreV1GrpcAdapter.java:108)
	at com.google.cloud.datastore.emulator.firestore.v1.FirestoreV1GrpcAdapter.unary(FirestoreV1GrpcAdapter.java:72)
	at com.google.cloud.datastore.emulator.firestore.v1.FirestoreV1GrpcAdapter$1.getOrListDocuments(FirestoreV1GrpcAdapter.java:108)
	at com.google.firestore.v1.FirestoreGrpc$MethodHandlers.invoke(FirestoreGrpc.java:1206)
	at io.grpc.stub.ServerCalls$UnaryServerCallHandler$UnaryServerCallListener.onHalfClose(ServerCalls.java:182)
	at io.grpc.PartialForwardingServerCallListener.onHalfClose(PartialForwardingServerCallListener.java:35)
	at io.grpc.ForwardingServerCallListener.onHalfClose(ForwardingServerCallListener.java:23)
	at io.grpc.ForwardingServerCallListener$SimpleForwardingServerCallListener.onHalfClose(ForwardingServerCallListener.java:40)
	at io.grpc.Contexts$ContextualizedServerCallListener.onHalfClose(Contexts.java:86)
	at io.grpc.PartialForwardingServerCallListener.onHalfClose(PartialForwardingServerCallListener.java:35)
	at io.grpc.ForwardingServerCallListener.onHalfClose(ForwardingServerCallListener.java:23)
	at io.grpc.ForwardingServerCallListener$SimpleForwardingServerCallListener.onHalfClose(ForwardingServerCallListener.java:40)
	at io.grpc.Contexts$ContextualizedServerCallListener.onHalfClose(Contexts.java:86)
	at io.grpc.internal.ServerCallImpl$ServerStreamListenerImpl.halfClosed(ServerCallImpl.java:356)
	at io.grpc.internal.ServerImpl$JumpToApplicationThreadServerStreamListener$1HalfClosed.runInContext(ServerImpl.java:861)
	at io.grpc.internal.ContextRunnable.run(ContextRunnable.java:37)
	at io.grpc.internal.SerializingExecutor.run(SerializingExecutor.java:133)
	at java.base/java.util.concurrent.ThreadPoolExecutor.runWorker(ThreadPoolExecutor.java:1144)
	at java.base/java.util.concurrent.ThreadPoolExecutor$Worker.run(ThreadPoolExecutor.java:642)
	at java.base/java.lang.Thread.run(Thread.java:1583)

 {"metadata":{"emulator":{"name":"firestore"},"message":"Aug 29, 2026 9:13:18 PM com.google.cloud.datastore.emulator.impl.util.WrappedStreamObserver onError\nWARNING: Operation failed: Document (projects/demo-cadence/databases/(default)/documents/friends/SmwFBeYQDBjYj6Ksue5WA1OIu2YC/list/HTHOlYDfwPedTWyqqMhSviMKcemF) not found.\ncom.google.cloud.datastore.core.exception.DatastoreException: Document (projects/demo-cadence/databases/(default)/documents/friends/SmwFBeYQDBjYj6Ksue5WA1OIu2YC/list/HTHOlYDfwPedTWyqqMhSviMKcemF) not found.\n\tat com.google.cloud.datastore.emulator.impl.firestore.CloudFirestoreV1.getDocument(CloudFirestoreV1.java:335)\n\tat com.google.cloud.datastore.emulator.impl.firestore.CloudFirestoreV1Router.getDocument(CloudFirestoreV1Router.java:129)\n\tat com.google.cloud.datastore.emulator.impl.firestore.CloudFirestoreV1Router.getOrListDocuments(CloudFirestoreV1Router.java:123)\n\tat com.google.cloud.datastore.emulator.firestore.v1.FirestoreV1GrpcAdapter$1.lambda$getOrListDocuments$0(FirestoreV1GrpcAdapter.java:108)\n\tat com.google.cloud.datastore.emulator.firestore.v1.FirestoreV1GrpcAdapter.unary(FirestoreV1GrpcAdapter.java:72)\n\tat com.google.cloud.datastore.emulator.firestore.v1.FirestoreV1GrpcAdapter$1.getOrListDocuments(FirestoreV1GrpcAdapter.java:108)\n\tat com.google.firestore.v1.FirestoreGrpc$MethodHandlers.invoke(FirestoreGrpc.java:1206)\n\tat io.grpc.stub.ServerCalls$UnaryServerCallHandler$UnaryServerCallListener.onHalfClose(ServerCalls.java:182)\n\tat io.grpc.PartialForwardingServerCallListener.onHalfClose(PartialForwardingServerCallListener.java:35)\n\tat io.grpc.ForwardingServerCallListener.onHalfClose(ForwardingServerCallListener.java:23)\n\tat io.grpc.ForwardingServerCallListener$SimpleForwardingServerCallListener.onHalfClose(ForwardingServerCallListener.java:40)\n\tat io.grpc.Contexts$ContextualizedServerCallListener.onHalfClose(Contexts.java:86)\n\tat io.grpc.PartialForwardingServerCallListener.onHalfClose(PartialForwardingServerCallListener.java:35)\n\tat io.grpc.ForwardingServerCallListener.onHalfClose(ForwardingServerCallListener.java:23)\n\tat io.grpc.ForwardingServerCallListener$SimpleForwardingServerCallListener.onHalfClose(ForwardingServerCallListener.java:40)\n\tat io.grpc.Contexts$ContextualizedServerCallListener.onHalfClose(Contexts.java:86)\n\tat io.grpc.internal.ServerCallImpl$ServerStreamListenerImpl.halfClosed(ServerCallImpl.java:356)\n\tat io.grpc.internal.ServerImpl$JumpToApplicationThreadServerStreamListener$1HalfClosed.runInContext(ServerImpl.java:861)\n\tat io.grpc.internal.ContextRunnable.run(ContextRunnable.java:37)\n\tat io.grpc.internal.SerializingExecutor.run(SerializingExecutor.java:133)\n\tat java.base/java.util.concurrent.ThreadPoolExecutor.runWorker(ThreadPoolExecutor.java:1144)\n\tat java.base/java.util.concurrent.ThreadPoolExecutor$Worker.run(ThreadPoolExecutor.java:642)\n\tat java.base/java.lang.Thread.run(Thread.java:1583)\n\n"}}
[debug] [2026-08-30T04:13:18.895Z] Aug 29, 2026 9:13:18 PM io.gapi.emulators.netty.HttpHandler$1 onError
INFO: Exception when handling request: NOT_FOUND: Document (projects/demo-cadence/databases/(default)/documents/friends/SmwFBeYQDBjYj6Ksue5WA1OIu2YC/list/HTHOlYDfwPedTWyqqMhSviMKcemF) not found.
 {"metadata":{"emulator":{"name":"firestore"},"message":"Aug 29, 2026 9:13:18 PM io.gapi.emulators.netty.HttpHandler$1 onError\nINFO: Exception when handling request: NOT_FOUND: Document (projects/demo-cadence/databases/(default)/documents/friends/SmwFBeYQDBjYj6Ksue5WA1OIu2YC/list/HTHOlYDfwPedTWyqqMhSviMKcemF) not found.\n"}}
[debug] [2026-08-30T04:13:18.897Z] Aug 29, 2026 9:13:18 PM com.google.cloud.datastore.emulator.impl.util.WrappedStreamObserver onError
WARNING: Operation failed: Document (projects/demo-cadence/databases/(default)/documents/users/SmwFBeYQDBjYj6Ksue5WA1OIu2YC/requests/HTHOlYDfwPedTWyqqMhSviMKcemF) not found.
com.google.cloud.datastore.core.exception.DatastoreException: Document (projects/demo-cadence/databases/(default)/documents/users/SmwFBeYQDBjYj6Ksue5WA1OIu2YC/requests/HTHOlYDfwPedTWyqqMhSviMKcemF) not found.
	at com.google.cloud.datastore.emulator.impl.firestore.CloudFirestoreV1.getDocument(CloudFirestoreV1.java:335)
	at com.google.cloud.datastore.emulator.impl.firestore.CloudFirestoreV1Router.getDocument(CloudFirestoreV1Router.java:129)
	at com.google.cloud.datastore.emulator.impl.firestore.CloudFirestoreV1Router.getOrListDocuments(CloudFirestoreV1Router.java:123)
	at com.google.cloud.datastore.emulator.firestore.v1.FirestoreV1GrpcAdapter$1.lambda$getOrListDocuments$0(FirestoreV1GrpcAdapter.java:108)
	at com.google.cloud.datastore.emulator.firestore.v1.FirestoreV1GrpcAdapter.unary(FirestoreV1GrpcAdapter.java:72)
	at com.google.cloud.datastore.emulator.firestore.v1.FirestoreV1GrpcAdapter$1.getOrListDocuments(FirestoreV1GrpcAdapter.java:108)
	at com.google.firestore.v1.FirestoreGrpc$MethodHandlers.invoke(FirestoreGrpc.java:1206)
	at io.grpc.stub.ServerCalls$UnaryServerCallHandler$UnaryServerCallListener.onHalfClose(ServerCalls.java:182)
	at io.grpc.PartialForwardingServerCallListener.onHalfClose(PartialForwardingServerCallListener.java:35)
	at io.grpc.ForwardingServerCallListener.onHalfClose(ForwardingServerCallListener.java:23)
	at io.grpc.ForwardingServerCallListener$SimpleForwardingServerCallListener.onHalfClose(ForwardingServerCallListener.java:40)
	at io.grpc.Contexts$ContextualizedServerCallListener.onHalfClose(Contexts.java:86)
	at io.grpc.PartialForwardingServerCallListener.onHalfClose(PartialForwardingServerCallListener.java:35)
	at io.grpc.ForwardingServerCallListener.onHalfClose(ForwardingServerCallListener.java:23)
	at io.grpc.ForwardingServerCallListener$SimpleForwardingServerCallListener.onHalfClose(ForwardingServerCallListener.java:40)
	at io.grpc.Contexts$ContextualizedServerCallListener.onHalfClose(Contexts.java:86)
	at io.grpc.internal.ServerCallImpl$ServerStreamListenerImpl.halfClosed(ServerCallImpl.java:356)
	at io.grpc.internal.ServerImpl$JumpToApplicationThreadServerStreamListener$1HalfClosed.runInContext(ServerImpl.java:861)
	at io.grpc.internal.ContextRunnable.run(ContextRunnable.java:37)
	at io.grpc.internal.SerializingExecutor.run(SerializingExecutor.java:133)
	at java.base/java.util.concurrent.ThreadPoolExecutor.runWorker(ThreadPoolExecutor.java:1144)
	at java.base/java.util.concurrent.ThreadPoolExecutor$Worker.run(ThreadPoolExecutor.java:642)
	at java.base/java.lang.Thread.run(Thread.java:1583)

 {"metadata":{"emulator":{"name":"firestore"},"message":"Aug 29, 2026 9:13:18 PM com.google.cloud.datastore.emulator.impl.util.WrappedStreamObserver onError\nWARNING: Operation failed: Document (projects/demo-cadence/databases/(default)/documents/users/SmwFBeYQDBjYj6Ksue5WA1OIu2YC/requests/HTHOlYDfwPedTWyqqMhSviMKcemF) not found.\ncom.google.cloud.datastore.core.exception.DatastoreException: Document (projects/demo-cadence/databases/(default)/documents/users/SmwFBeYQDBjYj6Ksue5WA1OIu2YC/requests/HTHOlYDfwPedTWyqqMhSviMKcemF) not found.\n\tat com.google.cloud.datastore.emulator.impl.firestore.CloudFirestoreV1.getDocument(CloudFirestoreV1.java:335)\n\tat com.google.cloud.datastore.emulator.impl.firestore.CloudFirestoreV1Router.getDocument(CloudFirestoreV1Router.java:129)\n\tat com.google.cloud.datastore.emulator.impl.firestore.CloudFirestoreV1Router.getOrListDocuments(CloudFirestoreV1Router.java:123)\n\tat com.google.cloud.datastore.emulator.firestore.v1.FirestoreV1GrpcAdapter$1.lambda$getOrListDocuments$0(FirestoreV1GrpcAdapter.java:108)\n\tat com.google.cloud.datastore.emulator.firestore.v1.FirestoreV1GrpcAdapter.unary(FirestoreV1GrpcAdapter.java:72)\n\tat com.google.cloud.datastore.emulator.firestore.v1.FirestoreV1GrpcAdapter$1.getOrListDocuments(FirestoreV1GrpcAdapter.java:108)\n\tat com.google.firestore.v1.FirestoreGrpc$MethodHandlers.invoke(FirestoreGrpc.java:1206)\n\tat io.grpc.stub.ServerCalls$UnaryServerCallHandler$UnaryServerCallListener.onHalfClose(ServerCalls.java:182)\n\tat io.grpc.PartialForwardingServerCallListener.onHalfClose(PartialForwardingServerCallListener.java:35)\n\tat io.grpc.ForwardingServerCallListener.onHalfClose(ForwardingServerCallListener.java:23)\n\tat io.grpc.ForwardingServerCallListener$SimpleForwardingServerCallListener.onHalfClose(ForwardingServerCallListener.java:40)\n\tat io.grpc.Contexts$ContextualizedServerCallListener.onHalfClose(Contexts.java:86)\n\tat io.grpc.PartialForwardingServerCallListener.onHalfClose(PartialForwardingServerCallListener.java:35)\n\tat io.grpc.ForwardingServerCallListener.onHalfClose(ForwardingServerCallListener.java:23)\n\tat io.grpc.ForwardingServerCallListener$SimpleForwardingServerCallListener.onHalfClose(ForwardingServerCallListener.java:40)\n\tat io.grpc.Contexts$ContextualizedServerCallListener.onHalfClose(Contexts.java:86)\n\tat io.grpc.internal.ServerCallImpl$ServerStreamListenerImpl.halfClosed(ServerCallImpl.java:356)\n\tat io.grpc.internal.ServerImpl$JumpToApplicationThreadServerStreamListener$1HalfClosed.runInContext(ServerImpl.java:861)\n\tat io.grpc.internal.ContextRunnable.run(ContextRunnable.java:37)\n\tat io.grpc.internal.SerializingExecutor.run(SerializingExecutor.java:133)\n\tat java.base/java.util.concurrent.ThreadPoolExecutor.runWorker(ThreadPoolExecutor.java:1144)\n\tat java.base/java.util.concurrent.ThreadPoolExecutor$Worker.run(ThreadPoolExecutor.java:642)\n\tat java.base/java.lang.Thread.run(Thread.java:1583)\n\n"}}
[debug] [2026-08-30T04:13:18.898Z] Aug 29, 2026 9:13:18 PM io.gapi.emulators.netty.HttpHandler$1 onError
INFO: Exception when handling request: NOT_FOUND: Document (projects/demo-cadence/databases/(default)/documents/users/SmwFBeYQDBjYj6Ksue5WA1OIu2YC/requests/HTHOlYDfwPedTWyqqMhSviMKcemF) not found.
 {"metadata":{"emulator":{"name":"firestore"},"message":"Aug 29, 2026 9:13:18 PM io.gapi.emulators.netty.HttpHandler$1 onError\nINFO: Exception when handling request: NOT_FOUND: Document (projects/demo-cadence/databases/(default)/documents/users/SmwFBeYQDBjYj6Ksue5WA1OIu2YC/requests/HTHOlYDfwPedTWyqqMhSviMKcemF) not found.\n"}}
[debug] [2026-08-30T04:13:18.908Z] Aug 29, 2026 9:13:18 PM com.google.cloud.datastore.emulator.impl.util.WrappedStreamObserver onError
WARNING: Operation failed: Document (projects/demo-cadence/databases/(default)/documents/friends/HTHOlYDfwPedTWyqqMhSviMKcemF/list/SmwFBeYQDBjYj6Ksue5WA1OIu2YC) not found.
com.google.cloud.datastore.core.exception.DatastoreException: Document (projects/demo-cadence/databases/(default)/documents/friends/HTHOlYDfwPedTWyqqMhSviMKcemF/list/SmwFBeYQDBjYj6Ksue5WA1OIu2YC) not found.
	at com.google.cloud.datastore.emulator.impl.firestore.CloudFirestoreV1.getDocument(CloudFirestoreV1.java:335)
	at com.google.cloud.datastore.emulator.impl.firestore.CloudFirestoreV1Router.getDocument(CloudFirestoreV1Router.java:129)
	at com.google.cloud.datastore.emulator.impl.firestore.CloudFirestoreV1Router.getOrListDocuments(CloudFirestoreV1Router.java:123)
	at com.google.cloud.datastore.emulator.firestore.v1.FirestoreV1GrpcAdapter$1.lambda$getOrListDocuments$0(FirestoreV1GrpcAdapter.java:108)
	at com.google.cloud.datastore.emulator.firestore.v1.FirestoreV1GrpcAdapter.unary(FirestoreV1GrpcAdapter.java:72)
	at com.google.cloud.datastore.emulator.firestore.v1.FirestoreV1GrpcAdapter$1.getOrListDocuments(FirestoreV1GrpcAdapter.java:108)
	at com.google.firestore.v1.FirestoreGrpc$MethodHandlers.invoke(FirestoreGrpc.java:1206)
	at io.grpc.stub.ServerCalls$UnaryServerCallHandler$UnaryServerCallListener.onHalfClose(ServerCalls.java:182)
	at io.grpc.PartialForwardingServerCallListener.onHalfClose(PartialForwardingServerCallListener.java:35)
	at io.grpc.ForwardingServerCallListener.onHalfClose(ForwardingServerCallListener.java:23)
	at io.grpc.ForwardingServerCallListener$SimpleForwardingServerCallListener.onHalfClose(ForwardingServerCallListener.java:40)
	at io.grpc.Contexts$ContextualizedServerCallListener.onHalfClose(Contexts.java:86)
	at io.grpc.PartialForwardingServerCallListener.onHalfClose(PartialForwardingServerCallListener.java:35)
	at io.grpc.ForwardingServerCallListener.onHalfClose(ForwardingServerCallListener.java:23)
	at io.grpc.ForwardingServerCallListener$SimpleForwardingServerCallListener.onHalfClose(ForwardingServerCallListener.java:40)
	at io.grpc.Contexts$ContextualizedServerCallListener.onHalfClose(Contexts.java:86)
	at io.grpc.internal.ServerCallImpl$ServerStreamListenerImpl.halfClosed(ServerCallImpl.java:356)
	at io.grpc.internal.ServerImpl$JumpToApplicationThreadServerStreamListener$1HalfClosed.runInContext(ServerImpl.java:861)
	at io.grpc.internal.ContextRunnable.run(ContextRunnable.java:37)
	at io.grpc.internal.SerializingExecutor.run(SerializingExecutor.java:133)
	at java.base/java.util.concurrent.ThreadPoolExecutor.runWorker(ThreadPoolExecutor.java:1144)
	at java.base/java.util.concurrent.ThreadPoolExecutor$Worker.run(ThreadPoolExecutor.java:642)
	at java.base/java.lang.Thread.run(Thread.java:1583)

 {"metadata":{"emulator":{"name":"firestore"},"message":"Aug 29, 2026 9:13:18 PM com.google.cloud.datastore.emulator.impl.util.WrappedStreamObserver onError\nWARNING: Operation failed: Document (projects/demo-cadence/databases/(default)/documents/friends/HTHOlYDfwPedTWyqqMhSviMKcemF/list/SmwFBeYQDBjYj6Ksue5WA1OIu2YC) not found.\ncom.google.cloud.datastore.core.exception.DatastoreException: Document (projects/demo-cadence/databases/(default)/documents/friends/HTHOlYDfwPedTWyqqMhSviMKcemF/list/SmwFBeYQDBjYj6Ksue5WA1OIu2YC) not found.\n\tat com.google.cloud.datastore.emulator.impl.firestore.CloudFirestoreV1.getDocument(CloudFirestoreV1.java:335)\n\tat com.google.cloud.datastore.emulator.impl.firestore.CloudFirestoreV1Router.getDocument(CloudFirestoreV1Router.java:129)\n\tat com.google.cloud.datastore.emulator.impl.firestore.CloudFirestoreV1Router.getOrListDocuments(CloudFirestoreV1Router.java:123)\n\tat com.google.cloud.datastore.emulator.firestore.v1.FirestoreV1GrpcAdapter$1.lambda$getOrListDocuments$0(FirestoreV1GrpcAdapter.java:108)\n\tat com.google.cloud.datastore.emulator.firestore.v1.FirestoreV1GrpcAdapter.unary(FirestoreV1GrpcAdapter.java:72)\n\tat com.google.cloud.datastore.emulator.firestore.v1.FirestoreV1GrpcAdapter$1.getOrListDocuments(FirestoreV1GrpcAdapter.java:108)\n\tat com.google.firestore.v1.FirestoreGrpc$MethodHandlers.invoke(FirestoreGrpc.java:1206)\n\tat io.grpc.stub.ServerCalls$UnaryServerCallHandler$UnaryServerCallListener.onHalfClose(ServerCalls.java:182)\n\tat io.grpc.PartialForwardingServerCallListener.onHalfClose(PartialForwardingServerCallListener.java:35)\n\tat io.grpc.ForwardingServerCallListener.onHalfClose(ForwardingServerCallListener.java:23)\n\tat io.grpc.ForwardingServerCallListener$SimpleForwardingServerCallListener.onHalfClose(ForwardingServerCallListener.java:40)\n\tat io.grpc.Contexts$ContextualizedServerCallListener.onHalfClose(Contexts.java:86)\n\tat io.grpc.PartialForwardingServerCallListener.onHalfClose(PartialForwardingServerCallListener.java:35)\n\tat io.grpc.ForwardingServerCallListener.onHalfClose(ForwardingServerCallListener.java:23)\n\tat io.grpc.ForwardingServerCallListener$SimpleForwardingServerCallListener.onHalfClose(ForwardingServerCallListener.java:40)\n\tat io.grpc.Contexts$ContextualizedServerCallListener.onHalfClose(Contexts.java:86)\n\tat io.grpc.internal.ServerCallImpl$ServerStreamListenerImpl.halfClosed(ServerCallImpl.java:356)\n\tat io.grpc.internal.ServerImpl$JumpToApplicationThreadServerStreamListener$1HalfClosed.runInContext(ServerImpl.java:861)\n\tat io.grpc.internal.ContextRunnable.run(ContextRunnable.java:37)\n\tat io.grpc.internal.SerializingExecutor.run(SerializingExecutor.java:133)\n\tat java.base/java.util.concurrent.ThreadPoolExecutor.runWorker(ThreadPoolExecutor.java:1144)\n\tat java.base/java.util.concurrent.ThreadPoolExecutor$Worker.run(ThreadPoolExecutor.java:642)\n\tat java.base/java.lang.Thread.run(Thread.java:1583)\n\n"}}
[debug] [2026-08-30T04:13:18.909Z] Aug 29, 2026 9:13:18 PM io.gapi.emulators.netty.HttpHandler$1 onError
INFO: Exception when handling request: NOT_FOUND: Document (projects/demo-cadence/databases/(default)/documents/friends/HTHOlYDfwPedTWyqqMhSviMKcemF/list/SmwFBeYQDBjYj6Ksue5WA1OIu2YC) not found.
 {"metadata":{"emulator":{"name":"firestore"},"message":"Aug 29, 2026 9:13:18 PM io.gapi.emulators.netty.HttpHandler$1 onError\nINFO: Exception when handling request: NOT_FOUND: Document (projects/demo-cadence/databases/(default)/documents/friends/HTHOlYDfwPedTWyqqMhSviMKcemF/list/SmwFBeYQDBjYj6Ksue5WA1OIu2YC) not found.\n"}}
[debug] [2026-08-30T04:13:18.931Z] Aug 29, 2026 9:13:18 PM io.gapi.emulators.netty.HttpVersionRoutingHandler channelRead
INFO: Detected non-HTTP/2 connection.
 {"metadata":{"emulator":{"name":"firestore"},"message":"Aug 29, 2026 9:13:18 PM io.gapi.emulators.netty.HttpVersionRoutingHandler channelRead\nINFO: Detected non-HTTP/2 connection.\n"}}
[debug] [2026-08-30T04:13:18.939Z] Aug 29, 2026 9:13:18 PM io.gapi.emulators.netty.HttpVersionRoutingHandler channelRead
INFO: Detected non-HTTP/2 connection.
 {"metadata":{"emulator":{"name":"firestore"},"message":"Aug 29, 2026 9:13:18 PM io.gapi.emulators.netty.HttpVersionRoutingHandler channelRead\nINFO: Detected non-HTTP/2 connection.\n"}}
[debug] [2026-08-30T04:13:18.961Z] Aug 29, 2026 9:13:18 PM com.google.cloud.datastore.emulator.impl.util.WrappedStreamObserver onError
WARNING: Operation failed: 
evaluation error at L54:22 for 'get' @ L54, false for 'get' @ L54
com.google.cloud.datastore.core.exception.DatastoreException: 
evaluation error at L54:22 for 'get' @ L54, false for 'get' @ L54
	at com.google.cloud.datastore.core.exception.DatastoreException$Builder.build(DatastoreException.java:121)
	at com.google.cloud.datastore.emulator.impl.rules.DefaultEmulatorRulesAuthorizer.verboseError(DefaultEmulatorRulesAuthorizer.java:318)
	at com.google.cloud.datastore.emulator.impl.rules.DefaultEmulatorRulesAuthorizer.withVerboseErrors(DefaultEmulatorRulesAuthorizer.java:295)
	at com.google.cloud.datastore.emulator.impl.rules.DefaultEmulatorRulesAuthorizer.checkLookup(DefaultEmulatorRulesAuthorizer.java:153)
	at com.google.cloud.datastore.emulator.impl.firestore.FirestoreEmulatorHelper.snapshotRead(FirestoreEmulatorHelper.java:286)
	at com.google.cloud.datastore.emulator.impl.firestore.FirestoreEmulatorHelper.lambda$read$0(FirestoreEmulatorHelper.java:245)
	at com.google.cloud.datastore.emulator.impl.transactions.EmulatorTransactionManager$ReadOnlyTransaction.fold(EmulatorTransactionManager.java:461)
	at com.google.cloud.datastore.emulator.impl.firestore.FirestoreEmulatorHelper.read(FirestoreEmulatorHelper.java:244)
	at com.google.cloud.datastore.emulator.impl.firestore.CloudFirestoreV1.getDocument(CloudFirestoreV1.java:331)
	at com.google.cloud.datastore.emulator.impl.firestore.CloudFirestoreV1Router.getDocument(CloudFirestoreV1Router.java:129)
	at com.google.cloud.datastore.emulator.impl.firestore.CloudFirestoreV1Router.getOrListDocuments(CloudFirestoreV1Router.java:123)
	at com.google.cloud.datastore.emulator.firestore.v1.FirestoreV1GrpcAdapter$1.lambda$getOrListDocuments$0(FirestoreV1GrpcAdapter.java:108)
	at com.google.cloud.datastore.emulator.firestore.v1.FirestoreV1GrpcAdapter.unary(FirestoreV1GrpcAdapter.java:72)
	at com.google.cloud.datastore.emulator.firestore.v1.FirestoreV1GrpcAdapter$1.getOrListDocuments(FirestoreV1GrpcAdapter.java:108)
	at com.google.firestore.v1.FirestoreGrpc$MethodHandlers.invoke(FirestoreGrpc.java:1206)
	at io.grpc.stub.ServerCalls$UnaryServerCallHandler$UnaryServerCallListener.onHalfClose(ServerCalls.java:182)
	at io.grpc.PartialForwardingServerCallListener.onHalfClose(PartialForwardingServerCallListener.java:35)
	at io.grpc.ForwardingServerCallListener.onHalfClose(ForwardingServerCallListener.java:23)
	at io.grpc.ForwardingServerCallListener$SimpleForwardingServerCallListener.onHalfClose(ForwardingServerCallListener.java:40)
	at io.grpc.Contexts$ContextualizedServerCallListener.onHalfClose(Contexts.java:86)
	at io.grpc.PartialForwardingServerCallListener.onHalfClose(PartialForwardingServerCallListener.java:35)
	at io.grpc.ForwardingServerCallListener.onHalfClose(ForwardingServerCallListener.java:23)
	at io.grpc.ForwardingServerCallListener$SimpleForwardingServerCallListener.onHalfClose(ForwardingServerCallListener.java:40)
	at io.grpc.Contexts$ContextualizedServerCallListener.onHalfClose(Contexts.java:86)
	at io.grpc.internal.ServerCallImpl$ServerStreamListenerImpl.halfClosed(ServerCallImpl.java:356)
	at io.grpc.internal.ServerImpl$JumpToApplicationThreadServerStreamListener$1HalfClosed.runInContext(ServerImpl.java:861)
	at io.grpc.internal.ContextRunnable.run(ContextRunnable.java:37)
	at io.grpc.internal.SerializingExecutor.run(SerializingExecutor.java:133)
	at java.base/java.util.concurrent.ThreadPoolExecutor.runWorker(ThreadPoolExecutor.java:1144)
	at java.base/java.util.concurrent.ThreadPoolExecutor$Worker.run(ThreadPoolExecutor.java:642)
	at java.base/java.lang.Thread.run(Thread.java:1583)

 {"metadata":{"emulator":{"name":"firestore"},"message":"Aug 29, 2026 9:13:18 PM com.google.cloud.datastore.emulator.impl.util.WrappedStreamObserver onError\nWARNING: Operation failed: \nevaluation error at L54:22 for 'get' @ L54, false for 'get' @ L54\ncom.google.cloud.datastore.core.exception.DatastoreException: \nevaluation error at L54:22 for 'get' @ L54, false for 'get' @ L54\n\tat com.google.cloud.datastore.core.exception.DatastoreException$Builder.build(DatastoreException.java:121)\n\tat com.google.cloud.datastore.emulator.impl.rules.DefaultEmulatorRulesAuthorizer.verboseError(DefaultEmulatorRulesAuthorizer.java:318)\n\tat com.google.cloud.datastore.emulator.impl.rules.DefaultEmulatorRulesAuthorizer.withVerboseErrors(DefaultEmulatorRulesAuthorizer.java:295)\n\tat com.google.cloud.datastore.emulator.impl.rules.DefaultEmulatorRulesAuthorizer.checkLookup(DefaultEmulatorRulesAuthorizer.java:153)\n\tat com.google.cloud.datastore.emulator.impl.firestore.FirestoreEmulatorHelper.snapshotRead(FirestoreEmulatorHelper.java:286)\n\tat com.google.cloud.datastore.emulator.impl.firestore.FirestoreEmulatorHelper.lambda$read$0(FirestoreEmulatorHelper.java:245)\n\tat com.google.cloud.datastore.emulator.impl.transactions.EmulatorTransactionManager$ReadOnlyTransaction.fold(EmulatorTransactionManager.java:461)\n\tat com.google.cloud.datastore.emulator.impl.firestore.FirestoreEmulatorHelper.read(FirestoreEmulatorHelper.java:244)\n\tat com.google.cloud.datastore.emulator.impl.firestore.CloudFirestoreV1.getDocument(CloudFirestoreV1.java:331)\n\tat com.google.cloud.datastore.emulator.impl.firestore.CloudFirestoreV1Router.getDocument(CloudFirestoreV1Router.java:129)\n\tat com.google.cloud.datastore.emulator.impl.firestore.CloudFirestoreV1Router.getOrListDocuments(CloudFirestoreV1Router.java:123)\n\tat com.google.cloud.datastore.emulator.firestore.v1.FirestoreV1GrpcAdapter$1.lambda$getOrListDocuments$0(FirestoreV1GrpcAdapter.java:108)\n\tat com.google.cloud.datastore.emulator.firestore.v1.FirestoreV1GrpcAdapter.unary(FirestoreV1GrpcAdapter.java:72)\n\tat com.google.cloud.datastore.emulator.firestore.v1.FirestoreV1GrpcAdapter$1.getOrListDocuments(FirestoreV1GrpcAdapter.java:108)\n\tat com.google.firestore.v1.FirestoreGrpc$MethodHandlers.invoke(FirestoreGrpc.java:1206)\n\tat io.grpc.stub.ServerCalls$UnaryServerCallHandler$UnaryServerCallListener.onHalfClose(ServerCalls.java:182)\n\tat io.grpc.PartialForwardingServerCallListener.onHalfClose(PartialForwardingServerCallListener.java:35)\n\tat io.grpc.ForwardingServerCallListener.onHalfClose(ForwardingServerCallListener.java:23)\n\tat io.grpc.ForwardingServerCallListener$SimpleForwardingServerCallListener.onHalfClose(ForwardingServerCallListener.java:40)\n\tat io.grpc.Contexts$ContextualizedServerCallListener.onHalfClose(Contexts.java:86)\n\tat io.grpc.PartialForwardingServerCallListener.onHalfClose(PartialForwardingServerCallListener.java:35)\n\tat io.grpc.ForwardingServerCallListener.onHalfClose(ForwardingServerCallListener.java:23)\n\tat io.grpc.ForwardingServerCallListener$SimpleForwardingServerCallListener.onHalfClose(ForwardingServerCallListener.java:40)\n\tat io.grpc.Contexts$ContextualizedServerCallListener.onHalfClose(Contexts.java:86)\n\tat io.grpc.internal.ServerCallImpl$ServerStreamListenerImpl.halfClosed(ServerCallImpl.java:356)\n\tat io.grpc.internal.ServerImpl$JumpToApplicationThreadServerStreamListener$1HalfClosed.runInContext(ServerImpl.java:861)\n\tat io.grpc.internal.ContextRunnable.run(ContextRunnable.java:37)\n\tat io.grpc.internal.SerializingExecutor.run(SerializingExecutor.java:133)\n\tat java.base/java.util.concurrent.ThreadPoolExecutor.runWorker(ThreadPoolExecutor.java:1144)\n\tat java.base/java.util.concurrent.ThreadPoolExecutor$Worker.run(ThreadPoolExecutor.java:642)\n\tat java.base/java.lang.Thread.run(Thread.java:1583)\n\n"}}
[debug] [2026-08-30T04:13:18.961Z] Aug 29, 2026 9:13:18 PM io.gapi.emulators.netty.HttpHandler$1 onError
INFO: Exception when handling request: PERMISSION_DENIED: 
evaluation error at L54:22 for 'get' @ L54, false for 'get' @ L54
 {"metadata":{"emulator":{"name":"firestore"},"message":"Aug 29, 2026 9:13:18 PM io.gapi.emulators.netty.HttpHandler$1 onError\nINFO: Exception when handling request: PERMISSION_DENIED: \nevaluation error at L54:22 for 'get' @ L54, false for 'get' @ L54\n"}}
[debug] [2026-08-30T04:13:18.964Z] Aug 29, 2026 9:13:18 PM com.google.cloud.datastore.emulator.impl.util.WrappedStreamObserver onError
WARNING: Operation failed: 
false for 'create' @ L55, false for 'update' @ L55
com.google.cloud.datastore.core.exception.DatastoreException: 
false for 'create' @ L55, false for 'update' @ L55
	at com.google.cloud.datastore.core.exception.DatastoreException$Builder.build(DatastoreException.java:121)
	at com.google.cloud.datastore.emulator.impl.rules.DefaultEmulatorRulesAuthorizer.verboseError(DefaultEmulatorRulesAuthorizer.java:318)
	at com.google.cloud.datastore.emulator.impl.rules.DefaultEmulatorRulesAuthorizer.withVerboseErrors(DefaultEmulatorRulesAuthorizer.java:295)
	at com.google.cloud.datastore.emulator.impl.rules.DefaultEmulatorRulesAuthorizer.checkCommit(DefaultEmulatorRulesAuthorizer.java:114)
	at com.google.cloud.datastore.emulator.impl.firestore.FirestoreEmulatorHelper.commitHelper(FirestoreEmulatorHelper.java:360)
	at com.google.cloud.datastore.emulator.impl.firestore.FirestoreEmulatorHelper.internalCommit(FirestoreEmulatorHelper.java:314)
	at com.google.cloud.datastore.emulator.impl.firestore.CloudFirestoreV1.internalCommit(CloudFirestoreV1.java:1077)
	at com.google.cloud.datastore.emulator.impl.firestore.CloudFirestoreV1.updateDocument(CloudFirestoreV1.java:458)
	at com.google.cloud.datastore.emulator.impl.firestore.CloudFirestoreV1Router.updateDocument(CloudFirestoreV1Router.java:149)
	at com.google.cloud.datastore.emulator.firestore.v1.FirestoreV1GrpcAdapter$1.lambda$updateDocument$4(FirestoreV1GrpcAdapter.java:132)
	at com.google.cloud.datastore.emulator.firestore.v1.FirestoreV1GrpcAdapter.unary(FirestoreV1GrpcAdapter.java:72)
	at com.google.cloud.datastore.emulator.firestore.v1.FirestoreV1GrpcAdapter$1.updateDocument(FirestoreV1GrpcAdapter.java:132)
	at com.google.firestore.v1.FirestoreGrpc$MethodHandlers.invoke(FirestoreGrpc.java:1218)
	at io.grpc.stub.ServerCalls$UnaryServerCallHandler$UnaryServerCallListener.onHalfClose(ServerCalls.java:182)
	at io.grpc.PartialForwardingServerCallListener.onHalfClose(PartialForwardingServerCallListener.java:35)
	at io.grpc.ForwardingServerCallListener.onHalfClose(ForwardingServerCallListener.java:23)
	at io.grpc.ForwardingServerCallListener$SimpleForwardingServerCallListener.onHalfClose(ForwardingServerCallListener.java:40)
	at io.grpc.Contexts$ContextualizedServerCallListener.onHalfClose(Contexts.java:86)
	at io.grpc.PartialForwardingServerCallListener.onHalfClose(PartialForwardingServerCallListener.java:35)
	at io.grpc.ForwardingServerCallListener.onHalfClose(ForwardingServerCallListener.java:23)
	at io.grpc.ForwardingServerCallListener$SimpleForwardingServerCallListener.onHalfClose(ForwardingServerCallListener.java:40)
	at io.grpc.Contexts$ContextualizedServerCallListener.onHalfClose(Contexts.java:86)
	at io.grpc.internal.ServerCallImpl$ServerStreamListenerImpl.halfClosed(ServerCallImpl.java:356)
	at io.grpc.internal.ServerImpl$JumpToApplicationThreadServerStreamListener$1HalfClosed.runInContext(ServerImpl.java:861)
	at io.grpc.internal.ContextRunnable.run(ContextRunnable.java:37)
	at io.grpc.internal.SerializingExecutor.run(SerializingExecutor.java:133)
	at java.base/java.util.concurrent.ThreadPoolExecutor.runWorker(ThreadPoolExecutor.java:1144)
	at java.base/java.util.concurrent.ThreadPoolExecutor$Worker.run(ThreadPoolExecutor.java:642)
	at java.base/java.lang.Thread.run(Thread.java:1583)

 {"metadata":{"emulator":{"name":"firestore"},"message":"Aug 29, 2026 9:13:18 PM com.google.cloud.datastore.emulator.impl.util.WrappedStreamObserver onError\nWARNING: Operation failed: \nfalse for 'create' @ L55, false for 'update' @ L55\ncom.google.cloud.datastore.core.exception.DatastoreException: \nfalse for 'create' @ L55, false for 'update' @ L55\n\tat com.google.cloud.datastore.core.exception.DatastoreException$Builder.build(DatastoreException.java:121)\n\tat com.google.cloud.datastore.emulator.impl.rules.DefaultEmulatorRulesAuthorizer.verboseError(DefaultEmulatorRulesAuthorizer.java:318)\n\tat com.google.cloud.datastore.emulator.impl.rules.DefaultEmulatorRulesAuthorizer.withVerboseErrors(DefaultEmulatorRulesAuthorizer.java:295)\n\tat com.google.cloud.datastore.emulator.impl.rules.DefaultEmulatorRulesAuthorizer.checkCommit(DefaultEmulatorRulesAuthorizer.java:114)\n\tat com.google.cloud.datastore.emulator.impl.firestore.FirestoreEmulatorHelper.commitHelper(FirestoreEmulatorHelper.java:360)\n\tat com.google.cloud.datastore.emulator.impl.firestore.FirestoreEmulatorHelper.internalCommit(FirestoreEmulatorHelper.java:314)\n\tat com.google.cloud.datastore.emulator.impl.firestore.CloudFirestoreV1.internalCommit(CloudFirestoreV1.java:1077)\n\tat com.google.cloud.datastore.emulator.impl.firestore.CloudFirestoreV1.updateDocument(CloudFirestoreV1.java:458)\n\tat com.google.cloud.datastore.emulator.impl.firestore.CloudFirestoreV1Router.updateDocument(CloudFirestoreV1Router.java:149)\n\tat com.google.cloud.datastore.emulator.firestore.v1.FirestoreV1GrpcAdapter$1.lambda$updateDocument$4(FirestoreV1GrpcAdapter.java:132)\n\tat com.google.cloud.datastore.emulator.firestore.v1.FirestoreV1GrpcAdapter.unary(FirestoreV1GrpcAdapter.java:72)\n\tat com.google.cloud.datastore.emulator.firestore.v1.FirestoreV1GrpcAdapter$1.updateDocument(FirestoreV1GrpcAdapter.java:132)\n\tat com.google.firestore.v1.FirestoreGrpc$MethodHandlers.invoke(FirestoreGrpc.java:1218)\n\tat io.grpc.stub.ServerCalls$UnaryServerCallHandler$UnaryServerCallListener.onHalfClose(ServerCalls.java:182)\n\tat io.grpc.PartialForwardingServerCallListener.onHalfClose(PartialForwardingServerCallListener.java:35)\n\tat io.grpc.ForwardingServerCallListener.onHalfClose(ForwardingServerCallListener.java:23)\n\tat io.grpc.ForwardingServerCallListener$SimpleForwardingServerCallListener.onHalfClose(ForwardingServerCallListener.java:40)\n\tat io.grpc.Contexts$ContextualizedServerCallListener.onHalfClose(Contexts.java:86)\n\tat io.grpc.PartialForwardingServerCallListener.onHalfClose(PartialForwardingServerCallListener.java:35)\n\tat io.grpc.ForwardingServerCallListener.onHalfClose(ForwardingServerCallListener.java:23)\n\tat io.grpc.ForwardingServerCallListener$SimpleForwardingServerCallListener.onHalfClose(ForwardingServerCallListener.java:40)\n\tat io.grpc.Contexts$ContextualizedServerCallListener.onHalfClose(Contexts.java:86)\n\tat io.grpc.internal.ServerCallImpl$ServerStreamListenerImpl.halfClosed(ServerCallImpl.java:356)\n\tat io.grpc.internal.ServerImpl$JumpToApplicationThreadServerStreamListener$1HalfClosed.runInContext(ServerImpl.java:861)\n\tat io.grpc.internal.ContextRunnable.run(ContextRunnable.java:37)\n\tat io.grpc.internal.SerializingExecutor.run(SerializingExecutor.java:133)\n\tat java.base/java.util.concurrent.ThreadPoolExecutor.runWorker(ThreadPoolExecutor.java:1144)\n\tat java.base/java.util.concurrent.ThreadPoolExecutor$Worker.run(ThreadPoolExecutor.java:642)\n\tat java.base/java.lang.Thread.run(Thread.java:1583)\n\n"}}
[debug] [2026-08-30T04:13:18.965Z] Aug 29, 2026 9:13:18 PM io.gapi.emulators.netty.HttpHandler$1 onError
INFO: Exception when handling request: PERMISSION_DENIED: 
false for 'create' @ L55, false for 'update' @ L55
 {"metadata":{"emulator":{"name":"firestore"},"message":"Aug 29, 2026 9:13:18 PM io.gapi.emulators.netty.HttpHandler$1 onError\nINFO: Exception when handling request: PERMISSION_DENIED: \nfalse for 'create' @ L55, false for 'update' @ L55\n"}}
[debug] [2026-08-30T04:13:18.969Z] Aug 29, 2026 9:13:18 PM com.google.cloud.datastore.emulator.impl.util.WrappedStreamObserver onError
WARNING: Operation failed: 
evaluation error at L46:9 for 'create' @ L46, false for 'create' @ L46
com.google.cloud.datastore.core.exception.DatastoreException: 
evaluation error at L46:9 for 'create' @ L46, false for 'create' @ L46
	at com.google.cloud.datastore.core.exception.DatastoreException$Builder.build(DatastoreException.java:121)
	at com.google.cloud.datastore.emulator.impl.rules.DefaultEmulatorRulesAuthorizer.verboseError(DefaultEmulatorRulesAuthorizer.java:318)
	at com.google.cloud.datastore.emulator.impl.rules.DefaultEmulatorRulesAuthorizer.withVerboseErrors(DefaultEmulatorRulesAuthorizer.java:295)
	at com.google.cloud.datastore.emulator.impl.rules.DefaultEmulatorRulesAuthorizer.checkCommit(DefaultEmulatorRulesAuthorizer.java:114)
	at com.google.cloud.datastore.emulator.impl.firestore.FirestoreEmulatorHelper.commitHelper(FirestoreEmulatorHelper.java:360)
	at com.google.cloud.datastore.emulator.impl.firestore.FirestoreEmulatorHelper.internalCommit(FirestoreEmulatorHelper.java:314)
	at com.google.cloud.datastore.emulator.impl.firestore.CloudFirestoreV1.internalCommit(CloudFirestoreV1.java:1077)
	at com.google.cloud.datastore.emulator.impl.firestore.CloudFirestoreV1.updateDocument(CloudFirestoreV1.java:458)
	at com.google.cloud.datastore.emulator.impl.firestore.CloudFirestoreV1Router.updateDocument(CloudFirestoreV1Router.java:149)
	at com.google.cloud.datastore.emulator.firestore.v1.FirestoreV1GrpcAdapter$1.lambda$updateDocument$4(FirestoreV1GrpcAdapter.java:132)
	at com.google.cloud.datastore.emulator.firestore.v1.FirestoreV1GrpcAdapter.unary(FirestoreV1GrpcAdapter.java:72)
	at com.google.cloud.datastore.emulator.firestore.v1.FirestoreV1GrpcAdapter$1.updateDocument(FirestoreV1GrpcAdapter.java:132)
	at com.google.firestore.v1.FirestoreGrpc$MethodHandlers.invoke(FirestoreGrpc.java:1218)
	at io.grpc.stub.ServerCalls$UnaryServerCallHandler$UnaryServerCallListener.onHalfClose(ServerCalls.java:182)
	at io.grpc.PartialForwardingServerCallListener.onHalfClose(PartialForwardingServerCallListener.java:35)
	at io.grpc.ForwardingServerCallListener.onHalfClose(ForwardingServerCallListener.java:23)
	at io.grpc.ForwardingServerCallListener$SimpleForwardingServerCallListener.onHalfClose(ForwardingServerCallListener.java:40)
	at io.grpc.Contexts$ContextualizedServerCallListener.onHalfClose(Contexts.java:86)
	at io.grpc.PartialForwardingServerCallListener.onHalfClose(PartialForwardingServerCallListener.java:35)
	at io.grpc.ForwardingServerCallListener.onHalfClose(ForwardingServerCallListener.java:23)
	at io.grpc.ForwardingServerCallListener$SimpleForwardingServerCallListener.onHalfClose(ForwardingServerCallListener.java:40)
	at io.grpc.Contexts$ContextualizedServerCallListener.onHalfClose(Contexts.java:86)
	at io.grpc.internal.ServerCallImpl$ServerStreamListenerImpl.halfClosed(ServerCallImpl.java:356)
	at io.grpc.internal.ServerImpl$JumpToApplicationThreadServerStreamListener$1HalfClosed.runInContext(ServerImpl.java:861)
	at io.grpc.internal.ContextRunnable.run(ContextRunnable.java:37)
	at io.grpc.internal.SerializingExecutor.run(SerializingExecutor.java:133)
	at java.base/java.util.concurrent.ThreadPoolExecutor.runWorker(ThreadPoolExecutor.java:1144)
	at java.base/java.util.concurrent.ThreadPoolExecutor$Worker.run(ThreadPoolExecutor.java:642)
	at java.base/java.lang.Thread.run(Thread.java:1583)

 {"metadata":{"emulator":{"name":"firestore"},"message":"Aug 29, 2026 9:13:18 PM com.google.cloud.datastore.emulator.impl.util.WrappedStreamObserver onError\nWARNING: Operation failed: \nevaluation error at L46:9 for 'create' @ L46, false for 'create' @ L46\ncom.google.cloud.datastore.core.exception.DatastoreException: \nevaluation error at L46:9 for 'create' @ L46, false for 'create' @ L46\n\tat com.google.cloud.datastore.core.exception.DatastoreException$Builder.build(DatastoreException.java:121)\n\tat com.google.cloud.datastore.emulator.impl.rules.DefaultEmulatorRulesAuthorizer.verboseError(DefaultEmulatorRulesAuthorizer.java:318)\n\tat com.google.cloud.datastore.emulator.impl.rules.DefaultEmulatorRulesAuthorizer.withVerboseErrors(DefaultEmulatorRulesAuthorizer.java:295)\n\tat com.google.cloud.datastore.emulator.impl.rules.DefaultEmulatorRulesAuthorizer.checkCommit(DefaultEmulatorRulesAuthorizer.java:114)\n\tat com.google.cloud.datastore.emulator.impl.firestore.FirestoreEmulatorHelper.commitHelper(FirestoreEmulatorHelper.java:360)\n\tat com.google.cloud.datastore.emulator.impl.firestore.FirestoreEmulatorHelper.internalCommit(FirestoreEmulatorHelper.java:314)\n\tat com.google.cloud.datastore.emulator.impl.firestore.CloudFirestoreV1.internalCommit(CloudFirestoreV1.java:1077)\n\tat com.google.cloud.datastore.emulator.impl.firestore.CloudFirestoreV1.updateDocument(CloudFirestoreV1.java:458)\n\tat com.google.cloud.datastore.emulator.impl.firestore.CloudFirestoreV1Router.updateDocument(CloudFirestoreV1Router.java:149)\n\tat com.google.cloud.datastore.emulator.firestore.v1.FirestoreV1GrpcAdapter$1.lambda$updateDocument$4(FirestoreV1GrpcAdapter.java:132)\n\tat com.google.cloud.datastore.emulator.firestore.v1.FirestoreV1GrpcAdapter.unary(FirestoreV1GrpcAdapter.java:72)\n\tat com.google.cloud.datastore.emulator.firestore.v1.FirestoreV1GrpcAdapter$1.updateDocument(FirestoreV1GrpcAdapter.java:132)\n\tat com.google.firestore.v1.FirestoreGrpc$MethodHandlers.invoke(FirestoreGrpc.java:1218)\n\tat io.grpc.stub.ServerCalls$UnaryServerCallHandler$UnaryServerCallListener.onHalfClose(ServerCalls.java:182)\n\tat io.grpc.PartialForwardingServerCallListener.onHalfClose(PartialForwardingServerCallListener.java:35)\n\tat io.grpc.ForwardingServerCallListener.onHalfClose(ForwardingServerCallListener.java:23)\n\tat io.grpc.ForwardingServerCallListener$SimpleForwardingServerCallListener.onHalfClose(ForwardingServerCallListener.java:40)\n\tat io.grpc.Contexts$ContextualizedServerCallListener.onHalfClose(Contexts.java:86)\n\tat io.grpc.PartialForwardingServerCallListener.onHalfClose(PartialForwardingServerCallListener.java:35)\n\tat io.grpc.ForwardingServerCallListener.onHalfClose(ForwardingServerCallListener.java:23)\n\tat io.grpc.ForwardingServerCallListener$SimpleForwardingServerCallListener.onHalfClose(ForwardingServerCallListener.java:40)\n\tat io.grpc.Contexts$ContextualizedServerCallListener.onHalfClose(Contexts.java:86)\n\tat io.grpc.internal.ServerCallImpl$ServerStreamListenerImpl.halfClosed(ServerCallImpl.java:356)\n\tat io.grpc.internal.ServerImpl$JumpToApplicationThreadServerStreamListener$1HalfClosed.runInContext(ServerImpl.java:861)\n\tat io.grpc.internal.ContextRunnable.run(ContextRunnable.java:37)\n\tat io.grpc.internal.SerializingExecutor.run(SerializingExecutor.java:133)\n\tat java.base/java.util.concurrent.ThreadPoolExecutor.runWorker(ThreadPoolExecutor.java:1144)\n\tat java.base/java.util.concurrent.ThreadPoolExecutor$Worker.run(ThreadPoolExecutor.java:642)\n\tat java.base/java.lang.Thread.run(Thread.java:1583)\n\n"}}
[debug] [2026-08-30T04:13:18.969Z] Aug 29, 2026 9:13:18 PM io.gapi.emulators.netty.HttpHandler$1 onError
INFO: Exception when handling request: PERMISSION_DENIED: 
evaluation error at L46:9 for 'create' @ L46, false for 'create' @ L46
 {"metadata":{"emulator":{"name":"firestore"},"message":"Aug 29, 2026 9:13:18 PM io.gapi.emulators.netty.HttpHandler$1 onError\nINFO: Exception when handling request: PERMISSION_DENIED: \nevaluation error at L46:9 for 'create' @ L46, false for 'create' @ L46\n"}}
[debug] [2026-08-30T04:13:18.973Z] Aug 29, 2026 9:13:18 PM com.google.cloud.datastore.emulator.impl.util.WrappedStreamObserver onError
WARNING: Operation failed: 
false for 'create' @ L16, false for 'update' @ L16
com.google.cloud.datastore.core.exception.DatastoreException: 
false for 'create' @ L16, false for 'update' @ L16
	at com.google.cloud.datastore.core.exception.DatastoreException$Builder.build(DatastoreException.java:121)
	at com.google.cloud.datastore.emulator.impl.rules.DefaultEmulatorRulesAuthorizer.verboseError(DefaultEmulatorRulesAuthorizer.java:318)
	at com.google.cloud.datastore.emulator.impl.rules.DefaultEmulatorRulesAuthorizer.withVerboseErrors(DefaultEmulatorRulesAuthorizer.java:295)
	at com.google.cloud.datastore.emulator.impl.rules.DefaultEmulatorRulesAuthorizer.checkCommit(DefaultEmulatorRulesAuthorizer.java:114)
	at com.google.cloud.datastore.emulator.impl.firestore.FirestoreEmulatorHelper.commitHelper(FirestoreEmulatorHelper.java:360)
	at com.google.cloud.datastore.emulator.impl.firestore.FirestoreEmulatorHelper.internalCommit(FirestoreEmulatorHelper.java:314)
	at com.google.cloud.datastore.emulator.impl.firestore.CloudFirestoreV1.internalCommit(CloudFirestoreV1.java:1077)
	at com.google.cloud.datastore.emulator.impl.firestore.CloudFirestoreV1.updateDocument(CloudFirestoreV1.java:458)
	at com.google.cloud.datastore.emulator.impl.firestore.CloudFirestoreV1Router.updateDocument(CloudFirestoreV1Router.java:149)
	at com.google.cloud.datastore.emulator.firestore.v1.FirestoreV1GrpcAdapter$1.lambda$updateDocument$4(FirestoreV1GrpcAdapter.java:132)
	at com.google.cloud.datastore.emulator.firestore.v1.FirestoreV1GrpcAdapter.unary(FirestoreV1GrpcAdapter.java:72)
	at com.google.cloud.datastore.emulator.firestore.v1.FirestoreV1GrpcAdapter$1.updateDocument(FirestoreV1GrpcAdapter.java:132)
	at com.google.firestore.v1.FirestoreGrpc$MethodHandlers.invoke(FirestoreGrpc.java:1218)
	at io.grpc.stub.ServerCalls$UnaryServerCallHandler$UnaryServerCallListener.onHalfClose(ServerCalls.java:182)
	at io.grpc.PartialForwardingServerCallListener.onHalfClose(PartialForwardingServerCallListener.java:35)
	at io.grpc.ForwardingServerCallListener.onHalfClose(ForwardingServerCallListener.java:23)
	at io.grpc.ForwardingServerCallListener$SimpleForwardingServerCallListener.onHalfClose(ForwardingServerCallListener.java:40)
	at io.grpc.Contexts$ContextualizedServerCallListener.onHalfClose(Contexts.java:86)
	at io.grpc.PartialForwardingServerCallListener.onHalfClose(PartialForwardingServerCallListener.java:35)
	at io.grpc.ForwardingServerCallListener.onHalfClose(ForwardingServerCallListener.java:23)
	at io.grpc.ForwardingServerCallListener$SimpleForwardingServerCallListener.onHalfClose(ForwardingServerCallListener.java:40)
	at io.grpc.Contexts$ContextualizedServerCallListener.onHalfClose(Contexts.java:86)
	at io.grpc.internal.ServerCallImpl$ServerStreamListenerImpl.halfClosed(ServerCallImpl.java:356)
	at io.grpc.internal.ServerImpl$JumpToApplicationThreadServerStreamListener$1HalfClosed.runInContext(ServerImpl.java:861)
	at io.grpc.internal.ContextRunnable.run(ContextRunnable.java:37)
	at io.grpc.internal.SerializingExecutor.run(SerializingExecutor.java:133)
	at java.base/java.util.concurrent.ThreadPoolExecutor.runWorker(ThreadPoolExecutor.java:1144)
	at java.base/java.util.concurrent.ThreadPoolExecutor$Worker.run(ThreadPoolExecutor.java:642)
	at java.base/java.lang.Thread.run(Thread.java:1583)

 {"metadata":{"emulator":{"name":"firestore"},"message":"Aug 29, 2026 9:13:18 PM com.google.cloud.datastore.emulator.impl.util.WrappedStreamObserver onError\nWARNING: Operation failed: \nfalse for 'create' @ L16, false for 'update' @ L16\ncom.google.cloud.datastore.core.exception.DatastoreException: \nfalse for 'create' @ L16, false for 'update' @ L16\n\tat com.google.cloud.datastore.core.exception.DatastoreException$Builder.build(DatastoreException.java:121)\n\tat com.google.cloud.datastore.emulator.impl.rules.DefaultEmulatorRulesAuthorizer.verboseError(DefaultEmulatorRulesAuthorizer.java:318)\n\tat com.google.cloud.datastore.emulator.impl.rules.DefaultEmulatorRulesAuthorizer.withVerboseErrors(DefaultEmulatorRulesAuthorizer.java:295)\n\tat com.google.cloud.datastore.emulator.impl.rules.DefaultEmulatorRulesAuthorizer.checkCommit(DefaultEmulatorRulesAuthorizer.java:114)\n\tat com.google.cloud.datastore.emulator.impl.firestore.FirestoreEmulatorHelper.commitHelper(FirestoreEmulatorHelper.java:360)\n\tat com.google.cloud.datastore.emulator.impl.firestore.FirestoreEmulatorHelper.internalCommit(FirestoreEmulatorHelper.java:314)\n\tat com.google.cloud.datastore.emulator.impl.firestore.CloudFirestoreV1.internalCommit(CloudFirestoreV1.java:1077)\n\tat com.google.cloud.datastore.emulator.impl.firestore.CloudFirestoreV1.updateDocument(CloudFirestoreV1.java:458)\n\tat com.google.cloud.datastore.emulator.impl.firestore.CloudFirestoreV1Router.updateDocument(CloudFirestoreV1Router.java:149)\n\tat com.google.cloud.datastore.emulator.firestore.v1.FirestoreV1GrpcAdapter$1.lambda$updateDocument$4(FirestoreV1GrpcAdapter.java:132)\n\tat com.google.cloud.datastore.emulator.firestore.v1.FirestoreV1GrpcAdapter.unary(FirestoreV1GrpcAdapter.java:72)\n\tat com.google.cloud.datastore.emulator.firestore.v1.FirestoreV1GrpcAdapter$1.updateDocument(FirestoreV1GrpcAdapter.java:132)\n\tat com.google.firestore.v1.FirestoreGrpc$MethodHandlers.invoke(FirestoreGrpc.java:1218)\n\tat io.grpc.stub.ServerCalls$UnaryServerCallHandler$UnaryServerCallListener.onHalfClose(ServerCalls.java:182)\n\tat io.grpc.PartialForwardingServerCallListener.onHalfClose(PartialForwardingServerCallListener.java:35)\n\tat io.grpc.ForwardingServerCallListener.onHalfClose(ForwardingServerCallListener.java:23)\n\tat io.grpc.ForwardingServerCallListener$SimpleForwardingServerCallListener.onHalfClose(ForwardingServerCallListener.java:40)\n\tat io.grpc.Contexts$ContextualizedServerCallListener.onHalfClose(Contexts.java:86)\n\tat io.grpc.PartialForwardingServerCallListener.onHalfClose(PartialForwardingServerCallListener.java:35)\n\tat io.grpc.ForwardingServerCallListener.onHalfClose(ForwardingServerCallListener.java:23)\n\tat io.grpc.ForwardingServerCallListener$SimpleForwardingServerCallListener.onHalfClose(ForwardingServerCallListener.java:40)\n\tat io.grpc.Contexts$ContextualizedServerCallListener.onHalfClose(Contexts.java:86)\n\tat io.grpc.internal.ServerCallImpl$ServerStreamListenerImpl.halfClosed(ServerCallImpl.java:356)\n\tat io.grpc.internal.ServerImpl$JumpToApplicationThreadServerStreamListener$1HalfClosed.runInContext(ServerImpl.java:861)\n\tat io.grpc.internal.ContextRunnable.run(ContextRunnable.java:37)\n\tat io.grpc.internal.SerializingExecutor.run(SerializingExecutor.java:133)\n\tat java.base/java.util.concurrent.ThreadPoolExecutor.runWorker(ThreadPoolExecutor.java:1144)\n\tat java.base/java.util.concurrent.ThreadPoolExecutor$Worker.run(ThreadPoolExecutor.java:642)\n\tat java.base/java.lang.Thread.run(Thread.java:1583)\n\n"}}
[debug] [2026-08-30T04:13:18.973Z] Aug 29, 2026 9:13:18 PM io.gapi.emulators.netty.HttpHandler$1 onError
INFO: Exception when handling request: PERMISSION_DENIED: 
false for 'create' @ L16, false for 'update' @ L16
 {"metadata":{"emulator":{"name":"firestore"},"message":"Aug 29, 2026 9:13:18 PM io.gapi.emulators.netty.HttpHandler$1 onError\nINFO: Exception when handling request: PERMISSION_DENIED: \nfalse for 'create' @ L16, false for 'update' @ L16\n"}}
[debug] [2026-08-30T04:13:18.977Z] Aug 29, 2026 9:13:18 PM com.google.cloud.datastore.emulator.impl.util.WrappedStreamObserver onError
WARNING: Operation failed: entity already exists: EntityRef{partitionRef=dev~demo-cadence, path=/handles/jopark}
com.google.cloud.datastore.core.exception.DatastoreException: entity already exists: EntityRef{partitionRef=dev~demo-cadence, path=/handles/jopark}
	at com.google.cloud.datastore.core.exception.DatastoreException.withProblem(DatastoreException.java:207)
	at com.google.cloud.datastore.emulator.impl.util.FirestoreEmulatorConverters.alreadyExists(FirestoreEmulatorConverters.java:725)
	at com.google.cloud.datastore.emulator.impl.util.FirestoreEmulatorConverters.checkMutation(FirestoreEmulatorConverters.java:211)
	at com.google.cloud.datastore.emulator.impl.firestore.FirestoreEmulatorHelper.commitHelper(FirestoreEmulatorHelper.java:365)
	at com.google.cloud.datastore.emulator.impl.firestore.FirestoreEmulatorHelper.internalCommit(FirestoreEmulatorHelper.java:314)
	at com.google.cloud.datastore.emulator.impl.firestore.CloudFirestoreV1.internalCommit(CloudFirestoreV1.java:1077)
	at com.google.cloud.datastore.emulator.impl.firestore.CloudFirestoreV1.updateDocument(CloudFirestoreV1.java:458)
	at com.google.cloud.datastore.emulator.impl.firestore.CloudFirestoreV1Router.updateDocument(CloudFirestoreV1Router.java:149)
	at com.google.cloud.datastore.emulator.firestore.v1.FirestoreV1GrpcAdapter$1.lambda$updateDocument$4(FirestoreV1GrpcAdapter.java:132)
	at com.google.cloud.datastore.emulator.firestore.v1.FirestoreV1GrpcAdapter.unary(FirestoreV1GrpcAdapter.java:72)
	at com.google.cloud.datastore.emulator.firestore.v1.FirestoreV1GrpcAdapter$1.updateDocument(FirestoreV1GrpcAdapter.java:132)
	at com.google.firestore.v1.FirestoreGrpc$MethodHandlers.invoke(FirestoreGrpc.java:1218)
	at io.grpc.stub.ServerCalls$UnaryServerCallHandler$UnaryServerCallListener.onHalfClose(ServerCalls.java:182)
	at io.grpc.PartialForwardingServerCallListener.onHalfClose(PartialForwardingServerCallListener.java:35)
	at io.grpc.ForwardingServerCallListener.onHalfClose(ForwardingServerCallListener.java:23)
	at io.grpc.ForwardingServerCallListener$SimpleForwardingServerCallListener.onHalfClose(ForwardingServerCallListener.java:40)
	at io.grpc.Contexts$ContextualizedServerCallListener.onHalfClose(Contexts.java:86)
	at io.grpc.PartialForwardingServerCallListener.onHalfClose(PartialForwardingServerCallListener.java:35)
	at io.grpc.ForwardingServerCallListener.onHalfClose(ForwardingServerCallListener.java:23)
	at io.grpc.ForwardingServerCallListener$SimpleForwardingServerCallListener.onHalfClose(ForwardingServerCallListener.java:40)
	at io.grpc.Contexts$ContextualizedServerCallListener.onHalfClose(Contexts.java:86)
	at io.grpc.internal.ServerCallImpl$ServerStreamListenerImpl.halfClosed(ServerCallImpl.java:356)
	at io.grpc.internal.ServerImpl$JumpToApplicationThreadServerStreamListener$1HalfClosed.runInContext(ServerImpl.java:861)
	at io.grpc.internal.ContextRunnable.run(ContextRunnable.java:37)
	at io.grpc.internal.SerializingExecutor.run(SerializingExecutor.java:133)
	at java.base/java.util.concurrent.ThreadPoolExecutor.runWorker(ThreadPoolExecutor.java:1144)
	at java.base/java.util.concurrent.ThreadPoolExecutor$Worker.run(ThreadPoolExecutor.java:642)
	at java.base/java.lang.Thread.run(Thread.java:1583)

 {"metadata":{"emulator":{"name":"firestore"},"message":"Aug 29, 2026 9:13:18 PM com.google.cloud.datastore.emulator.impl.util.WrappedStreamObserver onError\nWARNING: Operation failed: entity already exists: EntityRef{partitionRef=dev~demo-cadence, path=/handles/jopark}\ncom.google.cloud.datastore.core.exception.DatastoreException: entity already exists: EntityRef{partitionRef=dev~demo-cadence, path=/handles/jopark}\n\tat com.google.cloud.datastore.core.exception.DatastoreException.withProblem(DatastoreException.java:207)\n\tat com.google.cloud.datastore.emulator.impl.util.FirestoreEmulatorConverters.alreadyExists(FirestoreEmulatorConverters.java:725)\n\tat com.google.cloud.datastore.emulator.impl.util.FirestoreEmulatorConverters.checkMutation(FirestoreEmulatorConverters.java:211)\n\tat com.google.cloud.datastore.emulator.impl.firestore.FirestoreEmulatorHelper.commitHelper(FirestoreEmulatorHelper.java:365)\n\tat com.google.cloud.datastore.emulator.impl.firestore.FirestoreEmulatorHelper.internalCommit(FirestoreEmulatorHelper.java:314)\n\tat com.google.cloud.datastore.emulator.impl.firestore.CloudFirestoreV1.internalCommit(CloudFirestoreV1.java:1077)\n\tat com.google.cloud.datastore.emulator.impl.firestore.CloudFirestoreV1.updateDocument(CloudFirestoreV1.java:458)\n\tat com.google.cloud.datastore.emulator.impl.firestore.CloudFirestoreV1Router.updateDocument(CloudFirestoreV1Router.java:149)\n\tat com.google.cloud.datastore.emulator.firestore.v1.FirestoreV1GrpcAdapter$1.lambda$updateDocument$4(FirestoreV1GrpcAdapter.java:132)\n\tat com.google.cloud.datastore.emulator.firestore.v1.FirestoreV1GrpcAdapter.unary(FirestoreV1GrpcAdapter.java:72)\n\tat com.google.cloud.datastore.emulator.firestore.v1.FirestoreV1GrpcAdapter$1.updateDocument(FirestoreV1GrpcAdapter.java:132)\n\tat com.google.firestore.v1.FirestoreGrpc$MethodHandlers.invoke(FirestoreGrpc.java:1218)\n\tat io.grpc.stub.ServerCalls$UnaryServerCallHandler$UnaryServerCallListener.onHalfClose(ServerCalls.java:182)\n\tat io.grpc.PartialForwardingServerCallListener.onHalfClose(PartialForwardingServerCallListener.java:35)\n\tat io.grpc.ForwardingServerCallListener.onHalfClose(ForwardingServerCallListener.java:23)\n\tat io.grpc.ForwardingServerCallListener$SimpleForwardingServerCallListener.onHalfClose(ForwardingServerCallListener.java:40)\n\tat io.grpc.Contexts$ContextualizedServerCallListener.onHalfClose(Contexts.java:86)\n\tat io.grpc.PartialForwardingServerCallListener.onHalfClose(PartialForwardingServerCallListener.java:35)\n\tat io.grpc.ForwardingServerCallListener.onHalfClose(ForwardingServerCallListener.java:23)\n\tat io.grpc.ForwardingServerCallListener$SimpleForwardingServerCallListener.onHalfClose(ForwardingServerCallListener.java:40)\n\tat io.grpc.Contexts$ContextualizedServerCallListener.onHalfClose(Contexts.java:86)\n\tat io.grpc.internal.ServerCallImpl$ServerStreamListenerImpl.halfClosed(ServerCallImpl.java:356)\n\tat io.grpc.internal.ServerImpl$JumpToApplicationThreadServerStreamListener$1HalfClosed.runInContext(ServerImpl.java:861)\n\tat io.grpc.internal.ContextRunnable.run(ContextRunnable.java:37)\n\tat io.grpc.internal.SerializingExecutor.run(SerializingExecutor.java:133)\n\tat java.base/java.util.concurrent.ThreadPoolExecutor.runWorker(ThreadPoolExecutor.java:1144)\n\tat java.base/java.util.concurrent.ThreadPoolExecutor$Worker.run(ThreadPoolExecutor.java:642)\n\tat java.base/java.lang.Thread.run(Thread.java:1583)\n\n"}}
[debug] [2026-08-30T04:13:18.977Z] Aug 29, 2026 9:13:18 PM io.gapi.emulators.netty.HttpHandler$1 onError
INFO: Exception when handling request: ALREADY_EXISTS: entity already exists: EntityRef{partitionRef=dev~demo-cadence, path=/handles/jopark}
 {"metadata":{"emulator":{"name":"firestore"},"message":"Aug 29, 2026 9:13:18 PM io.gapi.emulators.netty.HttpHandler$1 onError\nINFO: Exception when handling request: ALREADY_EXISTS: entity already exists: EntityRef{partitionRef=dev~demo-cadence, path=/handles/jopark}\n"}}
[debug] [2026-08-30T04:13:18.991Z] Aug 29, 2026 9:13:18 PM com.google.cloud.datastore.emulator.impl.util.WrappedStreamObserver onError
WARNING: Operation failed: Document (projects/demo-cadence/databases/(default)/documents/handles/rileychen) not found.
com.google.cloud.datastore.core.exception.DatastoreException: Document (projects/demo-cadence/databases/(default)/documents/handles/rileychen) not found.
	at com.google.cloud.datastore.emulator.impl.firestore.CloudFirestoreV1.getDocument(CloudFirestoreV1.java:335)
	at com.google.cloud.datastore.emulator.impl.firestore.CloudFirestoreV1Router.getDocument(CloudFirestoreV1Router.java:129)
	at com.google.cloud.datastore.emulator.impl.firestore.CloudFirestoreV1Router.getOrListDocuments(CloudFirestoreV1Router.java:123)
	at com.google.cloud.datastore.emulator.firestore.v1.FirestoreV1GrpcAdapter$1.lambda$getOrListDocuments$0(FirestoreV1GrpcAdapter.java:108)
	at com.google.cloud.datastore.emulator.firestore.v1.FirestoreV1GrpcAdapter.unary(FirestoreV1GrpcAdapter.java:72)
	at com.google.cloud.datastore.emulator.firestore.v1.FirestoreV1GrpcAdapter$1.getOrListDocuments(FirestoreV1GrpcAdapter.java:108)
	at com.google.firestore.v1.FirestoreGrpc$MethodHandlers.invoke(FirestoreGrpc.java:1206)
	at io.grpc.stub.ServerCalls$UnaryServerCallHandler$UnaryServerCallListener.onHalfClose(ServerCalls.java:182)
	at io.grpc.PartialForwardingServerCallListener.onHalfClose(PartialForwardingServerCallListener.java:35)
	at io.grpc.ForwardingServerCallListener.onHalfClose(ForwardingServerCallListener.java:23)
	at io.grpc.ForwardingServerCallListener$SimpleForwardingServerCallListener.onHalfClose(ForwardingServerCallListener.java:40)
	at io.grpc.Contexts$ContextualizedServerCallListener.onHalfClose(Contexts.java:86)
	at io.grpc.PartialForwardingServerCallListener.onHalfClose(PartialForwardingServerCallListener.java:35)
	at io.grpc.ForwardingServerCallListener.onHalfClose(ForwardingServerCallListener.java:23)
	at io.grpc.ForwardingServerCallListener$SimpleForwardingServerCallListener.onHalfClose(ForwardingServerCallListener.java:40)
	at io.grpc.Contexts$ContextualizedServerCallListener.onHalfClose(Contexts.java:86)
	at io.grpc.internal.ServerCallImpl$ServerStreamListenerImpl.halfClosed(ServerCallImpl.java:356)
	at io.grpc.internal.ServerImpl$JumpToApplicationThreadServerStreamListener$1HalfClosed.runInContext(ServerImpl.java:861)
	at io.grpc.internal.ContextRunnable.run(ContextRunnable.java:37)
	at io.grpc.internal.SerializingExecutor.run(SerializingExecutor.java:133)
	at java.base/java.util.concurrent.ThreadPoolExecutor.runWorker(ThreadPoolExecutor.java:1144)
	at java.base/java.util.concurrent.ThreadPoolExecutor$Worker.run(ThreadPoolExecutor.java:642)
	at java.base/java.lang.Thread.run(Thread.java:1583)

 {"metadata":{"emulator":{"name":"firestore"},"message":"Aug 29, 2026 9:13:18 PM com.google.cloud.datastore.emulator.impl.util.WrappedStreamObserver onError\nWARNING: Operation failed: Document (projects/demo-cadence/databases/(default)/documents/handles/rileychen) not found.\ncom.google.cloud.datastore.core.exception.DatastoreException: Document (projects/demo-cadence/databases/(default)/documents/handles/rileychen) not found.\n\tat com.google.cloud.datastore.emulator.impl.firestore.CloudFirestoreV1.getDocument(CloudFirestoreV1.java:335)\n\tat com.google.cloud.datastore.emulator.impl.firestore.CloudFirestoreV1Router.getDocument(CloudFirestoreV1Router.java:129)\n\tat com.google.cloud.datastore.emulator.impl.firestore.CloudFirestoreV1Router.getOrListDocuments(CloudFirestoreV1Router.java:123)\n\tat com.google.cloud.datastore.emulator.firestore.v1.FirestoreV1GrpcAdapter$1.lambda$getOrListDocuments$0(FirestoreV1GrpcAdapter.java:108)\n\tat com.google.cloud.datastore.emulator.firestore.v1.FirestoreV1GrpcAdapter.unary(FirestoreV1GrpcAdapter.java:72)\n\tat com.google.cloud.datastore.emulator.firestore.v1.FirestoreV1GrpcAdapter$1.getOrListDocuments(FirestoreV1GrpcAdapter.java:108)\n\tat com.google.firestore.v1.FirestoreGrpc$MethodHandlers.invoke(FirestoreGrpc.java:1206)\n\tat io.grpc.stub.ServerCalls$UnaryServerCallHandler$UnaryServerCallListener.onHalfClose(ServerCalls.java:182)\n\tat io.grpc.PartialForwardingServerCallListener.onHalfClose(PartialForwardingServerCallListener.java:35)\n\tat io.grpc.ForwardingServerCallListener.onHalfClose(ForwardingServerCallListener.java:23)\n\tat io.grpc.ForwardingServerCallListener$SimpleForwardingServerCallListener.onHalfClose(ForwardingServerCallListener.java:40)\n\tat io.grpc.Contexts$ContextualizedServerCallListener.onHalfClose(Contexts.java:86)\n\tat io.grpc.PartialForwardingServerCallListener.onHalfClose(PartialForwardingServerCallListener.java:35)\n\tat io.grpc.ForwardingServerCallListener.onHalfClose(ForwardingServerCallListener.java:23)\n\tat io.grpc.ForwardingServerCallListener$SimpleForwardingServerCallListener.onHalfClose(ForwardingServerCallListener.java:40)\n\tat io.grpc.Contexts$ContextualizedServerCallListener.onHalfClose(Contexts.java:86)\n\tat io.grpc.internal.ServerCallImpl$ServerStreamListenerImpl.halfClosed(ServerCallImpl.java:356)\n\tat io.grpc.internal.ServerImpl$JumpToApplicationThreadServerStreamListener$1HalfClosed.runInContext(ServerImpl.java:861)\n\tat io.grpc.internal.ContextRunnable.run(ContextRunnable.java:37)\n\tat io.grpc.internal.SerializingExecutor.run(SerializingExecutor.java:133)\n\tat java.base/java.util.concurrent.ThreadPoolExecutor.runWorker(ThreadPoolExecutor.java:1144)\n\tat java.base/java.util.concurrent.ThreadPoolExecutor$Worker.run(ThreadPoolExecutor.java:642)\n\tat java.base/java.lang.Thread.run(Thread.java:1583)\n\n"}}
[debug] [2026-08-30T04:13:18.991Z] Aug 29, 2026 9:13:18 PM io.gapi.emulators.netty.HttpHandler$1 onError
INFO: Exception when handling request: NOT_FOUND: Document (projects/demo-cadence/databases/(default)/documents/handles/rileychen) not found.
 {"metadata":{"emulator":{"name":"firestore"},"message":"Aug 29, 2026 9:13:18 PM io.gapi.emulators.netty.HttpHandler$1 onError\nINFO: Exception when handling request: NOT_FOUND: Document (projects/demo-cadence/databases/(default)/documents/handles/rileychen) not found.\n"}}
[debug] [2026-08-30T04:13:19.076Z] Aug 29, 2026 9:13:19 PM com.google.cloud.datastore.emulator.impl.util.WrappedStreamObserver onError
WARNING: Operation failed: Document (projects/demo-cadence/databases/(default)/documents/friends/s6uCvy42CJ200tgvs3mHcOpD7sYN/list/HTHOlYDfwPedTWyqqMhSviMKcemF) not found.
com.google.cloud.datastore.core.exception.DatastoreException: Document (projects/demo-cadence/databases/(default)/documents/friends/s6uCvy42CJ200tgvs3mHcOpD7sYN/list/HTHOlYDfwPedTWyqqMhSviMKcemF) not found.
	at com.google.cloud.datastore.emulator.impl.firestore.CloudFirestoreV1.getDocument(CloudFirestoreV1.java:335)
	at com.google.cloud.datastore.emulator.impl.firestore.CloudFirestoreV1Router.getDocument(CloudFirestoreV1Router.java:129)
	at com.google.cloud.datastore.emulator.impl.firestore.CloudFirestoreV1Router.getOrListDocuments(CloudFirestoreV1Router.java:123)
	at com.google.cloud.datastore.emulator.firestore.v1.FirestoreV1GrpcAdapter$1.lambda$getOrListDocuments$0(FirestoreV1GrpcAdapter.java:108)
	at com.google.cloud.datastore.emulator.firestore.v1.FirestoreV1GrpcAdapter.unary(FirestoreV1GrpcAdapter.java:72)
	at com.google.cloud.datastore.emulator.firestore.v1.FirestoreV1GrpcAdapter$1.getOrListDocuments(FirestoreV1GrpcAdapter.java:108)
	at com.google.firestore.v1.FirestoreGrpc$MethodHandlers.invoke(FirestoreGrpc.java:1206)
	at io.grpc.stub.ServerCalls$UnaryServerCallHandler$UnaryServerCallListener.onHalfClose(ServerCalls.java:182)
	at io.grpc.PartialForwardingServerCallListener.onHalfClose(PartialForwardingServerCallListener.java:35)
	at io.grpc.ForwardingServerCallListener.onHalfClose(ForwardingServerCallListener.java:23)
	at io.grpc.ForwardingServerCallListener$SimpleForwardingServerCallListener.onHalfClose(ForwardingServerCallListener.java:40)
	at io.grpc.Contexts$ContextualizedServerCallListener.onHalfClose(Contexts.java:86)
	at io.grpc.PartialForwardingServerCallListener.onHalfClose(PartialForwardingServerCallListener.java:35)
	at io.grpc.ForwardingServerCallListener.onHalfClose(ForwardingServerCallListener.java:23)
	at io.grpc.ForwardingServerCallListener$SimpleForwardingServerCallListener.onHalfClose(ForwardingServerCallListener.java:40)
	at io.grpc.Contexts$ContextualizedServerCallListener.onHalfClose(Contexts.java:86)
	at io.grpc.internal.ServerCallImpl$ServerStreamListenerImpl.halfClosed(ServerCallImpl.java:356)
	at io.grpc.internal.ServerImpl$JumpToApplicationThreadServerStreamListener$1HalfClosed.runInContext(ServerImpl.java:861)
	at io.grpc.internal.ContextRunnable.run(ContextRunnable.java:37)
	at io.grpc.internal.SerializingExecutor.run(SerializingExecutor.java:133)
	at java.base/java.util.concurrent.ThreadPoolExecutor.runWorker(ThreadPoolExecutor.java:1144)
	at java.base/java.util.concurrent.ThreadPoolExecutor$Worker.run(ThreadPoolExecutor.java:642)
	at java.base/java.lang.Thread.run(Thread.java:1583)

 {"metadata":{"emulator":{"name":"firestore"},"message":"Aug 29, 2026 9:13:19 PM com.google.cloud.datastore.emulator.impl.util.WrappedStreamObserver onError\nWARNING: Operation failed: Document (projects/demo-cadence/databases/(default)/documents/friends/s6uCvy42CJ200tgvs3mHcOpD7sYN/list/HTHOlYDfwPedTWyqqMhSviMKcemF) not found.\ncom.google.cloud.datastore.core.exception.DatastoreException: Document (projects/demo-cadence/databases/(default)/documents/friends/s6uCvy42CJ200tgvs3mHcOpD7sYN/list/HTHOlYDfwPedTWyqqMhSviMKcemF) not found.\n\tat com.google.cloud.datastore.emulator.impl.firestore.CloudFirestoreV1.getDocument(CloudFirestoreV1.java:335)\n\tat com.google.cloud.datastore.emulator.impl.firestore.CloudFirestoreV1Router.getDocument(CloudFirestoreV1Router.java:129)\n\tat com.google.cloud.datastore.emulator.impl.firestore.CloudFirestoreV1Router.getOrListDocuments(CloudFirestoreV1Router.java:123)\n\tat com.google.cloud.datastore.emulator.firestore.v1.FirestoreV1GrpcAdapter$1.lambda$getOrListDocuments$0(FirestoreV1GrpcAdapter.java:108)\n\tat com.google.cloud.datastore.emulator.firestore.v1.FirestoreV1GrpcAdapter.unary(FirestoreV1GrpcAdapter.java:72)\n\tat com.google.cloud.datastore.emulator.firestore.v1.FirestoreV1GrpcAdapter$1.getOrListDocuments(FirestoreV1GrpcAdapter.java:108)\n\tat com.google.firestore.v1.FirestoreGrpc$MethodHandlers.invoke(FirestoreGrpc.java:1206)\n\tat io.grpc.stub.ServerCalls$UnaryServerCallHandler$UnaryServerCallListener.onHalfClose(ServerCalls.java:182)\n\tat io.grpc.PartialForwardingServerCallListener.onHalfClose(PartialForwardingServerCallListener.java:35)\n\tat io.grpc.ForwardingServerCallListener.onHalfClose(ForwardingServerCallListener.java:23)\n\tat io.grpc.ForwardingServerCallListener$SimpleForwardingServerCallListener.onHalfClose(ForwardingServerCallListener.java:40)\n\tat io.grpc.Contexts$ContextualizedServerCallListener.onHalfClose(Contexts.java:86)\n\tat io.grpc.PartialForwardingServerCallListener.onHalfClose(PartialForwardingServerCallListener.java:35)\n\tat io.grpc.ForwardingServerCallListener.onHalfClose(ForwardingServerCallListener.java:23)\n\tat io.grpc.ForwardingServerCallListener$SimpleForwardingServerCallListener.onHalfClose(ForwardingServerCallListener.java:40)\n\tat io.grpc.Contexts$ContextualizedServerCallListener.onHalfClose(Contexts.java:86)\n\tat io.grpc.internal.ServerCallImpl$ServerStreamListenerImpl.halfClosed(ServerCallImpl.java:356)\n\tat io.grpc.internal.ServerImpl$JumpToApplicationThreadServerStreamListener$1HalfClosed.runInContext(ServerImpl.java:861)\n\tat io.grpc.internal.ContextRunnable.run(ContextRunnable.java:37)\n\tat io.grpc.internal.SerializingExecutor.run(SerializingExecutor.java:133)\n\tat java.base/java.util.concurrent.ThreadPoolExecutor.runWorker(ThreadPoolExecutor.java:1144)\n\tat java.base/java.util.concurrent.ThreadPoolExecutor$Worker.run(ThreadPoolExecutor.java:642)\n\tat java.base/java.lang.Thread.run(Thread.java:1583)\n\n"}}
[debug] [2026-08-30T04:13:19.076Z] Aug 29, 2026 9:13:19 PM io.gapi.emulators.netty.HttpHandler$1 onError
INFO: Exception when handling request: NOT_FOUND: Document (projects/demo-cadence/databases/(default)/documents/friends/s6uCvy42CJ200tgvs3mHcOpD7sYN/list/HTHOlYDfwPedTWyqqMhSviMKcemF) not found.
 {"metadata":{"emulator":{"name":"firestore"},"message":"Aug 29, 2026 9:13:19 PM io.gapi.emulators.netty.HttpHandler$1 onError\nINFO: Exception when handling request: NOT_FOUND: Document (projects/demo-cadence/databases/(default)/documents/friends/s6uCvy42CJ200tgvs3mHcOpD7sYN/list/HTHOlYDfwPedTWyqqMhSviMKcemF) not found.\n"}}
[debug] [2026-08-30T04:13:19.079Z] Aug 29, 2026 9:13:19 PM com.google.cloud.datastore.emulator.impl.util.WrappedStreamObserver onError
WARNING: Operation failed: Document (projects/demo-cadence/databases/(default)/documents/users/s6uCvy42CJ200tgvs3mHcOpD7sYN/requests/HTHOlYDfwPedTWyqqMhSviMKcemF) not found.
com.google.cloud.datastore.core.exception.DatastoreException: Document (projects/demo-cadence/databases/(default)/documents/users/s6uCvy42CJ200tgvs3mHcOpD7sYN/requests/HTHOlYDfwPedTWyqqMhSviMKcemF) not found.
	at com.google.cloud.datastore.emulator.impl.firestore.CloudFirestoreV1.getDocument(CloudFirestoreV1.java:335)
	at com.google.cloud.datastore.emulator.impl.firestore.CloudFirestoreV1Router.getDocument(CloudFirestoreV1Router.java:129)
	at com.google.cloud.datastore.emulator.impl.firestore.CloudFirestoreV1Router.getOrListDocuments(CloudFirestoreV1Router.java:123)
	at com.google.cloud.datastore.emulator.firestore.v1.FirestoreV1GrpcAdapter$1.lambda$getOrListDocuments$0(FirestoreV1GrpcAdapter.java:108)
	at com.google.cloud.datastore.emulator.firestore.v1.FirestoreV1GrpcAdapter.unary(FirestoreV1GrpcAdapter.java:72)
	at com.google.cloud.datastore.emulator.firestore.v1.FirestoreV1GrpcAdapter$1.getOrListDocuments(FirestoreV1GrpcAdapter.java:108)
	at com.google.firestore.v1.FirestoreGrpc$MethodHandlers.invoke(FirestoreGrpc.java:1206)
	at io.grpc.stub.ServerCalls$UnaryServerCallHandler$UnaryServerCallListener.onHalfClose(ServerCalls.java:182)
	at io.grpc.PartialForwardingServerCallListener.onHalfClose(PartialForwardingServerCallListener.java:35)
	at io.grpc.ForwardingServerCallListener.onHalfClose(ForwardingServerCallListener.java:23)
	at io.grpc.ForwardingServerCallListener$SimpleForwardingServerCallListener.onHalfClose(ForwardingServerCallListener.java:40)
	at io.grpc.Contexts$ContextualizedServerCallListener.onHalfClose(Contexts.java:86)
	at io.grpc.PartialForwardingServerCallListener.onHalfClose(PartialForwardingServerCallListener.java:35)
	at io.grpc.ForwardingServerCallListener.onHalfClose(ForwardingServerCallListener.java:23)
	at io.grpc.ForwardingServerCallListener$SimpleForwardingServerCallListener.onHalfClose(ForwardingServerCallListener.java:40)
	at io.grpc.Contexts$ContextualizedServerCallListener.onHalfClose(Contexts.java:86)
	at io.grpc.internal.ServerCallImpl$ServerStreamListenerImpl.halfClosed(ServerCallImpl.java:356)
	at io.grpc.internal.ServerImpl$JumpToApplicationThreadServerStreamListener$1HalfClosed.runInContext(ServerImpl.java:861)
	at io.grpc.internal.ContextRunnable.run(ContextRunnable.java:37)
	at io.grpc.internal.SerializingExecutor.run(SerializingExecutor.java:133)
	at java.base/java.util.concurrent.ThreadPoolExecutor.runWorker(ThreadPoolExecutor.java:1144)
	at java.base/java.util.concurrent.ThreadPoolExecutor$Worker.run(ThreadPoolExecutor.java:642)
	at java.base/java.lang.Thread.run(Thread.java:1583)

 {"metadata":{"emulator":{"name":"firestore"},"message":"Aug 29, 2026 9:13:19 PM com.google.cloud.datastore.emulator.impl.util.WrappedStreamObserver onError\nWARNING: Operation failed: Document (projects/demo-cadence/databases/(default)/documents/users/s6uCvy42CJ200tgvs3mHcOpD7sYN/requests/HTHOlYDfwPedTWyqqMhSviMKcemF) not found.\ncom.google.cloud.datastore.core.exception.DatastoreException: Document (projects/demo-cadence/databases/(default)/documents/users/s6uCvy42CJ200tgvs3mHcOpD7sYN/requests/HTHOlYDfwPedTWyqqMhSviMKcemF) not found.\n\tat com.google.cloud.datastore.emulator.impl.firestore.CloudFirestoreV1.getDocument(CloudFirestoreV1.java:335)\n\tat com.google.cloud.datastore.emulator.impl.firestore.CloudFirestoreV1Router.getDocument(CloudFirestoreV1Router.java:129)\n\tat com.google.cloud.datastore.emulator.impl.firestore.CloudFirestoreV1Router.getOrListDocuments(CloudFirestoreV1Router.java:123)\n\tat com.google.cloud.datastore.emulator.firestore.v1.FirestoreV1GrpcAdapter$1.lambda$getOrListDocuments$0(FirestoreV1GrpcAdapter.java:108)\n\tat com.google.cloud.datastore.emulator.firestore.v1.FirestoreV1GrpcAdapter.unary(FirestoreV1GrpcAdapter.java:72)\n\tat com.google.cloud.datastore.emulator.firestore.v1.FirestoreV1GrpcAdapter$1.getOrListDocuments(FirestoreV1GrpcAdapter.java:108)\n\tat com.google.firestore.v1.FirestoreGrpc$MethodHandlers.invoke(FirestoreGrpc.java:1206)\n\tat io.grpc.stub.ServerCalls$UnaryServerCallHandler$UnaryServerCallListener.onHalfClose(ServerCalls.java:182)\n\tat io.grpc.PartialForwardingServerCallListener.onHalfClose(PartialForwardingServerCallListener.java:35)\n\tat io.grpc.ForwardingServerCallListener.onHalfClose(ForwardingServerCallListener.java:23)\n\tat io.grpc.ForwardingServerCallListener$SimpleForwardingServerCallListener.onHalfClose(ForwardingServerCallListener.java:40)\n\tat io.grpc.Contexts$ContextualizedServerCallListener.onHalfClose(Contexts.java:86)\n\tat io.grpc.PartialForwardingServerCallListener.onHalfClose(PartialForwardingServerCallListener.java:35)\n\tat io.grpc.ForwardingServerCallListener.onHalfClose(ForwardingServerCallListener.java:23)\n\tat io.grpc.ForwardingServerCallListener$SimpleForwardingServerCallListener.onHalfClose(ForwardingServerCallListener.java:40)\n\tat io.grpc.Contexts$ContextualizedServerCallListener.onHalfClose(Contexts.java:86)\n\tat io.grpc.internal.ServerCallImpl$ServerStreamListenerImpl.halfClosed(ServerCallImpl.java:356)\n\tat io.grpc.internal.ServerImpl$JumpToApplicationThreadServerStreamListener$1HalfClosed.runInContext(ServerImpl.java:861)\n\tat io.grpc.internal.ContextRunnable.run(ContextRunnable.java:37)\n\tat io.grpc.internal.SerializingExecutor.run(SerializingExecutor.java:133)\n\tat java.base/java.util.concurrent.ThreadPoolExecutor.runWorker(ThreadPoolExecutor.java:1144)\n\tat java.base/java.util.concurrent.ThreadPoolExecutor$Worker.run(ThreadPoolExecutor.java:642)\n\tat java.base/java.lang.Thread.run(Thread.java:1583)\n\n"}}
[debug] [2026-08-30T04:13:19.079Z] Aug 29, 2026 9:13:19 PM io.gapi.emulators.netty.HttpHandler$1 onError
INFO: Exception when handling request: NOT_FOUND: Document (projects/demo-cadence/databases/(default)/documents/users/s6uCvy42CJ200tgvs3mHcOpD7sYN/requests/HTHOlYDfwPedTWyqqMhSviMKcemF) not found.
 {"metadata":{"emulator":{"name":"firestore"},"message":"Aug 29, 2026 9:13:19 PM io.gapi.emulators.netty.HttpHandler$1 onError\nINFO: Exception when handling request: NOT_FOUND: Document (projects/demo-cadence/databases/(default)/documents/users/s6uCvy42CJ200tgvs3mHcOpD7sYN/requests/HTHOlYDfwPedTWyqqMhSviMKcemF) not found.\n"}}
[debug] [2026-08-30T04:13:19.082Z] Aug 29, 2026 9:13:19 PM com.google.cloud.datastore.emulator.impl.util.WrappedStreamObserver onError
WARNING: Operation failed: Document (projects/demo-cadence/databases/(default)/documents/users/HTHOlYDfwPedTWyqqMhSviMKcemF/requests/s6uCvy42CJ200tgvs3mHcOpD7sYN) not found.
com.google.cloud.datastore.core.exception.DatastoreException: Document (projects/demo-cadence/databases/(default)/documents/users/HTHOlYDfwPedTWyqqMhSviMKcemF/requests/s6uCvy42CJ200tgvs3mHcOpD7sYN) not found.
	at com.google.cloud.datastore.emulator.impl.firestore.CloudFirestoreV1.getDocument(CloudFirestoreV1.java:335)
	at com.google.cloud.datastore.emulator.impl.firestore.CloudFirestoreV1Router.getDocument(CloudFirestoreV1Router.java:129)
	at com.google.cloud.datastore.emulator.impl.firestore.CloudFirestoreV1Router.getOrListDocuments(CloudFirestoreV1Router.java:123)
	at com.google.cloud.datastore.emulator.firestore.v1.FirestoreV1GrpcAdapter$1.lambda$getOrListDocuments$0(FirestoreV1GrpcAdapter.java:108)
	at com.google.cloud.datastore.emulator.firestore.v1.FirestoreV1GrpcAdapter.unary(FirestoreV1GrpcAdapter.java:72)
	at com.google.cloud.datastore.emulator.firestore.v1.FirestoreV1GrpcAdapter$1.getOrListDocuments(FirestoreV1GrpcAdapter.java:108)
	at com.google.firestore.v1.FirestoreGrpc$MethodHandlers.invoke(FirestoreGrpc.java:1206)
	at io.grpc.stub.ServerCalls$UnaryServerCallHandler$UnaryServerCallListener.onHalfClose(ServerCalls.java:182)
	at io.grpc.PartialForwardingServerCallListener.onHalfClose(PartialForwardingServerCallListener.java:35)
	at io.grpc.ForwardingServerCallListener.onHalfClose(ForwardingServerCallListener.java:23)
	at io.grpc.ForwardingServerCallListener$SimpleForwardingServerCallListener.onHalfClose(ForwardingServerCallListener.java:40)
	at io.grpc.Contexts$ContextualizedServerCallListener.onHalfClose(Contexts.java:86)
	at io.grpc.PartialForwardingServerCallListener.onHalfClose(PartialForwardingServerCallListener.java:35)
	at io.grpc.ForwardingServerCallListener.onHalfClose(ForwardingServerCallListener.java:23)
	at io.grpc.ForwardingServerCallListener$SimpleForwardingServerCallListener.onHalfClose(ForwardingServerCallListener.java:40)
	at io.grpc.Contexts$ContextualizedServerCallListener.onHalfClose(Contexts.java:86)
	at io.grpc.internal.ServerCallImpl$ServerStreamListenerImpl.halfClosed(ServerCallImpl.java:356)
	at io.grpc.internal.ServerImpl$JumpToApplicationThreadServerStreamListener$1HalfClosed.runInContext(ServerImpl.java:861)
	at io.grpc.internal.ContextRunnable.run(ContextRunnable.java:37)
	at io.grpc.internal.SerializingExecutor.run(SerializingExecutor.java:133)
	at java.base/java.util.concurrent.ThreadPoolExecutor.runWorker(ThreadPoolExecutor.java:1144)
	at java.base/java.util.concurrent.ThreadPoolExecutor$Worker.run(ThreadPoolExecutor.java:642)
	at java.base/java.lang.Thread.run(Thread.java:1583)

 {"metadata":{"emulator":{"name":"firestore"},"message":"Aug 29, 2026 9:13:19 PM com.google.cloud.datastore.emulator.impl.util.WrappedStreamObserver onError\nWARNING: Operation failed: Document (projects/demo-cadence/databases/(default)/documents/users/HTHOlYDfwPedTWyqqMhSviMKcemF/requests/s6uCvy42CJ200tgvs3mHcOpD7sYN) not found.\ncom.google.cloud.datastore.core.exception.DatastoreException: Document (projects/demo-cadence/databases/(default)/documents/users/HTHOlYDfwPedTWyqqMhSviMKcemF/requests/s6uCvy42CJ200tgvs3mHcOpD7sYN) not found.\n\tat com.google.cloud.datastore.emulator.impl.firestore.CloudFirestoreV1.getDocument(CloudFirestoreV1.java:335)\n\tat com.google.cloud.datastore.emulator.impl.firestore.CloudFirestoreV1Router.getDocument(CloudFirestoreV1Router.java:129)\n\tat com.google.cloud.datastore.emulator.impl.firestore.CloudFirestoreV1Router.getOrListDocuments(CloudFirestoreV1Router.java:123)\n\tat com.google.cloud.datastore.emulator.firestore.v1.FirestoreV1GrpcAdapter$1.lambda$getOrListDocuments$0(FirestoreV1GrpcAdapter.java:108)\n\tat com.google.cloud.datastore.emulator.firestore.v1.FirestoreV1GrpcAdapter.unary(FirestoreV1GrpcAdapter.java:72)\n\tat com.google.cloud.datastore.emulator.firestore.v1.FirestoreV1GrpcAdapter$1.getOrListDocuments(FirestoreV1GrpcAdapter.java:108)\n\tat com.google.firestore.v1.FirestoreGrpc$MethodHandlers.invoke(FirestoreGrpc.java:1206)\n\tat io.grpc.stub.ServerCalls$UnaryServerCallHandler$UnaryServerCallListener.onHalfClose(ServerCalls.java:182)\n\tat io.grpc.PartialForwardingServerCallListener.onHalfClose(PartialForwardingServerCallListener.java:35)\n\tat io.grpc.ForwardingServerCallListener.onHalfClose(ForwardingServerCallListener.java:23)\n\tat io.grpc.ForwardingServerCallListener$SimpleForwardingServerCallListener.onHalfClose(ForwardingServerCallListener.java:40)\n\tat io.grpc.Contexts$ContextualizedServerCallListener.onHalfClose(Contexts.java:86)\n\tat io.grpc.PartialForwardingServerCallListener.onHalfClose(PartialForwardingServerCallListener.java:35)\n\tat io.grpc.ForwardingServerCallListener.onHalfClose(ForwardingServerCallListener.java:23)\n\tat io.grpc.ForwardingServerCallListener$SimpleForwardingServerCallListener.onHalfClose(ForwardingServerCallListener.java:40)\n\tat io.grpc.Contexts$ContextualizedServerCallListener.onHalfClose(Contexts.java:86)\n\tat io.grpc.internal.ServerCallImpl$ServerStreamListenerImpl.halfClosed(ServerCallImpl.java:356)\n\tat io.grpc.internal.ServerImpl$JumpToApplicationThreadServerStreamListener$1HalfClosed.runInContext(ServerImpl.java:861)\n\tat io.grpc.internal.ContextRunnable.run(ContextRunnable.java:37)\n\tat io.grpc.internal.SerializingExecutor.run(SerializingExecutor.java:133)\n\tat java.base/java.util.concurrent.ThreadPoolExecutor.runWorker(ThreadPoolExecutor.java:1144)\n\tat java.base/java.util.concurrent.ThreadPoolExecutor$Worker.run(ThreadPoolExecutor.java:642)\n\tat java.base/java.lang.Thread.run(Thread.java:1583)\n\n"}}
[debug] [2026-08-30T04:13:19.082Z] Aug 29, 2026 9:13:19 PM io.gapi.emulators.netty.HttpHandler$1 onError
INFO: Exception when handling request: NOT_FOUND: Document (projects/demo-cadence/databases/(default)/documents/users/HTHOlYDfwPedTWyqqMhSviMKcemF/requests/s6uCvy42CJ200tgvs3mHcOpD7sYN) not found.
 {"metadata":{"emulator":{"name":"firestore"},"message":"Aug 29, 2026 9:13:19 PM io.gapi.emulators.netty.HttpHandler$1 onError\nINFO: Exception when handling request: NOT_FOUND: Document (projects/demo-cadence/databases/(default)/documents/users/HTHOlYDfwPedTWyqqMhSviMKcemF/requests/s6uCvy42CJ200tgvs3mHcOpD7sYN) not found.\n"}}
[debug] [2026-08-30T04:16:19.531Z] Aug 29, 2026 9:16:19 PM io.gapi.emulators.netty.HttpVersionRoutingHandler channelRead
INFO: Detected non-HTTP/2 connection.
 {"metadata":{"emulator":{"name":"firestore"},"message":"Aug 29, 2026 9:16:19 PM io.gapi.emulators.netty.HttpVersionRoutingHandler channelRead\nINFO: Detected non-HTTP/2 connection.\n"}}
[debug] [2026-08-30T04:16:28.615Z] Aug 29, 2026 9:16:28 PM io.gapi.emulators.netty.HttpVersionRoutingHandler channelRead
INFO: Detected non-HTTP/2 connection.
 {"metadata":{"emulator":{"name":"firestore"},"message":"Aug 29, 2026 9:16:28 PM io.gapi.emulators.netty.HttpVersionRoutingHandler channelRead\nINFO: Detected non-HTTP/2 connection.\n"}}
[debug] [2026-08-30T04:16:28.626Z] Aug 29, 2026 9:16:28 PM com.google.cloud.datastore.emulator.impl.util.WrappedStreamObserver onError
WARNING: Operation failed: Document (projects/demo-cadence/databases/(default)/documents/users/AMGQ5vYL9rZ7pzZ8lAjB6fJEULw8) not found.
com.google.cloud.datastore.core.exception.DatastoreException: Document (projects/demo-cadence/databases/(default)/documents/users/AMGQ5vYL9rZ7pzZ8lAjB6fJEULw8) not found.
	at com.google.cloud.datastore.emulator.impl.firestore.CloudFirestoreV1.getDocument(CloudFirestoreV1.java:335)
	at com.google.cloud.datastore.emulator.impl.firestore.CloudFirestoreV1Router.getDocument(CloudFirestoreV1Router.java:129)
	at com.google.cloud.datastore.emulator.impl.firestore.CloudFirestoreV1Router.getOrListDocuments(CloudFirestoreV1Router.java:123)
	at com.google.cloud.datastore.emulator.firestore.v1.FirestoreV1GrpcAdapter$1.lambda$getOrListDocuments$0(FirestoreV1GrpcAdapter.java:108)
	at com.google.cloud.datastore.emulator.firestore.v1.FirestoreV1GrpcAdapter.unary(FirestoreV1GrpcAdapter.java:72)
	at com.google.cloud.datastore.emulator.firestore.v1.FirestoreV1GrpcAdapter$1.getOrListDocuments(FirestoreV1GrpcAdapter.java:108)
	at com.google.firestore.v1.FirestoreGrpc$MethodHandlers.invoke(FirestoreGrpc.java:1206)
	at io.grpc.stub.ServerCalls$UnaryServerCallHandler$UnaryServerCallListener.onHalfClose(ServerCalls.java:182)
	at io.grpc.PartialForwardingServerCallListener.onHalfClose(PartialForwardingServerCallListener.java:35)
	at io.grpc.ForwardingServerCallListener.onHalfClose(ForwardingServerCallListener.java:23)
	at io.grpc.ForwardingServerCallListener$SimpleForwardingServerCallListener.onHalfClose(ForwardingServerCallListener.java:40)
	at io.grpc.Contexts$ContextualizedServerCallListener.onHalfClose(Contexts.java:86)
	at io.grpc.PartialForwardingServerCallListener.onHalfClose(PartialForwardingServerCallListener.java:35)
	at io.grpc.ForwardingServerCallListener.onHalfClose(ForwardingServerCallListener.java:23)
	at io.grpc.ForwardingServerCallListener$SimpleForwardingServerCallListener.onHalfClose(ForwardingServerCallListener.java:40)
	at io.grpc.Contexts$ContextualizedServerCallListener.onHalfClose(Contexts.java:86)
	at io.grpc.internal.ServerCallImpl$ServerStreamListenerImpl.halfClosed(ServerCallImpl.java:356)
	at io.grpc.internal.ServerImpl$JumpToApplicationThreadServerStreamListener$1HalfClosed.runInContext(ServerImpl.java:861)
	at io.grpc.internal.ContextRunnable.run(ContextRunnable.java:37)
	at io.grpc.internal.SerializingExecutor.run(SerializingExecutor.java:133)
	at java.base/java.util.concurrent.ThreadPoolExecutor.runWorker(ThreadPoolExecutor.java:1144)
	at java.base/java.util.concurrent.ThreadPoolExecutor$Worker.run(ThreadPoolExecutor.java:642)
	at java.base/java.lang.Thread.run(Thread.java:1583)

 {"metadata":{"emulator":{"name":"firestore"},"message":"Aug 29, 2026 9:16:28 PM com.google.cloud.datastore.emulator.impl.util.WrappedStreamObserver onError\nWARNING: Operation failed: Document (projects/demo-cadence/databases/(default)/documents/users/AMGQ5vYL9rZ7pzZ8lAjB6fJEULw8) not found.\ncom.google.cloud.datastore.core.exception.DatastoreException: Document (projects/demo-cadence/databases/(default)/documents/users/AMGQ5vYL9rZ7pzZ8lAjB6fJEULw8) not found.\n\tat com.google.cloud.datastore.emulator.impl.firestore.CloudFirestoreV1.getDocument(CloudFirestoreV1.java:335)\n\tat com.google.cloud.datastore.emulator.impl.firestore.CloudFirestoreV1Router.getDocument(CloudFirestoreV1Router.java:129)\n\tat com.google.cloud.datastore.emulator.impl.firestore.CloudFirestoreV1Router.getOrListDocuments(CloudFirestoreV1Router.java:123)\n\tat com.google.cloud.datastore.emulator.firestore.v1.FirestoreV1GrpcAdapter$1.lambda$getOrListDocuments$0(FirestoreV1GrpcAdapter.java:108)\n\tat com.google.cloud.datastore.emulator.firestore.v1.FirestoreV1GrpcAdapter.unary(FirestoreV1GrpcAdapter.java:72)\n\tat com.google.cloud.datastore.emulator.firestore.v1.FirestoreV1GrpcAdapter$1.getOrListDocuments(FirestoreV1GrpcAdapter.java:108)\n\tat com.google.firestore.v1.FirestoreGrpc$MethodHandlers.invoke(FirestoreGrpc.java:1206)\n\tat io.grpc.stub.ServerCalls$UnaryServerCallHandler$UnaryServerCallListener.onHalfClose(ServerCalls.java:182)\n\tat io.grpc.PartialForwardingServerCallListener.onHalfClose(PartialForwardingServerCallListener.java:35)\n\tat io.grpc.ForwardingServerCallListener.onHalfClose(ForwardingServerCallListener.java:23)\n\tat io.grpc.ForwardingServerCallListener$SimpleForwardingServerCallListener.onHalfClose(ForwardingServerCallListener.java:40)\n\tat io.grpc.Contexts$ContextualizedServerCallListener.onHalfClose(Contexts.java:86)\n\tat io.grpc.PartialForwardingServerCallListener.onHalfClose(PartialForwardingServerCallListener.java:35)\n\tat io.grpc.ForwardingServerCallListener.onHalfClose(ForwardingServerCallListener.java:23)\n\tat io.grpc.ForwardingServerCallListener$SimpleForwardingServerCallListener.onHalfClose(ForwardingServerCallListener.java:40)\n\tat io.grpc.Contexts$ContextualizedServerCallListener.onHalfClose(Contexts.java:86)\n\tat io.grpc.internal.ServerCallImpl$ServerStreamListenerImpl.halfClosed(ServerCallImpl.java:356)\n\tat io.grpc.internal.ServerImpl$JumpToApplicationThreadServerStreamListener$1HalfClosed.runInContext(ServerImpl.java:861)\n\tat io.grpc.internal.ContextRunnable.run(ContextRunnable.java:37)\n\tat io.grpc.internal.SerializingExecutor.run(SerializingExecutor.java:133)\n\tat java.base/java.util.concurrent.ThreadPoolExecutor.runWorker(ThreadPoolExecutor.java:1144)\n\tat java.base/java.util.concurrent.ThreadPoolExecutor$Worker.run(ThreadPoolExecutor.java:642)\n\tat java.base/java.lang.Thread.run(Thread.java:1583)\n\n"}}
[debug] [2026-08-30T04:16:28.629Z] Aug 29, 2026 9:16:28 PM io.gapi.emulators.netty.HttpHandler$1 onError
INFO: Exception when handling request: NOT_FOUND: Document (projects/demo-cadence/databases/(default)/documents/users/AMGQ5vYL9rZ7pzZ8lAjB6fJEULw8) not found.
 {"metadata":{"emulator":{"name":"firestore"},"message":"Aug 29, 2026 9:16:28 PM io.gapi.emulators.netty.HttpHandler$1 onError\nINFO: Exception when handling request: NOT_FOUND: Document (projects/demo-cadence/databases/(default)/documents/users/AMGQ5vYL9rZ7pzZ8lAjB6fJEULw8) not found.\n"}}
[debug] [2026-08-30T04:16:28.630Z] Aug 29, 2026 9:16:28 PM io.gapi.emulators.netty.HttpVersionRoutingHandler channelRead
INFO: Detected non-HTTP/2 connection.
 {"metadata":{"emulator":{"name":"firestore"},"message":"Aug 29, 2026 9:16:28 PM io.gapi.emulators.netty.HttpVersionRoutingHandler channelRead\nINFO: Detected non-HTTP/2 connection.\n"}}
[debug] [2026-08-30T04:16:29.469Z] Aug 29, 2026 9:16:29 PM io.gapi.emulators.netty.HttpVersionRoutingHandler channelRead
INFO: Detected non-HTTP/2 connection.
 {"metadata":{"emulator":{"name":"firestore"},"message":"Aug 29, 2026 9:16:29 PM io.gapi.emulators.netty.HttpVersionRoutingHandler channelRead\nINFO: Detected non-HTTP/2 connection.\n"}}
[debug] [2026-08-30T04:16:29.471Z] Aug 29, 2026 9:16:29 PM com.google.cloud.datastore.emulator.impl.util.WrappedStreamObserver onError
WARNING: Operation failed: Document (projects/demo-cadence/databases/(default)/documents/users/qlDhZ12kmzHuJTlQgrMYNm7LaMPD) not found.
com.google.cloud.datastore.core.exception.DatastoreException: Document (projects/demo-cadence/databases/(default)/documents/users/qlDhZ12kmzHuJTlQgrMYNm7LaMPD) not found.
	at com.google.cloud.datastore.emulator.impl.firestore.CloudFirestoreV1.getDocument(CloudFirestoreV1.java:335)
	at com.google.cloud.datastore.emulator.impl.firestore.CloudFirestoreV1Router.getDocument(CloudFirestoreV1Router.java:129)
	at com.google.cloud.datastore.emulator.impl.firestore.CloudFirestoreV1Router.getOrListDocuments(CloudFirestoreV1Router.java:123)
	at com.google.cloud.datastore.emulator.firestore.v1.FirestoreV1GrpcAdapter$1.lambda$getOrListDocuments$0(FirestoreV1GrpcAdapter.java:108)
	at com.google.cloud.datastore.emulator.firestore.v1.FirestoreV1GrpcAdapter.unary(FirestoreV1GrpcAdapter.java:72)
	at com.google.cloud.datastore.emulator.firestore.v1.FirestoreV1GrpcAdapter$1.getOrListDocuments(FirestoreV1GrpcAdapter.java:108)
	at com.google.firestore.v1.FirestoreGrpc$MethodHandlers.invoke(FirestoreGrpc.java:1206)
	at io.grpc.stub.ServerCalls$UnaryServerCallHandler$UnaryServerCallListener.onHalfClose(ServerCalls.java:182)
	at io.grpc.PartialForwardingServerCallListener.onHalfClose(PartialForwardingServerCallListener.java:35)
	at io.grpc.ForwardingServerCallListener.onHalfClose(ForwardingServerCallListener.java:23)
	at io.grpc.ForwardingServerCallListener$SimpleForwardingServerCallListener.onHalfClose(ForwardingServerCallListener.java:40)
	at io.grpc.Contexts$ContextualizedServerCallListener.onHalfClose(Contexts.java:86)
	at io.grpc.PartialForwardingServerCallListener.onHalfClose(PartialForwardingServerCallListener.java:35)
	at io.grpc.ForwardingServerCallListener.onHalfClose(ForwardingServerCallListener.java:23)
	at io.grpc.ForwardingServerCallListener$SimpleForwardingServerCallListener.onHalfClose(ForwardingServerCallListener.java:40)
	at io.grpc.Contexts$ContextualizedServerCallListener.onHalfClose(Contexts.java:86)
	at io.grpc.internal.ServerCallImpl$ServerStreamListenerImpl.halfClosed(ServerCallImpl.java:356)
	at io.grpc.internal.ServerImpl$JumpToApplicationThreadServerStreamListener$1HalfClosed.runInContext(ServerImpl.java:861)
	at io.grpc.internal.ContextRunnable.run(ContextRunnable.java:37)
	at io.grpc.internal.SerializingExecutor.run(SerializingExecutor.java:133)
	at java.base/java.util.concurrent.ThreadPoolExecutor.runWorker(ThreadPoolExecutor.java:1144)
	at java.base/java.util.concurrent.ThreadPoolExecutor$Worker.run(ThreadPoolExecutor.java:642)
	at java.base/java.lang.Thread.run(Thread.java:1583)

 {"metadata":{"emulator":{"name":"firestore"},"message":"Aug 29, 2026 9:16:29 PM com.google.cloud.datastore.emulator.impl.util.WrappedStreamObserver onError\nWARNING: Operation failed: Document (projects/demo-cadence/databases/(default)/documents/users/qlDhZ12kmzHuJTlQgrMYNm7LaMPD) not found.\ncom.google.cloud.datastore.core.exception.DatastoreException: Document (projects/demo-cadence/databases/(default)/documents/users/qlDhZ12kmzHuJTlQgrMYNm7LaMPD) not found.\n\tat com.google.cloud.datastore.emulator.impl.firestore.CloudFirestoreV1.getDocument(CloudFirestoreV1.java:335)\n\tat com.google.cloud.datastore.emulator.impl.firestore.CloudFirestoreV1Router.getDocument(CloudFirestoreV1Router.java:129)\n\tat com.google.cloud.datastore.emulator.impl.firestore.CloudFirestoreV1Router.getOrListDocuments(CloudFirestoreV1Router.java:123)\n\tat com.google.cloud.datastore.emulator.firestore.v1.FirestoreV1GrpcAdapter$1.lambda$getOrListDocuments$0(FirestoreV1GrpcAdapter.java:108)\n\tat com.google.cloud.datastore.emulator.firestore.v1.FirestoreV1GrpcAdapter.unary(FirestoreV1GrpcAdapter.java:72)\n\tat com.google.cloud.datastore.emulator.firestore.v1.FirestoreV1GrpcAdapter$1.getOrListDocuments(FirestoreV1GrpcAdapter.java:108)\n\tat com.google.firestore.v1.FirestoreGrpc$MethodHandlers.invoke(FirestoreGrpc.java:1206)\n\tat io.grpc.stub.ServerCalls$UnaryServerCallHandler$UnaryServerCallListener.onHalfClose(ServerCalls.java:182)\n\tat io.grpc.PartialForwardingServerCallListener.onHalfClose(PartialForwardingServerCallListener.java:35)\n\tat io.grpc.ForwardingServerCallListener.onHalfClose(ForwardingServerCallListener.java:23)\n\tat io.grpc.ForwardingServerCallListener$SimpleForwardingServerCallListener.onHalfClose(ForwardingServerCallListener.java:40)\n\tat io.grpc.Contexts$ContextualizedServerCallListener.onHalfClose(Contexts.java:86)\n\tat io.grpc.PartialForwardingServerCallListener.onHalfClose(PartialForwardingServerCallListener.java:35)\n\tat io.grpc.ForwardingServerCallListener.onHalfClose(ForwardingServerCallListener.java:23)\n\tat io.grpc.ForwardingServerCallListener$SimpleForwardingServerCallListener.onHalfClose(ForwardingServerCallListener.java:40)\n\tat io.grpc.Contexts$ContextualizedServerCallListener.onHalfClose(Contexts.java:86)\n\tat io.grpc.internal.ServerCallImpl$ServerStreamListenerImpl.halfClosed(ServerCallImpl.java:356)\n\tat io.grpc.internal.ServerImpl$JumpToApplicationThreadServerStreamListener$1HalfClosed.runInContext(ServerImpl.java:861)\n\tat io.grpc.internal.ContextRunnable.run(ContextRunnable.java:37)\n\tat io.grpc.internal.SerializingExecutor.run(SerializingExecutor.java:133)\n\tat java.base/java.util.concurrent.ThreadPoolExecutor.runWorker(ThreadPoolExecutor.java:1144)\n\tat java.base/java.util.concurrent.ThreadPoolExecutor$Worker.run(ThreadPoolExecutor.java:642)\n\tat java.base/java.lang.Thread.run(Thread.java:1583)\n\n"}}
[debug] [2026-08-30T04:16:29.473Z] Aug 29, 2026 9:16:29 PM io.gapi.emulators.netty.HttpHandler$1 onError
INFO: Exception when handling request: NOT_FOUND: Document (projects/demo-cadence/databases/(default)/documents/users/qlDhZ12kmzHuJTlQgrMYNm7LaMPD) not found.
 {"metadata":{"emulator":{"name":"firestore"},"message":"Aug 29, 2026 9:16:29 PM io.gapi.emulators.netty.HttpHandler$1 onError\nINFO: Exception when handling request: NOT_FOUND: Document (projects/demo-cadence/databases/(default)/documents/users/qlDhZ12kmzHuJTlQgrMYNm7LaMPD) not found.\n"}}
[debug] [2026-08-30T04:16:29.477Z] Aug 29, 2026 9:16:29 PM io.gapi.emulators.netty.HttpVersionRoutingHandler channelRead
INFO: Detected non-HTTP/2 connection.
 {"metadata":{"emulator":{"name":"firestore"},"message":"Aug 29, 2026 9:16:29 PM io.gapi.emulators.netty.HttpVersionRoutingHandler channelRead\nINFO: Detected non-HTTP/2 connection.\n"}}
[debug] [2026-08-30T04:16:29.511Z] Aug 29, 2026 9:16:29 PM com.google.cloud.datastore.emulator.impl.util.WrappedStreamObserver onError
WARNING: Operation failed: Document (projects/demo-cadence/databases/(default)/documents/friends/qlDhZ12kmzHuJTlQgrMYNm7LaMPD/list/AMGQ5vYL9rZ7pzZ8lAjB6fJEULw8) not found.
com.google.cloud.datastore.core.exception.DatastoreException: Document (projects/demo-cadence/databases/(default)/documents/friends/qlDhZ12kmzHuJTlQgrMYNm7LaMPD/list/AMGQ5vYL9rZ7pzZ8lAjB6fJEULw8) not found.
	at com.google.cloud.datastore.emulator.impl.firestore.CloudFirestoreV1.getDocument(CloudFirestoreV1.java:335)
	at com.google.cloud.datastore.emulator.impl.firestore.CloudFirestoreV1Router.getDocument(CloudFirestoreV1Router.java:129)
	at com.google.cloud.datastore.emulator.impl.firestore.CloudFirestoreV1Router.getOrListDocuments(CloudFirestoreV1Router.java:123)
	at com.google.cloud.datastore.emulator.firestore.v1.FirestoreV1GrpcAdapter$1.lambda$getOrListDocuments$0(FirestoreV1GrpcAdapter.java:108)
	at com.google.cloud.datastore.emulator.firestore.v1.FirestoreV1GrpcAdapter.unary(FirestoreV1GrpcAdapter.java:72)
	at com.google.cloud.datastore.emulator.firestore.v1.FirestoreV1GrpcAdapter$1.getOrListDocuments(FirestoreV1GrpcAdapter.java:108)
	at com.google.firestore.v1.FirestoreGrpc$MethodHandlers.invoke(FirestoreGrpc.java:1206)
	at io.grpc.stub.ServerCalls$UnaryServerCallHandler$UnaryServerCallListener.onHalfClose(ServerCalls.java:182)
	at io.grpc.PartialForwardingServerCallListener.onHalfClose(PartialForwardingServerCallListener.java:35)
	at io.grpc.ForwardingServerCallListener.onHalfClose(ForwardingServerCallListener.java:23)
	at io.grpc.ForwardingServerCallListener$SimpleForwardingServerCallListener.onHalfClose(ForwardingServerCallListener.java:40)
	at io.grpc.Contexts$ContextualizedServerCallListener.onHalfClose(Contexts.java:86)
	at io.grpc.PartialForwardingServerCallListener.onHalfClose(PartialForwardingServerCallListener.java:35)
	at io.grpc.ForwardingServerCallListener.onHalfClose(ForwardingServerCallListener.java:23)
	at io.grpc.ForwardingServerCallListener$SimpleForwardingServerCallListener.onHalfClose(ForwardingServerCallListener.java:40)
	at io.grpc.Contexts$ContextualizedServerCallListener.onHalfClose(Contexts.java:86)
	at io.grpc.internal.ServerCallImpl$ServerStreamListenerImpl.halfClosed(ServerCallImpl.java:356)
	at io.grpc.internal.ServerImpl$JumpToApplicationThreadServerStreamListener$1HalfClosed.runInContext(ServerImpl.java:861)
	at io.grpc.internal.ContextRunnable.run(ContextRunnable.java:37)
	at io.grpc.internal.SerializingExecutor.run(SerializingExecutor.java:133)
	at java.base/java.util.concurrent.ThreadPoolExecutor.runWorker(ThreadPoolExecutor.java:1144)
	at java.base/java.util.concurrent.ThreadPoolExecutor$Worker.run(ThreadPoolExecutor.java:642)
	at java.base/java.lang.Thread.run(Thread.java:1583)

 {"metadata":{"emulator":{"name":"firestore"},"message":"Aug 29, 2026 9:16:29 PM com.google.cloud.datastore.emulator.impl.util.WrappedStreamObserver onError\nWARNING: Operation failed: Document (projects/demo-cadence/databases/(default)/documents/friends/qlDhZ12kmzHuJTlQgrMYNm7LaMPD/list/AMGQ5vYL9rZ7pzZ8lAjB6fJEULw8) not found.\ncom.google.cloud.datastore.core.exception.DatastoreException: Document (projects/demo-cadence/databases/(default)/documents/friends/qlDhZ12kmzHuJTlQgrMYNm7LaMPD/list/AMGQ5vYL9rZ7pzZ8lAjB6fJEULw8) not found.\n\tat com.google.cloud.datastore.emulator.impl.firestore.CloudFirestoreV1.getDocument(CloudFirestoreV1.java:335)\n\tat com.google.cloud.datastore.emulator.impl.firestore.CloudFirestoreV1Router.getDocument(CloudFirestoreV1Router.java:129)\n\tat com.google.cloud.datastore.emulator.impl.firestore.CloudFirestoreV1Router.getOrListDocuments(CloudFirestoreV1Router.java:123)\n\tat com.google.cloud.datastore.emulator.firestore.v1.FirestoreV1GrpcAdapter$1.lambda$getOrListDocuments$0(FirestoreV1GrpcAdapter.java:108)\n\tat com.google.cloud.datastore.emulator.firestore.v1.FirestoreV1GrpcAdapter.unary(FirestoreV1GrpcAdapter.java:72)\n\tat com.google.cloud.datastore.emulator.firestore.v1.FirestoreV1GrpcAdapter$1.getOrListDocuments(FirestoreV1GrpcAdapter.java:108)\n\tat com.google.firestore.v1.FirestoreGrpc$MethodHandlers.invoke(FirestoreGrpc.java:1206)\n\tat io.grpc.stub.ServerCalls$UnaryServerCallHandler$UnaryServerCallListener.onHalfClose(ServerCalls.java:182)\n\tat io.grpc.PartialForwardingServerCallListener.onHalfClose(PartialForwardingServerCallListener.java:35)\n\tat io.grpc.ForwardingServerCallListener.onHalfClose(ForwardingServerCallListener.java:23)\n\tat io.grpc.ForwardingServerCallListener$SimpleForwardingServerCallListener.onHalfClose(ForwardingServerCallListener.java:40)\n\tat io.grpc.Contexts$ContextualizedServerCallListener.onHalfClose(Contexts.java:86)\n\tat io.grpc.PartialForwardingServerCallListener.onHalfClose(PartialForwardingServerCallListener.java:35)\n\tat io.grpc.ForwardingServerCallListener.onHalfClose(ForwardingServerCallListener.java:23)\n\tat io.grpc.ForwardingServerCallListener$SimpleForwardingServerCallListener.onHalfClose(ForwardingServerCallListener.java:40)\n\tat io.grpc.Contexts$ContextualizedServerCallListener.onHalfClose(Contexts.java:86)\n\tat io.grpc.internal.ServerCallImpl$ServerStreamListenerImpl.halfClosed(ServerCallImpl.java:356)\n\tat io.grpc.internal.ServerImpl$JumpToApplicationThreadServerStreamListener$1HalfClosed.runInContext(ServerImpl.java:861)\n\tat io.grpc.internal.ContextRunnable.run(ContextRunnable.java:37)\n\tat io.grpc.internal.SerializingExecutor.run(SerializingExecutor.java:133)\n\tat java.base/java.util.concurrent.ThreadPoolExecutor.runWorker(ThreadPoolExecutor.java:1144)\n\tat java.base/java.util.concurrent.ThreadPoolExecutor$Worker.run(ThreadPoolExecutor.java:642)\n\tat java.base/java.lang.Thread.run(Thread.java:1583)\n\n"}}
[debug] [2026-08-30T04:16:29.511Z] Aug 29, 2026 9:16:29 PM io.gapi.emulators.netty.HttpHandler$1 onError
INFO: Exception when handling request: NOT_FOUND: Document (projects/demo-cadence/databases/(default)/documents/friends/qlDhZ12kmzHuJTlQgrMYNm7LaMPD/list/AMGQ5vYL9rZ7pzZ8lAjB6fJEULw8) not found.
 {"metadata":{"emulator":{"name":"firestore"},"message":"Aug 29, 2026 9:16:29 PM io.gapi.emulators.netty.HttpHandler$1 onError\nINFO: Exception when handling request: NOT_FOUND: Document (projects/demo-cadence/databases/(default)/documents/friends/qlDhZ12kmzHuJTlQgrMYNm7LaMPD/list/AMGQ5vYL9rZ7pzZ8lAjB6fJEULw8) not found.\n"}}
[debug] [2026-08-30T04:16:29.515Z] Aug 29, 2026 9:16:29 PM com.google.cloud.datastore.emulator.impl.util.WrappedStreamObserver onError
WARNING: Operation failed: Document (projects/demo-cadence/databases/(default)/documents/users/qlDhZ12kmzHuJTlQgrMYNm7LaMPD/requests/AMGQ5vYL9rZ7pzZ8lAjB6fJEULw8) not found.
com.google.cloud.datastore.core.exception.DatastoreException: Document (projects/demo-cadence/databases/(default)/documents/users/qlDhZ12kmzHuJTlQgrMYNm7LaMPD/requests/AMGQ5vYL9rZ7pzZ8lAjB6fJEULw8) not found.
	at com.google.cloud.datastore.emulator.impl.firestore.CloudFirestoreV1.getDocument(CloudFirestoreV1.java:335)
	at com.google.cloud.datastore.emulator.impl.firestore.CloudFirestoreV1Router.getDocument(CloudFirestoreV1Router.java:129)
	at com.google.cloud.datastore.emulator.impl.firestore.CloudFirestoreV1Router.getOrListDocuments(CloudFirestoreV1Router.java:123)
	at com.google.cloud.datastore.emulator.firestore.v1.FirestoreV1GrpcAdapter$1.lambda$getOrListDocuments$0(FirestoreV1GrpcAdapter.java:108)
	at com.google.cloud.datastore.emulator.firestore.v1.FirestoreV1GrpcAdapter.unary(FirestoreV1GrpcAdapter.java:72)
	at com.google.cloud.datastore.emulator.firestore.v1.FirestoreV1GrpcAdapter$1.getOrListDocuments(FirestoreV1GrpcAdapter.java:108)
	at com.google.firestore.v1.FirestoreGrpc$MethodHandlers.invoke(FirestoreGrpc.java:1206)
	at io.grpc.stub.ServerCalls$UnaryServerCallHandler$UnaryServerCallListener.onHalfClose(ServerCalls.java:182)
	at io.grpc.PartialForwardingServerCallListener.onHalfClose(PartialForwardingServerCallListener.java:35)
	at io.grpc.ForwardingServerCallListener.onHalfClose(ForwardingServerCallListener.java:23)
	at io.grpc.ForwardingServerCallListener$SimpleForwardingServerCallListener.onHalfClose(ForwardingServerCallListener.java:40)
	at io.grpc.Contexts$ContextualizedServerCallListener.onHalfClose(Contexts.java:86)
	at io.grpc.PartialForwardingServerCallListener.onHalfClose(PartialForwardingServerCallListener.java:35)
	at io.grpc.ForwardingServerCallListener.onHalfClose(ForwardingServerCallListener.java:23)
	at io.grpc.ForwardingServerCallListener$SimpleForwardingServerCallListener.onHalfClose(ForwardingServerCallListener.java:40)
	at io.grpc.Contexts$ContextualizedServerCallListener.onHalfClose(Contexts.java:86)
	at io.grpc.internal.ServerCallImpl$ServerStreamListenerImpl.halfClosed(ServerCallImpl.java:356)
	at io.grpc.internal.ServerImpl$JumpToApplicationThreadServerStreamListener$1HalfClosed.runInContext(ServerImpl.java:861)
	at io.grpc.internal.ContextRunnable.run(ContextRunnable.java:37)
	at io.grpc.internal.SerializingExecutor.run(SerializingExecutor.java:133)
	at java.base/java.util.concurrent.ThreadPoolExecutor.runWorker(ThreadPoolExecutor.java:1144)
	at java.base/java.util.concurrent.ThreadPoolExecutor$Worker.run(ThreadPoolExecutor.java:642)
	at java.base/java.lang.Thread.run(Thread.java:1583)

 {"metadata":{"emulator":{"name":"firestore"},"message":"Aug 29, 2026 9:16:29 PM com.google.cloud.datastore.emulator.impl.util.WrappedStreamObserver onError\nWARNING: Operation failed: Document (projects/demo-cadence/databases/(default)/documents/users/qlDhZ12kmzHuJTlQgrMYNm7LaMPD/requests/AMGQ5vYL9rZ7pzZ8lAjB6fJEULw8) not found.\ncom.google.cloud.datastore.core.exception.DatastoreException: Document (projects/demo-cadence/databases/(default)/documents/users/qlDhZ12kmzHuJTlQgrMYNm7LaMPD/requests/AMGQ5vYL9rZ7pzZ8lAjB6fJEULw8) not found.\n\tat com.google.cloud.datastore.emulator.impl.firestore.CloudFirestoreV1.getDocument(CloudFirestoreV1.java:335)\n\tat com.google.cloud.datastore.emulator.impl.firestore.CloudFirestoreV1Router.getDocument(CloudFirestoreV1Router.java:129)\n\tat com.google.cloud.datastore.emulator.impl.firestore.CloudFirestoreV1Router.getOrListDocuments(CloudFirestoreV1Router.java:123)\n\tat com.google.cloud.datastore.emulator.firestore.v1.FirestoreV1GrpcAdapter$1.lambda$getOrListDocuments$0(FirestoreV1GrpcAdapter.java:108)\n\tat com.google.cloud.datastore.emulator.firestore.v1.FirestoreV1GrpcAdapter.unary(FirestoreV1GrpcAdapter.java:72)\n\tat com.google.cloud.datastore.emulator.firestore.v1.FirestoreV1GrpcAdapter$1.getOrListDocuments(FirestoreV1GrpcAdapter.java:108)\n\tat com.google.firestore.v1.FirestoreGrpc$MethodHandlers.invoke(FirestoreGrpc.java:1206)\n\tat io.grpc.stub.ServerCalls$UnaryServerCallHandler$UnaryServerCallListener.onHalfClose(ServerCalls.java:182)\n\tat io.grpc.PartialForwardingServerCallListener.onHalfClose(PartialForwardingServerCallListener.java:35)\n\tat io.grpc.ForwardingServerCallListener.onHalfClose(ForwardingServerCallListener.java:23)\n\tat io.grpc.ForwardingServerCallListener$SimpleForwardingServerCallListener.onHalfClose(ForwardingServerCallListener.java:40)\n\tat io.grpc.Contexts$ContextualizedServerCallListener.onHalfClose(Contexts.java:86)\n\tat io.grpc.PartialForwardingServerCallListener.onHalfClose(PartialForwardingServerCallListener.java:35)\n\tat io.grpc.ForwardingServerCallListener.onHalfClose(ForwardingServerCallListener.java:23)\n\tat io.grpc.ForwardingServerCallListener$SimpleForwardingServerCallListener.onHalfClose(ForwardingServerCallListener.java:40)\n\tat io.grpc.Contexts$ContextualizedServerCallListener.onHalfClose(Contexts.java:86)\n\tat io.grpc.internal.ServerCallImpl$ServerStreamListenerImpl.halfClosed(ServerCallImpl.java:356)\n\tat io.grpc.internal.ServerImpl$JumpToApplicationThreadServerStreamListener$1HalfClosed.runInContext(ServerImpl.java:861)\n\tat io.grpc.internal.ContextRunnable.run(ContextRunnable.java:37)\n\tat io.grpc.internal.SerializingExecutor.run(SerializingExecutor.java:133)\n\tat java.base/java.util.concurrent.ThreadPoolExecutor.runWorker(ThreadPoolExecutor.java:1144)\n\tat java.base/java.util.concurrent.ThreadPoolExecutor$Worker.run(ThreadPoolExecutor.java:642)\n\tat java.base/java.lang.Thread.run(Thread.java:1583)\n\n"}}
[debug] [2026-08-30T04:16:29.515Z] Aug 29, 2026 9:16:29 PM io.gapi.emulators.netty.HttpHandler$1 onError
INFO: Exception when handling request: NOT_FOUND: Document (projects/demo-cadence/databases/(default)/documents/users/qlDhZ12kmzHuJTlQgrMYNm7LaMPD/requests/AMGQ5vYL9rZ7pzZ8lAjB6fJEULw8) not found.
 {"metadata":{"emulator":{"name":"firestore"},"message":"Aug 29, 2026 9:16:29 PM io.gapi.emulators.netty.HttpHandler$1 onError\nINFO: Exception when handling request: NOT_FOUND: Document (projects/demo-cadence/databases/(default)/documents/users/qlDhZ12kmzHuJTlQgrMYNm7LaMPD/requests/AMGQ5vYL9rZ7pzZ8lAjB6fJEULw8) not found.\n"}}
[debug] [2026-08-30T04:16:29.518Z] Aug 29, 2026 9:16:29 PM com.google.cloud.datastore.emulator.impl.util.WrappedStreamObserver onError
WARNING: Operation failed: Document (projects/demo-cadence/databases/(default)/documents/users/AMGQ5vYL9rZ7pzZ8lAjB6fJEULw8/requests/qlDhZ12kmzHuJTlQgrMYNm7LaMPD) not found.
com.google.cloud.datastore.core.exception.DatastoreException: Document (projects/demo-cadence/databases/(default)/documents/users/AMGQ5vYL9rZ7pzZ8lAjB6fJEULw8/requests/qlDhZ12kmzHuJTlQgrMYNm7LaMPD) not found.
	at com.google.cloud.datastore.emulator.impl.firestore.CloudFirestoreV1.getDocument(CloudFirestoreV1.java:335)
	at com.google.cloud.datastore.emulator.impl.firestore.CloudFirestoreV1Router.getDocument(CloudFirestoreV1Router.java:129)
	at com.google.cloud.datastore.emulator.impl.firestore.CloudFirestoreV1Router.getOrListDocuments(CloudFirestoreV1Router.java:123)
	at com.google.cloud.datastore.emulator.firestore.v1.FirestoreV1GrpcAdapter$1.lambda$getOrListDocuments$0(FirestoreV1GrpcAdapter.java:108)
	at com.google.cloud.datastore.emulator.firestore.v1.FirestoreV1GrpcAdapter.unary(FirestoreV1GrpcAdapter.java:72)
	at com.google.cloud.datastore.emulator.firestore.v1.FirestoreV1GrpcAdapter$1.getOrListDocuments(FirestoreV1GrpcAdapter.java:108)
	at com.google.firestore.v1.FirestoreGrpc$MethodHandlers.invoke(FirestoreGrpc.java:1206)
	at io.grpc.stub.ServerCalls$UnaryServerCallHandler$UnaryServerCallListener.onHalfClose(ServerCalls.java:182)
	at io.grpc.PartialForwardingServerCallListener.onHalfClose(PartialForwardingServerCallListener.java:35)
	at io.grpc.ForwardingServerCallListener.onHalfClose(ForwardingServerCallListener.java:23)
	at io.grpc.ForwardingServerCallListener$SimpleForwardingServerCallListener.onHalfClose(ForwardingServerCallListener.java:40)
	at io.grpc.Contexts$ContextualizedServerCallListener.onHalfClose(Contexts.java:86)
	at io.grpc.PartialForwardingServerCallListener.onHalfClose(PartialForwardingServerCallListener.java:35)
	at io.grpc.ForwardingServerCallListener.onHalfClose(ForwardingServerCallListener.java:23)
	at io.grpc.ForwardingServerCallListener$SimpleForwardingServerCallListener.onHalfClose(ForwardingServerCallListener.java:40)
	at io.grpc.Contexts$ContextualizedServerCallListener.onHalfClose(Contexts.java:86)
	at io.grpc.internal.ServerCallImpl$ServerStreamListenerImpl.halfClosed(ServerCallImpl.java:356)
	at io.grpc.internal.ServerImpl$JumpToApplicationThreadServerStreamListener$1HalfClosed.runInContext(ServerImpl.java:861)
	at io.grpc.internal.ContextRunnable.run(ContextRunnable.java:37)
	at io.grpc.internal.SerializingExecutor.run(SerializingExecutor.java:133)
	at java.base/java.util.concurrent.ThreadPoolExecutor.runWorker(ThreadPoolExecutor.java:1144)
	at java.base/java.util.concurrent.ThreadPoolExecutor$Worker.run(ThreadPoolExecutor.java:642)
	at java.base/java.lang.Thread.run(Thread.java:1583)

 {"metadata":{"emulator":{"name":"firestore"},"message":"Aug 29, 2026 9:16:29 PM com.google.cloud.datastore.emulator.impl.util.WrappedStreamObserver onError\nWARNING: Operation failed: Document (projects/demo-cadence/databases/(default)/documents/users/AMGQ5vYL9rZ7pzZ8lAjB6fJEULw8/requests/qlDhZ12kmzHuJTlQgrMYNm7LaMPD) not found.\ncom.google.cloud.datastore.core.exception.DatastoreException: Document (projects/demo-cadence/databases/(default)/documents/users/AMGQ5vYL9rZ7pzZ8lAjB6fJEULw8/requests/qlDhZ12kmzHuJTlQgrMYNm7LaMPD) not found.\n\tat com.google.cloud.datastore.emulator.impl.firestore.CloudFirestoreV1.getDocument(CloudFirestoreV1.java:335)\n\tat com.google.cloud.datastore.emulator.impl.firestore.CloudFirestoreV1Router.getDocument(CloudFirestoreV1Router.java:129)\n\tat com.google.cloud.datastore.emulator.impl.firestore.CloudFirestoreV1Router.getOrListDocuments(CloudFirestoreV1Router.java:123)\n\tat com.google.cloud.datastore.emulator.firestore.v1.FirestoreV1GrpcAdapter$1.lambda$getOrListDocuments$0(FirestoreV1GrpcAdapter.java:108)\n\tat com.google.cloud.datastore.emulator.firestore.v1.FirestoreV1GrpcAdapter.unary(FirestoreV1GrpcAdapter.java:72)\n\tat com.google.cloud.datastore.emulator.firestore.v1.FirestoreV1GrpcAdapter$1.getOrListDocuments(FirestoreV1GrpcAdapter.java:108)\n\tat com.google.firestore.v1.FirestoreGrpc$MethodHandlers.invoke(FirestoreGrpc.java:1206)\n\tat io.grpc.stub.ServerCalls$UnaryServerCallHandler$UnaryServerCallListener.onHalfClose(ServerCalls.java:182)\n\tat io.grpc.PartialForwardingServerCallListener.onHalfClose(PartialForwardingServerCallListener.java:35)\n\tat io.grpc.ForwardingServerCallListener.onHalfClose(ForwardingServerCallListener.java:23)\n\tat io.grpc.ForwardingServerCallListener$SimpleForwardingServerCallListener.onHalfClose(ForwardingServerCallListener.java:40)\n\tat io.grpc.Contexts$ContextualizedServerCallListener.onHalfClose(Contexts.java:86)\n\tat io.grpc.PartialForwardingServerCallListener.onHalfClose(PartialForwardingServerCallListener.java:35)\n\tat io.grpc.ForwardingServerCallListener.onHalfClose(ForwardingServerCallListener.java:23)\n\tat io.grpc.ForwardingServerCallListener$SimpleForwardingServerCallListener.onHalfClose(ForwardingServerCallListener.java:40)\n\tat io.grpc.Contexts$ContextualizedServerCallListener.onHalfClose(Contexts.java:86)\n\tat io.grpc.internal.ServerCallImpl$ServerStreamListenerImpl.halfClosed(ServerCallImpl.java:356)\n\tat io.grpc.internal.ServerImpl$JumpToApplicationThreadServerStreamListener$1HalfClosed.runInContext(ServerImpl.java:861)\n\tat io.grpc.internal.ContextRunnable.run(ContextRunnable.java:37)\n\tat io.grpc.internal.SerializingExecutor.run(SerializingExecutor.java:133)\n\tat java.base/java.util.concurrent.ThreadPoolExecutor.runWorker(ThreadPoolExecutor.java:1144)\n\tat java.base/java.util.concurrent.ThreadPoolExecutor$Worker.run(ThreadPoolExecutor.java:642)\n\tat java.base/java.lang.Thread.run(Thread.java:1583)\n\n"}}
[debug] [2026-08-30T04:16:29.518Z] Aug 29, 2026 9:16:29 PM io.gapi.emulators.netty.HttpHandler$1 onError
INFO: Exception when handling request: NOT_FOUND: Document (projects/demo-cadence/databases/(default)/documents/users/AMGQ5vYL9rZ7pzZ8lAjB6fJEULw8/requests/qlDhZ12kmzHuJTlQgrMYNm7LaMPD) not found.
 {"metadata":{"emulator":{"name":"firestore"},"message":"Aug 29, 2026 9:16:29 PM io.gapi.emulators.netty.HttpHandler$1 onError\nINFO: Exception when handling request: NOT_FOUND: Document (projects/demo-cadence/databases/(default)/documents/users/AMGQ5vYL9rZ7pzZ8lAjB6fJEULw8/requests/qlDhZ12kmzHuJTlQgrMYNm7LaMPD) not found.\n"}}
[debug] [2026-08-30T04:16:32.252Z] Aug 29, 2026 9:16:32 PM io.gapi.emulators.netty.HttpVersionRoutingHandler channelRead
INFO: Detected non-HTTP/2 connection.
 {"metadata":{"emulator":{"name":"firestore"},"message":"Aug 29, 2026 9:16:32 PM io.gapi.emulators.netty.HttpVersionRoutingHandler channelRead\nINFO: Detected non-HTTP/2 connection.\n"}}
[debug] [2026-08-30T04:16:34.711Z] Aug 29, 2026 9:16:34 PM io.gapi.emulators.netty.HttpVersionRoutingHandler channelRead
INFO: Detected non-HTTP/2 connection.
 {"metadata":{"emulator":{"name":"firestore"},"message":"Aug 29, 2026 9:16:34 PM io.gapi.emulators.netty.HttpVersionRoutingHandler channelRead\nINFO: Detected non-HTTP/2 connection.\n"}}
[debug] [2026-08-30T04:16:36.266Z] Aug 29, 2026 9:16:36 PM io.gapi.emulators.netty.HttpVersionRoutingHandler channelRead
INFO: Detected non-HTTP/2 connection.
 {"metadata":{"emulator":{"name":"firestore"},"message":"Aug 29, 2026 9:16:36 PM io.gapi.emulators.netty.HttpVersionRoutingHandler channelRead\nINFO: Detected non-HTTP/2 connection.\n"}}
[debug] [2026-08-30T04:16:36.273Z] Aug 29, 2026 9:16:36 PM io.gapi.emulators.netty.HttpVersionRoutingHandler channelRead
INFO: Detected non-HTTP/2 connection.
Aug 29, 2026 9:16:36 PM io.gapi.emulators.netty.HttpVersionRoutingHandler channelRead
INFO: Detected non-HTTP/2 connection.
Aug 29, 2026 9:16:36 PM io.gapi.emulators.netty.HttpVersionRoutingHandler channelRead
INFO: Detected non-HTTP/2 connection.
 {"metadata":{"emulator":{"name":"firestore"},"message":"Aug 29, 2026 9:16:36 PM io.gapi.emulators.netty.HttpVersionRoutingHandler channelRead\nINFO: Detected non-HTTP/2 connection.\nAug 29, 2026 9:16:36 PM io.gapi.emulators.netty.HttpVersionRoutingHandler channelRead\nINFO: Detected non-HTTP/2 connection.\nAug 29, 2026 9:16:36 PM io.gapi.emulators.netty.HttpVersionRoutingHandler channelRead\nINFO: Detected non-HTTP/2 connection.\n"}}
[debug] [2026-08-30T04:16:41.641Z] Aug 29, 2026 9:16:41 PM io.gapi.emulators.netty.HttpVersionRoutingHandler channelRead
INFO: Detected non-HTTP/2 connection.
 {"metadata":{"emulator":{"name":"firestore"},"message":"Aug 29, 2026 9:16:41 PM io.gapi.emulators.netty.HttpVersionRoutingHandler channelRead\nINFO: Detected non-HTTP/2 connection.\n"}}
[debug] [2026-08-30T04:16:41.648Z] Aug 29, 2026 9:16:41 PM io.gapi.emulators.netty.HttpVersionRoutingHandler channelRead
INFO: Detected non-HTTP/2 connection.
 {"metadata":{"emulator":{"name":"firestore"},"message":"Aug 29, 2026 9:16:41 PM io.gapi.emulators.netty.HttpVersionRoutingHandler channelRead\nINFO: Detected non-HTTP/2 connection.\n"}}
[debug] [2026-08-30T04:16:41.648Z] Aug 29, 2026 9:16:41 PM io.gapi.emulators.netty.HttpVersionRoutingHandler channelRead
INFO: Detected non-HTTP/2 connection.
 {"metadata":{"emulator":{"name":"firestore"},"message":"Aug 29, 2026 9:16:41 PM io.gapi.emulators.netty.HttpVersionRoutingHandler channelRead\nINFO: Detected non-HTTP/2 connection.\n"}}
[debug] [2026-08-30T04:16:41.648Z] Aug 29, 2026 9:16:41 PM io.gapi.emulators.netty.HttpVersionRoutingHandler channelRead
INFO: Detected non-HTTP/2 connection.
 {"metadata":{"emulator":{"name":"firestore"},"message":"Aug 29, 2026 9:16:41 PM io.gapi.emulators.netty.HttpVersionRoutingHandler channelRead\nINFO: Detected non-HTTP/2 connection.\n"}}
[debug] [2026-08-30T04:16:48.353Z] Aug 29, 2026 9:16:48 PM io.gapi.emulators.netty.HttpVersionRoutingHandler channelRead
INFO: Detected non-HTTP/2 connection.
 {"metadata":{"emulator":{"name":"firestore"},"message":"Aug 29, 2026 9:16:48 PM io.gapi.emulators.netty.HttpVersionRoutingHandler channelRead\nINFO: Detected non-HTTP/2 connection.\n"}}
[debug] [2026-08-30T04:16:48.364Z] Aug 29, 2026 9:16:48 PM io.gapi.emulators.netty.HttpVersionRoutingHandler channelRead
INFO: Detected non-HTTP/2 connection.
Aug 29, 2026 9:16:48 PM io.gapi.emulators.netty.HttpVersionRoutingHandler channelRead
INFO: Detected non-HTTP/2 connection.
 {"metadata":{"emulator":{"name":"firestore"},"message":"Aug 29, 2026 9:16:48 PM io.gapi.emulators.netty.HttpVersionRoutingHandler channelRead\nINFO: Detected non-HTTP/2 connection.\nAug 29, 2026 9:16:48 PM io.gapi.emulators.netty.HttpVersionRoutingHandler channelRead\nINFO: Detected non-HTTP/2 connection.\n"}}
[debug] [2026-08-30T04:16:48.364Z] Aug 29, 2026 9:16:48 PM io.gapi.emulators.netty.HttpVersionRoutingHandler channelRead
INFO: Detected non-HTTP/2 connection.
 {"metadata":{"emulator":{"name":"firestore"},"message":"Aug 29, 2026 9:16:48 PM io.gapi.emulators.netty.HttpVersionRoutingHandler channelRead\nINFO: Detected non-HTTP/2 connection.\n"}}
[debug] [2026-08-30T04:16:48.369Z] Aug 29, 2026 9:16:48 PM io.gapi.emulators.netty.HttpVersionRoutingHandler channelRead
INFO: Detected non-HTTP/2 connection.
 {"metadata":{"emulator":{"name":"firestore"},"message":"Aug 29, 2026 9:16:48 PM io.gapi.emulators.netty.HttpVersionRoutingHandler channelRead\nINFO: Detected non-HTTP/2 connection.\n"}}
[debug] [2026-08-30T04:17:11.305Z] Aug 29, 2026 9:17:11 PM io.gapi.emulators.netty.HttpVersionRoutingHandler channelRead
INFO: Detected non-HTTP/2 connection.
 {"metadata":{"emulator":{"name":"firestore"},"message":"Aug 29, 2026 9:17:11 PM io.gapi.emulators.netty.HttpVersionRoutingHandler channelRead\nINFO: Detected non-HTTP/2 connection.\n"}}
[debug] [2026-08-30T04:17:11.307Z] Aug 29, 2026 9:17:11 PM io.gapi.emulators.netty.HttpVersionRoutingHandler channelRead
INFO: Detected non-HTTP/2 connection.
Aug 29, 2026 9:17:11 PM io.gapi.emulators.netty.HttpVersionRoutingHandler channelRead
INFO: Detected non-HTTP/2 connection.
Aug 29, 2026 9:17:11 PM io.gapi.emulators.netty.HttpVersionRoutingHandler channelRead
INFO: Detected non-HTTP/2 connection.
 {"metadata":{"emulator":{"name":"firestore"},"message":"Aug 29, 2026 9:17:11 PM io.gapi.emulators.netty.HttpVersionRoutingHandler channelRead\nINFO: Detected non-HTTP/2 connection.\nAug 29, 2026 9:17:11 PM io.gapi.emulators.netty.HttpVersionRoutingHandler channelRead\nINFO: Detected non-HTTP/2 connection.\nAug 29, 2026 9:17:11 PM io.gapi.emulators.netty.HttpVersionRoutingHandler channelRead\nINFO: Detected non-HTTP/2 connection.\n"}}
[debug] [2026-08-30T04:17:11.332Z] Aug 29, 2026 9:17:11 PM io.gapi.emulators.netty.HttpVersionRoutingHandler channelRead
INFO: Detected non-HTTP/2 connection.
 {"metadata":{"emulator":{"name":"firestore"},"message":"Aug 29, 2026 9:17:11 PM io.gapi.emulators.netty.HttpVersionRoutingHandler channelRead\nINFO: Detected non-HTTP/2 connection.\n"}}
[debug] [2026-08-30T04:17:11.333Z] Aug 29, 2026 9:17:11 PM io.gapi.emulators.netty.HttpVersionRoutingHandler channelRead
INFO: Detected non-HTTP/2 connection.
Aug 29, 2026 9:17:11 PM io.gapi.emulators.netty.HttpVersionRoutingHandler channelRead
INFO: Detected non-HTTP/2 connection.
 {"metadata":{"emulator":{"name":"firestore"},"message":"Aug 29, 2026 9:17:11 PM io.gapi.emulators.netty.HttpVersionRoutingHandler channelRead\nINFO: Detected non-HTTP/2 connection.\nAug 29, 2026 9:17:11 PM io.gapi.emulators.netty.HttpVersionRoutingHandler channelRead\nINFO: Detected non-HTTP/2 connection.\n"}}
[debug] [2026-08-30T04:17:44.598Z] Received signal SIGTERM 1
[info]  
[info] i  emulators: Received SIGTERM for the first time. Starting a clean shutdown. 
[info] i  emulators: Please wait for a clean shutdown or send the SIGTERM signal again to stop right now. 
[info] i  emulators: Shutting down emulators. {"metadata":{"emulator":{"name":"hub"},"message":"Shutting down emulators."}}
[info] i  firestore: Stopping Firestore Emulator {"metadata":{"emulator":{"name":"firestore"},"message":"Stopping Firestore Emulator"}}
[debug] [2026-08-30T04:17:44.607Z] *** shutting down gRPC server since JVM is shutting down
 {"metadata":{"emulator":{"name":"firestore"},"message":"*** shutting down gRPC server since JVM is shutting down\n"}}
[debug] [2026-08-30T04:17:44.614Z] *** server shut down
 {"metadata":{"emulator":{"name":"firestore"},"message":"*** server shut down\n"}}
